ISO-10303-21;
HEADER;
/* Generated by software containing ST-Developer
 * from STEP Tools, Inc. (www.steptools.com) 
 */

FILE_DESCRIPTION(
/* description */ (''),
/* implementation_level */ '2;1');

FILE_NAME(
/* name */ 'BO DC Motor.step',
/* time_stamp */ '2026-07-19T12:00:52+05:30',
/* author */ (''),
/* organization */ (''),
/* preprocessor_version */ 'ST-DEVELOPER v20.1',
/* originating_system */ 'Autodesk Translation Framework v15.8.0.0',
/* authorisation */ '');

FILE_SCHEMA (('AUTOMOTIVE_DESIGN { 1 0 10303 214 3 1 1 }'));
ENDSEC;

DATA;
#10=MECHANICAL_DESIGN_GEOMETRIC_PRESENTATION_REPRESENTATION('',(#37,#38,
#39,#40,#41,#42,#43,#44),#4585);
#11=ITEM_DEFINED_TRANSFORMATION($,$,#2800,#3028);
#12=ITEM_DEFINED_TRANSFORMATION($,$,#2830,#3029);
#13=ITEM_DEFINED_TRANSFORMATION($,$,#2918,#3030);
#14=ITEM_DEFINED_TRANSFORMATION($,$,#2972,#3031);
#15=(
REPRESENTATION_RELATIONSHIP($,$,#4605,#4604)
REPRESENTATION_RELATIONSHIP_WITH_TRANSFORMATION(#11)
SHAPE_REPRESENTATION_RELATIONSHIP()
);
#16=(
REPRESENTATION_RELATIONSHIP($,$,#4606,#4604)
REPRESENTATION_RELATIONSHIP_WITH_TRANSFORMATION(#12)
SHAPE_REPRESENTATION_RELATIONSHIP()
);
#17=(
REPRESENTATION_RELATIONSHIP($,$,#4607,#4604)
REPRESENTATION_RELATIONSHIP_WITH_TRANSFORMATION(#13)
SHAPE_REPRESENTATION_RELATIONSHIP()
);
#18=(
REPRESENTATION_RELATIONSHIP($,$,#4608,#4604)
REPRESENTATION_RELATIONSHIP_WITH_TRANSFORMATION(#14)
SHAPE_REPRESENTATION_RELATIONSHIP()
);
#19=CONTEXT_DEPENDENT_SHAPE_REPRESENTATION(#15,#4600);
#20=CONTEXT_DEPENDENT_SHAPE_REPRESENTATION(#16,#4601);
#21=CONTEXT_DEPENDENT_SHAPE_REPRESENTATION(#17,#4602);
#22=CONTEXT_DEPENDENT_SHAPE_REPRESENTATION(#18,#4603);
#23=NEXT_ASSEMBLY_USAGE_OCCURRENCE('Motor Shaft:1','Motor Shaft:1',
'Motor Shaft:1',#4610,#4611,'Motor Shaft:1');
#24=NEXT_ASSEMBLY_USAGE_OCCURRENCE('Motor Casing:1','Motor Casing:1',
'Motor Casing:1',#4610,#4612,'Motor Casing:1');
#25=NEXT_ASSEMBLY_USAGE_OCCURRENCE('Driving Motor:1','Driving Motor:1',
'Driving Motor:1',#4610,#4613,'Driving Motor:1');
#26=NEXT_ASSEMBLY_USAGE_OCCURRENCE('Fasteners:1','Fasteners:1',
'Fasteners:1',#4610,#4614,'Fasteners:1');
#27=CONICAL_SURFACE('',#2837,2.005,0.785398163397452);
#28=TOROIDAL_SURFACE('',#2831,3.05,0.15);
#29=SHAPE_REPRESENTATION_RELATIONSHIP('SRR','None',#4605,#33);
#30=SHAPE_REPRESENTATION_RELATIONSHIP('SRR','None',#4606,#34);
#31=SHAPE_REPRESENTATION_RELATIONSHIP('SRR','None',#4607,#35);
#32=SHAPE_REPRESENTATION_RELATIONSHIP('SRR','None',#4608,#36);
#33=ADVANCED_BREP_SHAPE_REPRESENTATION('',(#45),#4581);
#34=ADVANCED_BREP_SHAPE_REPRESENTATION('',(#46),#4582);
#35=ADVANCED_BREP_SHAPE_REPRESENTATION('',(#47,#48,#49,#50),#4583);
#36=ADVANCED_BREP_SHAPE_REPRESENTATION('',(#51,#52),#4584);
#37=STYLED_ITEM('',(#4634),#45);
#38=STYLED_ITEM('',(#4635),#46);
#39=STYLED_ITEM('',(#4636),#47);
#40=STYLED_ITEM('',(#4637),#48);
#41=STYLED_ITEM('',(#4638),#49);
#42=STYLED_ITEM('',(#4639),#50);
#43=STYLED_ITEM('',(#4640),#51);
#44=STYLED_ITEM('',(#4641),#52);
#45=MANIFOLD_SOLID_BREP('Body1',#2746);
#46=MANIFOLD_SOLID_BREP('Body1',#2747);
#47=MANIFOLD_SOLID_BREP('Body1',#2748);
#48=MANIFOLD_SOLID_BREP('Body2',#2749);
#49=MANIFOLD_SOLID_BREP('Body3',#2750);
#50=MANIFOLD_SOLID_BREP('Body4',#2751);
#51=MANIFOLD_SOLID_BREP('Body1',#2752);
#52=MANIFOLD_SOLID_BREP('Body2',#2753);
#53=FACE_BOUND('',#361,.T.);
#54=FACE_BOUND('',#368,.T.);
#55=FACE_BOUND('',#371,.T.);
#56=FACE_BOUND('',#381,.T.);
#57=FACE_BOUND('',#383,.T.);
#58=FACE_BOUND('',#384,.T.);
#59=FACE_BOUND('',#385,.T.);
#60=FACE_BOUND('',#386,.T.);
#61=FACE_BOUND('',#402,.T.);
#62=FACE_BOUND('',#412,.T.);
#63=FACE_BOUND('',#415,.T.);
#64=FACE_BOUND('',#420,.T.);
#65=FACE_BOUND('',#425,.T.);
#66=FACE_BOUND('',#429,.T.);
#67=FACE_BOUND('',#436,.T.);
#68=FACE_BOUND('',#437,.T.);
#69=FACE_BOUND('',#438,.T.);
#70=FACE_BOUND('',#439,.T.);
#71=FACE_BOUND('',#454,.T.);
#72=FACE_BOUND('',#455,.T.);
#73=FACE_BOUND('',#457,.T.);
#74=FACE_BOUND('',#478,.T.);
#75=FACE_BOUND('',#479,.T.);
#76=FACE_BOUND('',#481,.T.);
#77=FACE_BOUND('',#482,.T.);
#78=FACE_BOUND('',#494,.T.);
#79=FACE_BOUND('',#497,.T.);
#80=FACE_BOUND('',#500,.T.);
#81=FACE_BOUND('',#505,.T.);
#82=FACE_BOUND('',#529,.T.);
#83=FACE_BOUND('',#532,.T.);
#84=PLANE('',#2804);
#85=PLANE('',#2808);
#86=PLANE('',#2809);
#87=PLANE('',#2810);
#88=PLANE('',#2812);
#89=PLANE('',#2813);
#90=PLANE('',#2815);
#91=PLANE('',#2819);
#92=PLANE('',#2820);
#93=PLANE('',#2822);
#94=PLANE('',#2823);
#95=PLANE('',#2829);
#96=PLANE('',#2835);
#97=PLANE('',#2842);
#98=PLANE('',#2846);
#99=PLANE('',#2850);
#100=PLANE('',#2854);
#101=PLANE('',#2855);
#102=PLANE('',#2862);
#103=PLANE('',#2863);
#104=PLANE('',#2864);
#105=PLANE('',#2865);
#106=PLANE('',#2866);
#107=PLANE('',#2867);
#108=PLANE('',#2868);
#109=PLANE('',#2869);
#110=PLANE('',#2870);
#111=PLANE('',#2871);
#112=PLANE('',#2872);
#113=PLANE('',#2873);
#114=PLANE('',#2874);
#115=PLANE('',#2875);
#116=PLANE('',#2876);
#117=PLANE('',#2877);
#118=PLANE('',#2878);
#119=PLANE('',#2879);
#120=PLANE('',#2880);
#121=PLANE('',#2881);
#122=PLANE('',#2882);
#123=PLANE('',#2883);
#124=PLANE('',#2884);
#125=PLANE('',#2888);
#126=PLANE('',#2900);
#127=PLANE('',#2901);
#128=PLANE('',#2902);
#129=PLANE('',#2903);
#130=PLANE('',#2904);
#131=PLANE('',#2908);
#132=PLANE('',#2909);
#133=PLANE('',#2915);
#134=PLANE('',#2916);
#135=PLANE('',#2917);
#136=PLANE('',#2919);
#137=PLANE('',#2922);
#138=PLANE('',#2925);
#139=PLANE('',#2928);
#140=PLANE('',#2929);
#141=PLANE('',#2930);
#142=PLANE('',#2931);
#143=PLANE('',#2932);
#144=PLANE('',#2936);
#145=PLANE('',#2940);
#146=PLANE('',#2941);
#147=PLANE('',#2944);
#148=PLANE('',#2945);
#149=PLANE('',#2948);
#150=PLANE('',#2950);
#151=PLANE('',#2952);
#152=PLANE('',#2953);
#153=PLANE('',#2954);
#154=PLANE('',#2955);
#155=PLANE('',#2956);
#156=PLANE('',#2957);
#157=PLANE('',#2958);
#158=PLANE('',#2959);
#159=PLANE('',#2960);
#160=PLANE('',#2961);
#161=PLANE('',#2962);
#162=PLANE('',#2963);
#163=PLANE('',#2964);
#164=PLANE('',#2965);
#165=PLANE('',#2966);
#166=PLANE('',#2970);
#167=PLANE('',#2971);
#168=PLANE('',#2973);
#169=PLANE('',#2974);
#170=PLANE('',#2975);
#171=PLANE('',#2976);
#172=PLANE('',#2977);
#173=PLANE('',#2978);
#174=PLANE('',#2982);
#175=PLANE('',#2986);
#176=PLANE('',#2993);
#177=PLANE('',#2994);
#178=PLANE('',#2998);
#179=PLANE('',#2999);
#180=PLANE('',#3000);
#181=PLANE('',#3001);
#182=PLANE('',#3002);
#183=PLANE('',#3003);
#184=PLANE('',#3004);
#185=PLANE('',#3005);
#186=PLANE('',#3006);
#187=PLANE('',#3007);
#188=PLANE('',#3008);
#189=PLANE('',#3013);
#190=PLANE('',#3016);
#191=PLANE('',#3017);
#192=PLANE('',#3018);
#193=PLANE('',#3019);
#194=PLANE('',#3020);
#195=PLANE('',#3021);
#196=PLANE('',#3022);
#197=PLANE('',#3023);
#198=PLANE('',#3024);
#199=PLANE('',#3025);
#200=PLANE('',#3026);
#201=PLANE('',#3027);
#202=FACE_OUTER_BOUND('',#352,.T.);
#203=FACE_OUTER_BOUND('',#353,.T.);
#204=FACE_OUTER_BOUND('',#354,.T.);
#205=FACE_OUTER_BOUND('',#355,.T.);
#206=FACE_OUTER_BOUND('',#356,.T.);
#207=FACE_OUTER_BOUND('',#357,.T.);
#208=FACE_OUTER_BOUND('',#358,.T.);
#209=FACE_OUTER_BOUND('',#359,.T.);
#210=FACE_OUTER_BOUND('',#360,.T.);
#211=FACE_OUTER_BOUND('',#362,.T.);
#212=FACE_OUTER_BOUND('',#363,.T.);
#213=FACE_OUTER_BOUND('',#364,.T.);
#214=FACE_OUTER_BOUND('',#365,.T.);
#215=FACE_OUTER_BOUND('',#366,.T.);
#216=FACE_OUTER_BOUND('',#367,.T.);
#217=FACE_OUTER_BOUND('',#369,.T.);
#218=FACE_OUTER_BOUND('',#370,.T.);
#219=FACE_OUTER_BOUND('',#372,.T.);
#220=FACE_OUTER_BOUND('',#373,.T.);
#221=FACE_OUTER_BOUND('',#374,.T.);
#222=FACE_OUTER_BOUND('',#375,.T.);
#223=FACE_OUTER_BOUND('',#376,.T.);
#224=FACE_OUTER_BOUND('',#377,.T.);
#225=FACE_OUTER_BOUND('',#378,.T.);
#226=FACE_OUTER_BOUND('',#379,.T.);
#227=FACE_OUTER_BOUND('',#380,.T.);
#228=FACE_OUTER_BOUND('',#382,.T.);
#229=FACE_OUTER_BOUND('',#387,.T.);
#230=FACE_OUTER_BOUND('',#388,.T.);
#231=FACE_OUTER_BOUND('',#389,.T.);
#232=FACE_OUTER_BOUND('',#390,.T.);
#233=FACE_OUTER_BOUND('',#391,.T.);
#234=FACE_OUTER_BOUND('',#392,.T.);
#235=FACE_OUTER_BOUND('',#393,.T.);
#236=FACE_OUTER_BOUND('',#394,.T.);
#237=FACE_OUTER_BOUND('',#395,.T.);
#238=FACE_OUTER_BOUND('',#396,.T.);
#239=FACE_OUTER_BOUND('',#397,.T.);
#240=FACE_OUTER_BOUND('',#398,.T.);
#241=FACE_OUTER_BOUND('',#399,.T.);
#242=FACE_OUTER_BOUND('',#400,.T.);
#243=FACE_OUTER_BOUND('',#401,.T.);
#244=FACE_OUTER_BOUND('',#403,.T.);
#245=FACE_OUTER_BOUND('',#404,.T.);
#246=FACE_OUTER_BOUND('',#405,.T.);
#247=FACE_OUTER_BOUND('',#406,.T.);
#248=FACE_OUTER_BOUND('',#407,.T.);
#249=FACE_OUTER_BOUND('',#408,.T.);
#250=FACE_OUTER_BOUND('',#409,.T.);
#251=FACE_OUTER_BOUND('',#410,.T.);
#252=FACE_OUTER_BOUND('',#411,.T.);
#253=FACE_OUTER_BOUND('',#413,.T.);
#254=FACE_OUTER_BOUND('',#414,.T.);
#255=FACE_OUTER_BOUND('',#416,.T.);
#256=FACE_OUTER_BOUND('',#417,.T.);
#257=FACE_OUTER_BOUND('',#418,.T.);
#258=FACE_OUTER_BOUND('',#419,.T.);
#259=FACE_OUTER_BOUND('',#421,.T.);
#260=FACE_OUTER_BOUND('',#422,.T.);
#261=FACE_OUTER_BOUND('',#423,.T.);
#262=FACE_OUTER_BOUND('',#424,.T.);
#263=FACE_OUTER_BOUND('',#426,.T.);
#264=FACE_OUTER_BOUND('',#427,.T.);
#265=FACE_OUTER_BOUND('',#428,.T.);
#266=FACE_OUTER_BOUND('',#430,.T.);
#267=FACE_OUTER_BOUND('',#431,.T.);
#268=FACE_OUTER_BOUND('',#432,.T.);
#269=FACE_OUTER_BOUND('',#433,.T.);
#270=FACE_OUTER_BOUND('',#434,.T.);
#271=FACE_OUTER_BOUND('',#435,.T.);
#272=FACE_OUTER_BOUND('',#440,.T.);
#273=FACE_OUTER_BOUND('',#441,.T.);
#274=FACE_OUTER_BOUND('',#442,.T.);
#275=FACE_OUTER_BOUND('',#443,.T.);
#276=FACE_OUTER_BOUND('',#444,.T.);
#277=FACE_OUTER_BOUND('',#445,.T.);
#278=FACE_OUTER_BOUND('',#446,.T.);
#279=FACE_OUTER_BOUND('',#447,.T.);
#280=FACE_OUTER_BOUND('',#448,.T.);
#281=FACE_OUTER_BOUND('',#449,.T.);
#282=FACE_OUTER_BOUND('',#450,.T.);
#283=FACE_OUTER_BOUND('',#451,.T.);
#284=FACE_OUTER_BOUND('',#452,.T.);
#285=FACE_OUTER_BOUND('',#453,.T.);
#286=FACE_OUTER_BOUND('',#456,.T.);
#287=FACE_OUTER_BOUND('',#458,.T.);
#288=FACE_OUTER_BOUND('',#459,.T.);
#289=FACE_OUTER_BOUND('',#460,.T.);
#290=FACE_OUTER_BOUND('',#461,.T.);
#291=FACE_OUTER_BOUND('',#462,.T.);
#292=FACE_OUTER_BOUND('',#463,.T.);
#293=FACE_OUTER_BOUND('',#464,.T.);
#294=FACE_OUTER_BOUND('',#465,.T.);
#295=FACE_OUTER_BOUND('',#466,.T.);
#296=FACE_OUTER_BOUND('',#467,.T.);
#297=FACE_OUTER_BOUND('',#468,.T.);
#298=FACE_OUTER_BOUND('',#469,.T.);
#299=FACE_OUTER_BOUND('',#470,.T.);
#300=FACE_OUTER_BOUND('',#471,.T.);
#301=FACE_OUTER_BOUND('',#472,.T.);
#302=FACE_OUTER_BOUND('',#473,.T.);
#303=FACE_OUTER_BOUND('',#474,.T.);
#304=FACE_OUTER_BOUND('',#475,.T.);
#305=FACE_OUTER_BOUND('',#476,.T.);
#306=FACE_OUTER_BOUND('',#477,.T.);
#307=FACE_OUTER_BOUND('',#480,.T.);
#308=FACE_OUTER_BOUND('',#483,.T.);
#309=FACE_OUTER_BOUND('',#484,.T.);
#310=FACE_OUTER_BOUND('',#485,.T.);
#311=FACE_OUTER_BOUND('',#486,.T.);
#312=FACE_OUTER_BOUND('',#487,.T.);
#313=FACE_OUTER_BOUND('',#488,.T.);
#314=FACE_OUTER_BOUND('',#489,.T.);
#315=FACE_OUTER_BOUND('',#490,.T.);
#316=FACE_OUTER_BOUND('',#491,.T.);
#317=FACE_OUTER_BOUND('',#492,.T.);
#318=FACE_OUTER_BOUND('',#493,.T.);
#319=FACE_OUTER_BOUND('',#495,.T.);
#320=FACE_OUTER_BOUND('',#496,.T.);
#321=FACE_OUTER_BOUND('',#498,.T.);
#322=FACE_OUTER_BOUND('',#499,.T.);
#323=FACE_OUTER_BOUND('',#501,.T.);
#324=FACE_OUTER_BOUND('',#502,.T.);
#325=FACE_OUTER_BOUND('',#503,.T.);
#326=FACE_OUTER_BOUND('',#504,.T.);
#327=FACE_OUTER_BOUND('',#506,.T.);
#328=FACE_OUTER_BOUND('',#507,.T.);
#329=FACE_OUTER_BOUND('',#508,.T.);
#330=FACE_OUTER_BOUND('',#509,.T.);
#331=FACE_OUTER_BOUND('',#510,.T.);
#332=FACE_OUTER_BOUND('',#511,.T.);
#333=FACE_OUTER_BOUND('',#512,.T.);
#334=FACE_OUTER_BOUND('',#513,.T.);
#335=FACE_OUTER_BOUND('',#514,.T.);
#336=FACE_OUTER_BOUND('',#515,.T.);
#337=FACE_OUTER_BOUND('',#516,.T.);
#338=FACE_OUTER_BOUND('',#517,.T.);
#339=FACE_OUTER_BOUND('',#518,.T.);
#340=FACE_OUTER_BOUND('',#519,.T.);
#341=FACE_OUTER_BOUND('',#520,.T.);
#342=FACE_OUTER_BOUND('',#521,.T.);
#343=FACE_OUTER_BOUND('',#522,.T.);
#344=FACE_OUTER_BOUND('',#523,.T.);
#345=FACE_OUTER_BOUND('',#524,.T.);
#346=FACE_OUTER_BOUND('',#525,.T.);
#347=FACE_OUTER_BOUND('',#526,.T.);
#348=FACE_OUTER_BOUND('',#527,.T.);
#349=FACE_OUTER_BOUND('',#528,.T.);
#350=FACE_OUTER_BOUND('',#530,.T.);
#351=FACE_OUTER_BOUND('',#531,.T.);
#352=EDGE_LOOP('',(#1822,#1823,#1824,#1825));
#353=EDGE_LOOP('',(#1826));
#354=EDGE_LOOP('',(#1827,#1828,#1829,#1830));
#355=EDGE_LOOP('',(#1831));
#356=EDGE_LOOP('',(#1832,#1833,#1834,#1835));
#357=EDGE_LOOP('',(#1836,#1837));
#358=EDGE_LOOP('',(#1838,#1839,#1840,#1841));
#359=EDGE_LOOP('',(#1842,#1843));
#360=EDGE_LOOP('',(#1844,#1845,#1846,#1847,#1848));
#361=EDGE_LOOP('',(#1849));
#362=EDGE_LOOP('',(#1850,#1851,#1852,#1853));
#363=EDGE_LOOP('',(#1854,#1855));
#364=EDGE_LOOP('',(#1856,#1857,#1858,#1859));
#365=EDGE_LOOP('',(#1860,#1861));
#366=EDGE_LOOP('',(#1862,#1863,#1864,#1865,#1866,#1867,#1868,#1869,#1870,
#1871,#1872,#1873,#1874,#1875,#1876,#1877,#1878,#1879,#1880,#1881));
#367=EDGE_LOOP('',(#1882,#1883,#1884,#1885,#1886));
#368=EDGE_LOOP('',(#1887));
#369=EDGE_LOOP('',(#1888,#1889,#1890,#1891));
#370=EDGE_LOOP('',(#1892));
#371=EDGE_LOOP('',(#1893));
#372=EDGE_LOOP('',(#1894,#1895,#1896,#1897));
#373=EDGE_LOOP('',(#1898,#1899,#1900,#1901));
#374=EDGE_LOOP('',(#1902));
#375=EDGE_LOOP('',(#1903,#1904,#1905,#1906));
#376=EDGE_LOOP('',(#1907,#1908,#1909,#1910));
#377=EDGE_LOOP('',(#1911,#1912,#1913,#1914));
#378=EDGE_LOOP('',(#1915,#1916,#1917,#1918));
#379=EDGE_LOOP('',(#1919,#1920,#1921,#1922));
#380=EDGE_LOOP('',(#1923,#1924,#1925,#1926));
#381=EDGE_LOOP('',(#1927,#1928,#1929,#1930));
#382=EDGE_LOOP('',(#1931,#1932,#1933,#1934,#1935,#1936,#1937,#1938,#1939,
#1940));
#383=EDGE_LOOP('',(#1941,#1942,#1943,#1944,#1945,#1946,#1947,#1948));
#384=EDGE_LOOP('',(#1949));
#385=EDGE_LOOP('',(#1950));
#386=EDGE_LOOP('',(#1951));
#387=EDGE_LOOP('',(#1952,#1953,#1954,#1955));
#388=EDGE_LOOP('',(#1956,#1957,#1958,#1959,#1960));
#389=EDGE_LOOP('',(#1961,#1962,#1963,#1964,#1965,#1966));
#390=EDGE_LOOP('',(#1967,#1968,#1969,#1970));
#391=EDGE_LOOP('',(#1971,#1972,#1973,#1974));
#392=EDGE_LOOP('',(#1975,#1976,#1977,#1978));
#393=EDGE_LOOP('',(#1979,#1980,#1981,#1982));
#394=EDGE_LOOP('',(#1983,#1984,#1985,#1986,#1987,#1988));
#395=EDGE_LOOP('',(#1989,#1990,#1991,#1992,#1993,#1994));
#396=EDGE_LOOP('',(#1995,#1996,#1997,#1998));
#397=EDGE_LOOP('',(#1999,#2000,#2001,#2002));
#398=EDGE_LOOP('',(#2003,#2004,#2005,#2006));
#399=EDGE_LOOP('',(#2007,#2008,#2009,#2010));
#400=EDGE_LOOP('',(#2011,#2012,#2013,#2014,#2015,#2016));
#401=EDGE_LOOP('',(#2017,#2018,#2019,#2020));
#402=EDGE_LOOP('',(#2021,#2022,#2023,#2024,#2025,#2026,#2027,#2028));
#403=EDGE_LOOP('',(#2029,#2030,#2031,#2032,#2033,#2034,#2035,#2036));
#404=EDGE_LOOP('',(#2037,#2038,#2039,#2040,#2041,#2042,#2043,#2044));
#405=EDGE_LOOP('',(#2045,#2046,#2047,#2048));
#406=EDGE_LOOP('',(#2049,#2050,#2051,#2052));
#407=EDGE_LOOP('',(#2053,#2054,#2055,#2056));
#408=EDGE_LOOP('',(#2057,#2058,#2059,#2060));
#409=EDGE_LOOP('',(#2061,#2062,#2063,#2064));
#410=EDGE_LOOP('',(#2065,#2066,#2067,#2068));
#411=EDGE_LOOP('',(#2069,#2070,#2071,#2072));
#412=EDGE_LOOP('',(#2073,#2074,#2075,#2076));
#413=EDGE_LOOP('',(#2077,#2078,#2079,#2080));
#414=EDGE_LOOP('',(#2081,#2082,#2083,#2084));
#415=EDGE_LOOP('',(#2085,#2086,#2087,#2088));
#416=EDGE_LOOP('',(#2089,#2090,#2091,#2092));
#417=EDGE_LOOP('',(#2093,#2094,#2095,#2096,#2097));
#418=EDGE_LOOP('',(#2098,#2099,#2100,#2101,#2102));
#419=EDGE_LOOP('',(#2103,#2104,#2105,#2106));
#420=EDGE_LOOP('',(#2107,#2108,#2109,#2110));
#421=EDGE_LOOP('',(#2111,#2112,#2113));
#422=EDGE_LOOP('',(#2114,#2115,#2116));
#423=EDGE_LOOP('',(#2117,#2118,#2119,#2120));
#424=EDGE_LOOP('',(#2121,#2122,#2123,#2124,#2125,#2126));
#425=EDGE_LOOP('',(#2127));
#426=EDGE_LOOP('',(#2128,#2129,#2130,#2131));
#427=EDGE_LOOP('',(#2132,#2133,#2134,#2135));
#428=EDGE_LOOP('',(#2136,#2137,#2138,#2139,#2140,#2141));
#429=EDGE_LOOP('',(#2142));
#430=EDGE_LOOP('',(#2143,#2144,#2145,#2146));
#431=EDGE_LOOP('',(#2147,#2148,#2149,#2150));
#432=EDGE_LOOP('',(#2151,#2152,#2153,#2154));
#433=EDGE_LOOP('',(#2155,#2156,#2157,#2158,#2159,#2160));
#434=EDGE_LOOP('',(#2161,#2162,#2163,#2164,#2165));
#435=EDGE_LOOP('',(#2166,#2167,#2168,#2169,#2170,#2171));
#436=EDGE_LOOP('',(#2172));
#437=EDGE_LOOP('',(#2173));
#438=EDGE_LOOP('',(#2174));
#439=EDGE_LOOP('',(#2175));
#440=EDGE_LOOP('',(#2176,#2177,#2178,#2179));
#441=EDGE_LOOP('',(#2180,#2181,#2182,#2183));
#442=EDGE_LOOP('',(#2184,#2185,#2186,#2187));
#443=EDGE_LOOP('',(#2188,#2189,#2190,#2191));
#444=EDGE_LOOP('',(#2192,#2193,#2194,#2195));
#445=EDGE_LOOP('',(#2196,#2197,#2198,#2199));
#446=EDGE_LOOP('',(#2200,#2201,#2202,#2203));
#447=EDGE_LOOP('',(#2204,#2205,#2206,#2207));
#448=EDGE_LOOP('',(#2208,#2209,#2210,#2211));
#449=EDGE_LOOP('',(#2212,#2213,#2214,#2215));
#450=EDGE_LOOP('',(#2216,#2217,#2218,#2219));
#451=EDGE_LOOP('',(#2220,#2221,#2222,#2223));
#452=EDGE_LOOP('',(#2224,#2225,#2226,#2227));
#453=EDGE_LOOP('',(#2228,#2229));
#454=EDGE_LOOP('',(#2230));
#455=EDGE_LOOP('',(#2231,#2232,#2233,#2234));
#456=EDGE_LOOP('',(#2235,#2236,#2237,#2238));
#457=EDGE_LOOP('',(#2239,#2240));
#458=EDGE_LOOP('',(#2241));
#459=EDGE_LOOP('',(#2242,#2243,#2244,#2245));
#460=EDGE_LOOP('',(#2246,#2247,#2248,#2249));
#461=EDGE_LOOP('',(#2250,#2251,#2252,#2253));
#462=EDGE_LOOP('',(#2254,#2255,#2256,#2257));
#463=EDGE_LOOP('',(#2258,#2259,#2260,#2261));
#464=EDGE_LOOP('',(#2262,#2263,#2264,#2265));
#465=EDGE_LOOP('',(#2266,#2267,#2268,#2269));
#466=EDGE_LOOP('',(#2270,#2271,#2272,#2273));
#467=EDGE_LOOP('',(#2274,#2275,#2276,#2277));
#468=EDGE_LOOP('',(#2278,#2279,#2280,#2281));
#469=EDGE_LOOP('',(#2282,#2283,#2284,#2285));
#470=EDGE_LOOP('',(#2286,#2287,#2288,#2289));
#471=EDGE_LOOP('',(#2290,#2291,#2292,#2293));
#472=EDGE_LOOP('',(#2294,#2295,#2296,#2297));
#473=EDGE_LOOP('',(#2298,#2299,#2300,#2301));
#474=EDGE_LOOP('',(#2302,#2303,#2304,#2305));
#475=EDGE_LOOP('',(#2306,#2307,#2308,#2309));
#476=EDGE_LOOP('',(#2310,#2311,#2312,#2313));
#477=EDGE_LOOP('',(#2314,#2315,#2316,#2317));
#478=EDGE_LOOP('',(#2318,#2319,#2320,#2321));
#479=EDGE_LOOP('',(#2322,#2323,#2324,#2325));
#480=EDGE_LOOP('',(#2326,#2327,#2328,#2329));
#481=EDGE_LOOP('',(#2330,#2331,#2332,#2333));
#482=EDGE_LOOP('',(#2334,#2335,#2336,#2337));
#483=EDGE_LOOP('',(#2338,#2339,#2340,#2341));
#484=EDGE_LOOP('',(#2342));
#485=EDGE_LOOP('',(#2343));
#486=EDGE_LOOP('',(#2344,#2345,#2346,#2347));
#487=EDGE_LOOP('',(#2348,#2349,#2350,#2351));
#488=EDGE_LOOP('',(#2352,#2353,#2354,#2355));
#489=EDGE_LOOP('',(#2356,#2357,#2358,#2359));
#490=EDGE_LOOP('',(#2360,#2361,#2362,#2363));
#491=EDGE_LOOP('',(#2364,#2365,#2366,#2367));
#492=EDGE_LOOP('',(#2368,#2369,#2370,#2371));
#493=EDGE_LOOP('',(#2372,#2373,#2374,#2375,#2376,#2377,#2378,#2379));
#494=EDGE_LOOP('',(#2380,#2381,#2382,#2383));
#495=EDGE_LOOP('',(#2384,#2385,#2386,#2387));
#496=EDGE_LOOP('',(#2388,#2389,#2390,#2391,#2392,#2393,#2394,#2395));
#497=EDGE_LOOP('',(#2396));
#498=EDGE_LOOP('',(#2397,#2398,#2399,#2400));
#499=EDGE_LOOP('',(#2401,#2402,#2403,#2404,#2405,#2406,#2407,#2408));
#500=EDGE_LOOP('',(#2409,#2410,#2411,#2412));
#501=EDGE_LOOP('',(#2413,#2414,#2415,#2416,#2417,#2418,#2419,#2420));
#502=EDGE_LOOP('',(#2421,#2422,#2423,#2424));
#503=EDGE_LOOP('',(#2425,#2426,#2427,#2428,#2429,#2430,#2431,#2432));
#504=EDGE_LOOP('',(#2433,#2434,#2435,#2436,#2437,#2438,#2439,#2440));
#505=EDGE_LOOP('',(#2441,#2442,#2443,#2444));
#506=EDGE_LOOP('',(#2445,#2446,#2447,#2448));
#507=EDGE_LOOP('',(#2449,#2450,#2451,#2452));
#508=EDGE_LOOP('',(#2453,#2454,#2455,#2456));
#509=EDGE_LOOP('',(#2457,#2458,#2459,#2460));
#510=EDGE_LOOP('',(#2461,#2462,#2463,#2464));
#511=EDGE_LOOP('',(#2465,#2466,#2467,#2468));
#512=EDGE_LOOP('',(#2469,#2470,#2471,#2472));
#513=EDGE_LOOP('',(#2473,#2474,#2475,#2476));
#514=EDGE_LOOP('',(#2477,#2478,#2479,#2480));
#515=EDGE_LOOP('',(#2481,#2482,#2483,#2484));
#516=EDGE_LOOP('',(#2485,#2486,#2487,#2488));
#517=EDGE_LOOP('',(#2489,#2490,#2491,#2492,#2493,#2494,#2495,#2496));
#518=EDGE_LOOP('',(#2497,#2498,#2499,#2500));
#519=EDGE_LOOP('',(#2501,#2502,#2503,#2504));
#520=EDGE_LOOP('',(#2505,#2506,#2507,#2508));
#521=EDGE_LOOP('',(#2509,#2510,#2511,#2512));
#522=EDGE_LOOP('',(#2513,#2514,#2515,#2516));
#523=EDGE_LOOP('',(#2517,#2518,#2519,#2520));
#524=EDGE_LOOP('',(#2521,#2522,#2523,#2524));
#525=EDGE_LOOP('',(#2525,#2526,#2527,#2528));
#526=EDGE_LOOP('',(#2529,#2530,#2531,#2532));
#527=EDGE_LOOP('',(#2533,#2534,#2535,#2536));
#528=EDGE_LOOP('',(#2537,#2538,#2539,#2540,#2541,#2542,#2543,#2544));
#529=EDGE_LOOP('',(#2545));
#530=EDGE_LOOP('',(#2546,#2547,#2548,#2549,#2550,#2551,#2552,#2553));
#531=EDGE_LOOP('',(#2554,#2555,#2556,#2557,#2558,#2559,#2560,#2561));
#532=EDGE_LOOP('',(#2562,#2563,#2564,#2565));
#533=LINE('',#3802,#831);
#534=LINE('',#3809,#832);
#535=LINE('',#3815,#833);
#536=LINE('',#3817,#834);
#537=LINE('',#3819,#835);
#538=LINE('',#3820,#836);
#539=LINE('',#3826,#837);
#540=LINE('',#3828,#838);
#541=LINE('',#3830,#839);
#542=LINE('',#3831,#840);
#543=LINE('',#3842,#841);
#544=LINE('',#3844,#842);
#545=LINE('',#3846,#843);
#546=LINE('',#3847,#844);
#547=LINE('',#3853,#845);
#548=LINE('',#3855,#846);
#549=LINE('',#3857,#847);
#550=LINE('',#3858,#848);
#551=LINE('',#3866,#849);
#552=LINE('',#3882,#850);
#553=LINE('',#3886,#851);
#554=LINE('',#3894,#852);
#555=LINE('',#3897,#853);
#556=LINE('',#3900,#854);
#557=LINE('',#3902,#855);
#558=LINE('',#3903,#856);
#559=LINE('',#3909,#857);
#560=LINE('',#3912,#858);
#561=LINE('',#3915,#859);
#562=LINE('',#3917,#860);
#563=LINE('',#3918,#861);
#564=LINE('',#3924,#862);
#565=LINE('',#3927,#863);
#566=LINE('',#3930,#864);
#567=LINE('',#3932,#865);
#568=LINE('',#3933,#866);
#569=LINE('',#3934,#867);
#570=LINE('',#3935,#868);
#571=LINE('',#3938,#869);
#572=LINE('',#3940,#870);
#573=LINE('',#3942,#871);
#574=LINE('',#3944,#872);
#575=LINE('',#3946,#873);
#576=LINE('',#3948,#874);
#577=LINE('',#3950,#875);
#578=LINE('',#3954,#876);
#579=LINE('',#3956,#877);
#580=LINE('',#3958,#878);
#581=LINE('',#3960,#879);
#582=LINE('',#3962,#880);
#583=LINE('',#3964,#881);
#584=LINE('',#3966,#882);
#585=LINE('',#3967,#883);
#586=LINE('',#3977,#884);
#587=LINE('',#3980,#885);
#588=LINE('',#3982,#886);
#589=LINE('',#3983,#887);
#590=LINE('',#3986,#888);
#591=LINE('',#3988,#889);
#592=LINE('',#3990,#890);
#593=LINE('',#3992,#891);
#594=LINE('',#3993,#892);
#595=LINE('',#3996,#893);
#596=LINE('',#3998,#894);
#597=LINE('',#3999,#895);
#598=LINE('',#4002,#896);
#599=LINE('',#4003,#897);
#600=LINE('',#4006,#898);
#601=LINE('',#4007,#899);
#602=LINE('',#4009,#900);
#603=LINE('',#4011,#901);
#604=LINE('',#4015,#902);
#605=LINE('',#4017,#903);
#606=LINE('',#4019,#904);
#607=LINE('',#4021,#905);
#608=LINE('',#4023,#906);
#609=LINE('',#4024,#907);
#610=LINE('',#4027,#908);
#611=LINE('',#4029,#909);
#612=LINE('',#4030,#910);
#613=LINE('',#4033,#911);
#614=LINE('',#4034,#912);
#615=LINE('',#4037,#913);
#616=LINE('',#4038,#914);
#617=LINE('',#4041,#915);
#618=LINE('',#4042,#916);
#619=LINE('',#4045,#917);
#620=LINE('',#4046,#918);
#621=LINE('',#4050,#919);
#622=LINE('',#4052,#920);
#623=LINE('',#4054,#921);
#624=LINE('',#4055,#922);
#625=LINE('',#4057,#923);
#626=LINE('',#4059,#924);
#627=LINE('',#4061,#925);
#628=LINE('',#4063,#926);
#629=LINE('',#4064,#927);
#630=LINE('',#4068,#928);
#631=LINE('',#4069,#929);
#632=LINE('',#4070,#930);
#633=LINE('',#4074,#931);
#634=LINE('',#4075,#932);
#635=LINE('',#4076,#933);
#636=LINE('',#4079,#934);
#637=LINE('',#4080,#935);
#638=LINE('',#4083,#936);
#639=LINE('',#4084,#937);
#640=LINE('',#4087,#938);
#641=LINE('',#4088,#939);
#642=LINE('',#4090,#940);
#643=LINE('',#4093,#941);
#644=LINE('',#4094,#942);
#645=LINE('',#4096,#943);
#646=LINE('',#4100,#944);
#647=LINE('',#4102,#945);
#648=LINE('',#4104,#946);
#649=LINE('',#4105,#947);
#650=LINE('',#4111,#948);
#651=LINE('',#4114,#949);
#652=LINE('',#4116,#950);
#653=LINE('',#4117,#951);
#654=LINE('',#4133,#952);
#655=LINE('',#4136,#953);
#656=LINE('',#4141,#954);
#657=LINE('',#4144,#955);
#658=LINE('',#4148,#956);
#659=LINE('',#4152,#957);
#660=LINE('',#4155,#958);
#661=LINE('',#4158,#959);
#662=LINE('',#4159,#960);
#663=LINE('',#4161,#961);
#664=LINE('',#4169,#962);
#665=LINE('',#4172,#963);
#666=LINE('',#4176,#964);
#667=LINE('',#4177,#965);
#668=LINE('',#4178,#966);
#669=LINE('',#4182,#967);
#670=LINE('',#4185,#968);
#671=LINE('',#4186,#969);
#672=LINE('',#4193,#970);
#673=LINE('',#4195,#971);
#674=LINE('',#4197,#972);
#675=LINE('',#4198,#973);
#676=LINE('',#4201,#974);
#677=LINE('',#4203,#975);
#678=LINE('',#4204,#976);
#679=LINE('',#4207,#977);
#680=LINE('',#4209,#978);
#681=LINE('',#4210,#979);
#682=LINE('',#4212,#980);
#683=LINE('',#4213,#981);
#684=LINE('',#4218,#982);
#685=LINE('',#4223,#983);
#686=LINE('',#4225,#984);
#687=LINE('',#4227,#985);
#688=LINE('',#4228,#986);
#689=LINE('',#4238,#987);
#690=LINE('',#4241,#988);
#691=LINE('',#4246,#989);
#692=LINE('',#4250,#990);
#693=LINE('',#4253,#991);
#694=LINE('',#4254,#992);
#695=LINE('',#4256,#993);
#696=LINE('',#4258,#994);
#697=LINE('',#4264,#995);
#698=LINE('',#4266,#996);
#699=LINE('',#4268,#997);
#700=LINE('',#4269,#998);
#701=LINE('',#4272,#999);
#702=LINE('',#4274,#1000);
#703=LINE('',#4275,#1001);
#704=LINE('',#4278,#1002);
#705=LINE('',#4280,#1003);
#706=LINE('',#4281,#1004);
#707=LINE('',#4283,#1005);
#708=LINE('',#4284,#1006);
#709=LINE('',#4288,#1007);
#710=LINE('',#4290,#1008);
#711=LINE('',#4292,#1009);
#712=LINE('',#4293,#1010);
#713=LINE('',#4296,#1011);
#714=LINE('',#4298,#1012);
#715=LINE('',#4299,#1013);
#716=LINE('',#4302,#1014);
#717=LINE('',#4304,#1015);
#718=LINE('',#4305,#1016);
#719=LINE('',#4307,#1017);
#720=LINE('',#4308,#1018);
#721=LINE('',#4312,#1019);
#722=LINE('',#4314,#1020);
#723=LINE('',#4316,#1021);
#724=LINE('',#4317,#1022);
#725=LINE('',#4320,#1023);
#726=LINE('',#4322,#1024);
#727=LINE('',#4323,#1025);
#728=LINE('',#4326,#1026);
#729=LINE('',#4328,#1027);
#730=LINE('',#4329,#1028);
#731=LINE('',#4331,#1029);
#732=LINE('',#4332,#1030);
#733=LINE('',#4339,#1031);
#734=LINE('',#4347,#1032);
#735=LINE('',#4349,#1033);
#736=LINE('',#4351,#1034);
#737=LINE('',#4352,#1035);
#738=LINE('',#4355,#1036);
#739=LINE('',#4357,#1037);
#740=LINE('',#4358,#1038);
#741=LINE('',#4361,#1039);
#742=LINE('',#4363,#1040);
#743=LINE('',#4364,#1041);
#744=LINE('',#4366,#1042);
#745=LINE('',#4367,#1043);
#746=LINE('',#4375,#1044);
#747=LINE('',#4378,#1045);
#748=LINE('',#4381,#1046);
#749=LINE('',#4383,#1047);
#750=LINE('',#4385,#1048);
#751=LINE('',#4387,#1049);
#752=LINE('',#4389,#1050);
#753=LINE('',#4391,#1051);
#754=LINE('',#4392,#1052);
#755=LINE('',#4395,#1053);
#756=LINE('',#4397,#1054);
#757=LINE('',#4399,#1055);
#758=LINE('',#4400,#1056);
#759=LINE('',#4406,#1057);
#760=LINE('',#4409,#1058);
#761=LINE('',#4412,#1059);
#762=LINE('',#4415,#1060);
#763=LINE('',#4417,#1061);
#764=LINE('',#4420,#1062);
#765=LINE('',#4428,#1063);
#766=LINE('',#4431,#1064);
#767=LINE('',#4434,#1065);
#768=LINE('',#4436,#1066);
#769=LINE('',#4438,#1067);
#770=LINE('',#4440,#1068);
#771=LINE('',#4442,#1069);
#772=LINE('',#4444,#1070);
#773=LINE('',#4445,#1071);
#774=LINE('',#4448,#1072);
#775=LINE('',#4450,#1073);
#776=LINE('',#4452,#1074);
#777=LINE('',#4453,#1075);
#778=LINE('',#4456,#1076);
#779=LINE('',#4457,#1077);
#780=LINE('',#4459,#1078);
#781=LINE('',#4460,#1079);
#782=LINE('',#4466,#1080);
#783=LINE('',#4469,#1081);
#784=LINE('',#4472,#1082);
#785=LINE('',#4473,#1083);
#786=LINE('',#4475,#1084);
#787=LINE('',#4476,#1085);
#788=LINE('',#4479,#1086);
#789=LINE('',#4481,#1087);
#790=LINE('',#4483,#1088);
#791=LINE('',#4485,#1089);
#792=LINE('',#4487,#1090);
#793=LINE('',#4488,#1091);
#794=LINE('',#4491,#1092);
#795=LINE('',#4493,#1093);
#796=LINE('',#4495,#1094);
#797=LINE('',#4496,#1095);
#798=LINE('',#4498,#1096);
#799=LINE('',#4499,#1097);
#800=LINE('',#4501,#1098);
#801=LINE('',#4503,#1099);
#802=LINE('',#4506,#1100);
#803=LINE('',#4508,#1101);
#804=LINE('',#4510,#1102);
#805=LINE('',#4512,#1103);
#806=LINE('',#4514,#1104);
#807=LINE('',#4518,#1105);
#808=LINE('',#4523,#1106);
#809=LINE('',#4524,#1107);
#810=LINE('',#4526,#1108);
#811=LINE('',#4532,#1109);
#812=LINE('',#4533,#1110);
#813=LINE('',#4534,#1111);
#814=LINE('',#4537,#1112);
#815=LINE('',#4538,#1113);
#816=LINE('',#4541,#1114);
#817=LINE('',#4542,#1115);
#818=LINE('',#4544,#1116);
#819=LINE('',#4548,#1117);
#820=LINE('',#4549,#1118);
#821=LINE('',#4550,#1119);
#822=LINE('',#4553,#1120);
#823=LINE('',#4554,#1121);
#824=LINE('',#4557,#1122);
#825=LINE('',#4558,#1123);
#826=LINE('',#4561,#1124);
#827=LINE('',#4562,#1125);
#828=LINE('',#4564,#1126);
#829=LINE('',#4566,#1127);
#830=LINE('',#4568,#1128);
#831=VECTOR('',#3040,1.18);
#832=VECTOR('',#3049,1.18);
#833=VECTOR('',#3056,10.);
#834=VECTOR('',#3057,10.);
#835=VECTOR('',#3058,10.);
#836=VECTOR('',#3059,10.);
#837=VECTOR('',#3066,10.);
#838=VECTOR('',#3067,10.);
#839=VECTOR('',#3068,10.);
#840=VECTOR('',#3069,10.);
#841=VECTOR('',#3084,10.);
#842=VECTOR('',#3085,10.);
#843=VECTOR('',#3086,10.);
#844=VECTOR('',#3087,10.);
#845=VECTOR('',#3094,10.);
#846=VECTOR('',#3095,10.);
#847=VECTOR('',#3096,10.);
#848=VECTOR('',#3097,10.);
#849=VECTOR('',#3110,2.73);
#850=VECTOR('',#3131,2.005);
#851=VECTOR('',#3136,2.08);
#852=VECTOR('',#3145,10.);
#853=VECTOR('',#3148,10.);
#854=VECTOR('',#3151,10.);
#855=VECTOR('',#3152,10.);
#856=VECTOR('',#3153,10.);
#857=VECTOR('',#3158,10.);
#858=VECTOR('',#3161,10.);
#859=VECTOR('',#3164,10.);
#860=VECTOR('',#3165,10.);
#861=VECTOR('',#3166,10.);
#862=VECTOR('',#3171,10.);
#863=VECTOR('',#3174,10.);
#864=VECTOR('',#3177,10.);
#865=VECTOR('',#3178,10.);
#866=VECTOR('',#3179,10.);
#867=VECTOR('',#3180,10.);
#868=VECTOR('',#3181,10.);
#869=VECTOR('',#3184,10.);
#870=VECTOR('',#3185,10.);
#871=VECTOR('',#3186,10.);
#872=VECTOR('',#3187,10.);
#873=VECTOR('',#3188,10.);
#874=VECTOR('',#3189,10.);
#875=VECTOR('',#3190,10.);
#876=VECTOR('',#3193,10.);
#877=VECTOR('',#3194,10.);
#878=VECTOR('',#3195,10.);
#879=VECTOR('',#3196,10.);
#880=VECTOR('',#3197,10.);
#881=VECTOR('',#3198,10.);
#882=VECTOR('',#3199,10.);
#883=VECTOR('',#3200,10.);
#884=VECTOR('',#3211,10.);
#885=VECTOR('',#3214,10.);
#886=VECTOR('',#3215,10.);
#887=VECTOR('',#3216,10.);
#888=VECTOR('',#3219,10.);
#889=VECTOR('',#3220,10.);
#890=VECTOR('',#3221,10.);
#891=VECTOR('',#3222,10.);
#892=VECTOR('',#3223,10.);
#893=VECTOR('',#3226,10.);
#894=VECTOR('',#3227,10.);
#895=VECTOR('',#3228,10.);
#896=VECTOR('',#3231,10.);
#897=VECTOR('',#3232,10.);
#898=VECTOR('',#3235,10.);
#899=VECTOR('',#3236,10.);
#900=VECTOR('',#3239,10.);
#901=VECTOR('',#3242,10.);
#902=VECTOR('',#3245,10.);
#903=VECTOR('',#3246,10.);
#904=VECTOR('',#3247,10.);
#905=VECTOR('',#3248,10.);
#906=VECTOR('',#3249,10.);
#907=VECTOR('',#3250,10.);
#908=VECTOR('',#3253,10.);
#909=VECTOR('',#3254,10.);
#910=VECTOR('',#3255,10.);
#911=VECTOR('',#3258,10.);
#912=VECTOR('',#3259,10.);
#913=VECTOR('',#3262,10.);
#914=VECTOR('',#3263,10.);
#915=VECTOR('',#3266,10.);
#916=VECTOR('',#3267,10.);
#917=VECTOR('',#3270,10.);
#918=VECTOR('',#3271,10.);
#919=VECTOR('',#3274,10.);
#920=VECTOR('',#3275,10.);
#921=VECTOR('',#3276,10.);
#922=VECTOR('',#3277,10.);
#923=VECTOR('',#3278,10.);
#924=VECTOR('',#3279,10.);
#925=VECTOR('',#3280,10.);
#926=VECTOR('',#3281,10.);
#927=VECTOR('',#3282,10.);
#928=VECTOR('',#3285,10.);
#929=VECTOR('',#3286,10.);
#930=VECTOR('',#3287,10.);
#931=VECTOR('',#3290,10.);
#932=VECTOR('',#3291,10.);
#933=VECTOR('',#3292,10.);
#934=VECTOR('',#3295,10.);
#935=VECTOR('',#3296,10.);
#936=VECTOR('',#3299,10.);
#937=VECTOR('',#3300,10.);
#938=VECTOR('',#3303,10.);
#939=VECTOR('',#3304,10.);
#940=VECTOR('',#3307,10.);
#941=VECTOR('',#3310,10.);
#942=VECTOR('',#3311,10.);
#943=VECTOR('',#3314,10.);
#944=VECTOR('',#3317,10.);
#945=VECTOR('',#3318,10.);
#946=VECTOR('',#3319,10.);
#947=VECTOR('',#3320,10.);
#948=VECTOR('',#3327,10.);
#949=VECTOR('',#3330,10.);
#950=VECTOR('',#3331,10.);
#951=VECTOR('',#3332,10.);
#952=VECTOR('',#3361,10.);
#953=VECTOR('',#3366,10.);
#954=VECTOR('',#3371,1.5);
#955=VECTOR('',#3376,10.);
#956=VECTOR('',#3381,1.5);
#957=VECTOR('',#3386,1.5);
#958=VECTOR('',#3391,2.73);
#959=VECTOR('',#3394,10.);
#960=VECTOR('',#3395,10.);
#961=VECTOR('',#3398,10.);
#962=VECTOR('',#3407,10.);
#963=VECTOR('',#3410,10.);
#964=VECTOR('',#3413,10.);
#965=VECTOR('',#3414,10.);
#966=VECTOR('',#3415,10.);
#967=VECTOR('',#3420,10.);
#968=VECTOR('',#3423,10.);
#969=VECTOR('',#3424,10.);
#970=VECTOR('',#3433,10.);
#971=VECTOR('',#3434,10.);
#972=VECTOR('',#3435,10.);
#973=VECTOR('',#3436,10.);
#974=VECTOR('',#3439,10.);
#975=VECTOR('',#3440,10.);
#976=VECTOR('',#3441,10.);
#977=VECTOR('',#3444,10.);
#978=VECTOR('',#3445,10.);
#979=VECTOR('',#3446,10.);
#980=VECTOR('',#3449,10.);
#981=VECTOR('',#3450,10.);
#982=VECTOR('',#3455,0.75);
#983=VECTOR('',#3460,10.);
#984=VECTOR('',#3461,10.);
#985=VECTOR('',#3462,10.);
#986=VECTOR('',#3463,10.);
#987=VECTOR('',#3476,10.);
#988=VECTOR('',#3479,10.);
#989=VECTOR('',#3484,10.);
#990=VECTOR('',#3487,10.);
#991=VECTOR('',#3492,10.);
#992=VECTOR('',#3493,10.);
#993=VECTOR('',#3496,10.);
#994=VECTOR('',#3499,10.);
#995=VECTOR('',#3506,10.);
#996=VECTOR('',#3507,10.);
#997=VECTOR('',#3508,10.);
#998=VECTOR('',#3509,10.);
#999=VECTOR('',#3512,10.);
#1000=VECTOR('',#3513,10.);
#1001=VECTOR('',#3514,10.);
#1002=VECTOR('',#3517,10.);
#1003=VECTOR('',#3518,10.);
#1004=VECTOR('',#3519,10.);
#1005=VECTOR('',#3522,10.);
#1006=VECTOR('',#3523,10.);
#1007=VECTOR('',#3526,10.);
#1008=VECTOR('',#3527,10.);
#1009=VECTOR('',#3528,10.);
#1010=VECTOR('',#3529,10.);
#1011=VECTOR('',#3532,10.);
#1012=VECTOR('',#3533,10.);
#1013=VECTOR('',#3534,10.);
#1014=VECTOR('',#3537,10.);
#1015=VECTOR('',#3538,10.);
#1016=VECTOR('',#3539,10.);
#1017=VECTOR('',#3542,10.);
#1018=VECTOR('',#3543,10.);
#1019=VECTOR('',#3546,10.);
#1020=VECTOR('',#3547,10.);
#1021=VECTOR('',#3548,10.);
#1022=VECTOR('',#3549,10.);
#1023=VECTOR('',#3552,10.);
#1024=VECTOR('',#3553,10.);
#1025=VECTOR('',#3554,10.);
#1026=VECTOR('',#3557,10.);
#1027=VECTOR('',#3558,10.);
#1028=VECTOR('',#3559,10.);
#1029=VECTOR('',#3562,10.);
#1030=VECTOR('',#3563,10.);
#1031=VECTOR('',#3572,0.75);
#1032=VECTOR('',#3583,10.);
#1033=VECTOR('',#3584,10.);
#1034=VECTOR('',#3585,10.);
#1035=VECTOR('',#3586,10.);
#1036=VECTOR('',#3589,10.);
#1037=VECTOR('',#3590,10.);
#1038=VECTOR('',#3591,10.);
#1039=VECTOR('',#3594,10.);
#1040=VECTOR('',#3595,10.);
#1041=VECTOR('',#3596,10.);
#1042=VECTOR('',#3599,10.);
#1043=VECTOR('',#3600,10.);
#1044=VECTOR('',#3609,10.);
#1045=VECTOR('',#3612,10.);
#1046=VECTOR('',#3615,10.);
#1047=VECTOR('',#3616,10.);
#1048=VECTOR('',#3617,10.);
#1049=VECTOR('',#3618,10.);
#1050=VECTOR('',#3619,10.);
#1051=VECTOR('',#3620,10.);
#1052=VECTOR('',#3621,10.);
#1053=VECTOR('',#3622,10.);
#1054=VECTOR('',#3623,10.);
#1055=VECTOR('',#3624,10.);
#1056=VECTOR('',#3625,10.);
#1057=VECTOR('',#3630,10.);
#1058=VECTOR('',#3633,10.);
#1059=VECTOR('',#3636,10.);
#1060=VECTOR('',#3639,10.);
#1061=VECTOR('',#3640,10.);
#1062=VECTOR('',#3643,10.);
#1063=VECTOR('',#3650,10.);
#1064=VECTOR('',#3653,10.);
#1065=VECTOR('',#3656,10.);
#1066=VECTOR('',#3657,10.);
#1067=VECTOR('',#3658,10.);
#1068=VECTOR('',#3659,10.);
#1069=VECTOR('',#3660,10.);
#1070=VECTOR('',#3661,10.);
#1071=VECTOR('',#3662,10.);
#1072=VECTOR('',#3663,10.);
#1073=VECTOR('',#3664,10.);
#1074=VECTOR('',#3665,10.);
#1075=VECTOR('',#3666,10.);
#1076=VECTOR('',#3669,10.);
#1077=VECTOR('',#3670,10.);
#1078=VECTOR('',#3671,10.);
#1079=VECTOR('',#3672,10.);
#1080=VECTOR('',#3677,10.);
#1081=VECTOR('',#3680,10.);
#1082=VECTOR('',#3683,10.);
#1083=VECTOR('',#3684,10.);
#1084=VECTOR('',#3685,10.);
#1085=VECTOR('',#3686,10.);
#1086=VECTOR('',#3689,10.);
#1087=VECTOR('',#3690,10.);
#1088=VECTOR('',#3691,10.);
#1089=VECTOR('',#3692,10.);
#1090=VECTOR('',#3693,10.);
#1091=VECTOR('',#3694,10.);
#1092=VECTOR('',#3695,10.);
#1093=VECTOR('',#3696,10.);
#1094=VECTOR('',#3697,10.);
#1095=VECTOR('',#3698,10.);
#1096=VECTOR('',#3701,10.);
#1097=VECTOR('',#3702,10.);
#1098=VECTOR('',#3705,10.);
#1099=VECTOR('',#3708,10.);
#1100=VECTOR('',#3713,10.);
#1101=VECTOR('',#3716,10.);
#1102=VECTOR('',#3719,10.);
#1103=VECTOR('',#3722,10.);
#1104=VECTOR('',#3725,10.);
#1105=VECTOR('',#3730,5.);
#1106=VECTOR('',#3735,10.);
#1107=VECTOR('',#3736,10.);
#1108=VECTOR('',#3739,10.);
#1109=VECTOR('',#3746,10.);
#1110=VECTOR('',#3747,10.);
#1111=VECTOR('',#3748,10.);
#1112=VECTOR('',#3751,10.);
#1113=VECTOR('',#3752,10.);
#1114=VECTOR('',#3755,10.);
#1115=VECTOR('',#3756,10.);
#1116=VECTOR('',#3759,10.);
#1117=VECTOR('',#3762,10.);
#1118=VECTOR('',#3763,10.);
#1119=VECTOR('',#3764,10.);
#1120=VECTOR('',#3767,10.);
#1121=VECTOR('',#3768,10.);
#1122=VECTOR('',#3771,10.);
#1123=VECTOR('',#3772,10.);
#1124=VECTOR('',#3775,10.);
#1125=VECTOR('',#3776,10.);
#1126=VECTOR('',#3779,10.);
#1127=VECTOR('',#3782,10.);
#1128=VECTOR('',#3785,10.);
#1129=CIRCLE('',#2802,1.18);
#1130=CIRCLE('',#2803,1.18);
#1131=CIRCLE('',#2806,1.18);
#1132=CIRCLE('',#2807,1.18);
#1133=CIRCLE('',#2811,2.73);
#1134=CIRCLE('',#2814,2.73);
#1135=CIRCLE('',#2816,2.73);
#1136=CIRCLE('',#2817,2.73);
#1137=CIRCLE('',#2818,2.73);
#1138=CIRCLE('',#2821,2.73);
#1139=CIRCLE('',#2824,2.73);
#1140=CIRCLE('',#2826,2.73);
#1141=CIRCLE('',#2827,2.73);
#1142=CIRCLE('',#2828,2.73);
#1143=CIRCLE('',#2832,3.05);
#1144=CIRCLE('',#2833,0.15);
#1145=CIRCLE('',#2834,3.2);
#1146=CIRCLE('',#2836,2.73);
#1147=CIRCLE('',#2838,2.08);
#1148=CIRCLE('',#2839,1.93);
#1149=CIRCLE('',#2841,2.08);
#1150=CIRCLE('',#2844,1.);
#1151=CIRCLE('',#2845,1.);
#1152=CIRCLE('',#2848,1.);
#1153=CIRCLE('',#2849,1.);
#1154=CIRCLE('',#2852,2.);
#1155=CIRCLE('',#2853,2.);
#1156=CIRCLE('',#2856,2.);
#1157=CIRCLE('',#2857,2.73);
#1158=CIRCLE('',#2858,1.5);
#1159=CIRCLE('',#2859,1.5);
#1160=CIRCLE('',#2861,2.);
#1161=CIRCLE('',#2886,9.95);
#1162=CIRCLE('',#2887,9.95);
#1163=CIRCLE('',#2890,9.95);
#1164=CIRCLE('',#2891,9.95);
#1165=CIRCLE('',#2893,11.25);
#1166=CIRCLE('',#2894,11.25);
#1167=CIRCLE('',#2895,11.25);
#1168=CIRCLE('',#2897,11.25);
#1169=CIRCLE('',#2898,11.25);
#1170=CIRCLE('',#2899,11.25);
#1171=CIRCLE('',#2905,1.5);
#1172=CIRCLE('',#2907,1.5);
#1173=CIRCLE('',#2911,1.5);
#1174=CIRCLE('',#2913,1.5);
#1175=CIRCLE('',#2920,9.95);
#1176=CIRCLE('',#2921,9.95);
#1177=CIRCLE('',#2924,9.95);
#1178=CIRCLE('',#2927,9.95);
#1179=CIRCLE('',#2934,0.75);
#1180=CIRCLE('',#2935,0.75);
#1181=CIRCLE('',#2938,5.);
#1182=CIRCLE('',#2939,5.);
#1183=CIRCLE('',#2942,9.95);
#1184=CIRCLE('',#2943,9.95);
#1185=CIRCLE('',#2946,9.95);
#1186=CIRCLE('',#2947,9.95);
#1187=CIRCLE('',#2968,0.75);
#1188=CIRCLE('',#2969,0.75);
#1189=CIRCLE('',#2980,1.5);
#1190=CIRCLE('',#2981,1.5);
#1191=CIRCLE('',#2984,1.5);
#1192=CIRCLE('',#2985,1.5);
#1193=CIRCLE('',#2987,7.);
#1194=CIRCLE('',#2988,7.);
#1195=CIRCLE('',#2989,5.);
#1196=CIRCLE('',#2991,1.5);
#1197=CIRCLE('',#2992,1.5);
#1198=CIRCLE('',#2996,1.5);
#1199=CIRCLE('',#2997,1.5);
#1200=CIRCLE('',#3010,5.);
#1201=CIRCLE('',#3012,7.);
#1202=CIRCLE('',#3015,7.);
#1203=VERTEX_POINT('',#3799);
#1204=VERTEX_POINT('',#3801);
#1205=VERTEX_POINT('',#3806);
#1206=VERTEX_POINT('',#3808);
#1207=VERTEX_POINT('',#3813);
#1208=VERTEX_POINT('',#3814);
#1209=VERTEX_POINT('',#3816);
#1210=VERTEX_POINT('',#3818);
#1211=VERTEX_POINT('',#3824);
#1212=VERTEX_POINT('',#3825);
#1213=VERTEX_POINT('',#3827);
#1214=VERTEX_POINT('',#3829);
#1215=VERTEX_POINT('',#3836);
#1216=VERTEX_POINT('',#3840);
#1217=VERTEX_POINT('',#3841);
#1218=VERTEX_POINT('',#3843);
#1219=VERTEX_POINT('',#3845);
#1220=VERTEX_POINT('',#3851);
#1221=VERTEX_POINT('',#3852);
#1222=VERTEX_POINT('',#3854);
#1223=VERTEX_POINT('',#3856);
#1224=VERTEX_POINT('',#3862);
#1225=VERTEX_POINT('',#3870);
#1226=VERTEX_POINT('',#3872);
#1227=VERTEX_POINT('',#3876);
#1228=VERTEX_POINT('',#3879);
#1229=VERTEX_POINT('',#3881);
#1230=VERTEX_POINT('',#3885);
#1231=VERTEX_POINT('',#3890);
#1232=VERTEX_POINT('',#3891);
#1233=VERTEX_POINT('',#3893);
#1234=VERTEX_POINT('',#3895);
#1235=VERTEX_POINT('',#3899);
#1236=VERTEX_POINT('',#3901);
#1237=VERTEX_POINT('',#3905);
#1238=VERTEX_POINT('',#3906);
#1239=VERTEX_POINT('',#3908);
#1240=VERTEX_POINT('',#3910);
#1241=VERTEX_POINT('',#3914);
#1242=VERTEX_POINT('',#3916);
#1243=VERTEX_POINT('',#3920);
#1244=VERTEX_POINT('',#3921);
#1245=VERTEX_POINT('',#3923);
#1246=VERTEX_POINT('',#3925);
#1247=VERTEX_POINT('',#3929);
#1248=VERTEX_POINT('',#3931);
#1249=VERTEX_POINT('',#3937);
#1250=VERTEX_POINT('',#3939);
#1251=VERTEX_POINT('',#3941);
#1252=VERTEX_POINT('',#3943);
#1253=VERTEX_POINT('',#3945);
#1254=VERTEX_POINT('',#3947);
#1255=VERTEX_POINT('',#3949);
#1256=VERTEX_POINT('',#3952);
#1257=VERTEX_POINT('',#3953);
#1258=VERTEX_POINT('',#3955);
#1259=VERTEX_POINT('',#3957);
#1260=VERTEX_POINT('',#3959);
#1261=VERTEX_POINT('',#3961);
#1262=VERTEX_POINT('',#3963);
#1263=VERTEX_POINT('',#3965);
#1264=VERTEX_POINT('',#3968);
#1265=VERTEX_POINT('',#3970);
#1266=VERTEX_POINT('',#3972);
#1267=VERTEX_POINT('',#3975);
#1268=VERTEX_POINT('',#3979);
#1269=VERTEX_POINT('',#3981);
#1270=VERTEX_POINT('',#3985);
#1271=VERTEX_POINT('',#3987);
#1272=VERTEX_POINT('',#3989);
#1273=VERTEX_POINT('',#3991);
#1274=VERTEX_POINT('',#3995);
#1275=VERTEX_POINT('',#3997);
#1276=VERTEX_POINT('',#4001);
#1277=VERTEX_POINT('',#4005);
#1278=VERTEX_POINT('',#4013);
#1279=VERTEX_POINT('',#4014);
#1280=VERTEX_POINT('',#4016);
#1281=VERTEX_POINT('',#4018);
#1282=VERTEX_POINT('',#4020);
#1283=VERTEX_POINT('',#4022);
#1284=VERTEX_POINT('',#4026);
#1285=VERTEX_POINT('',#4028);
#1286=VERTEX_POINT('',#4032);
#1287=VERTEX_POINT('',#4036);
#1288=VERTEX_POINT('',#4040);
#1289=VERTEX_POINT('',#4044);
#1290=VERTEX_POINT('',#4048);
#1291=VERTEX_POINT('',#4049);
#1292=VERTEX_POINT('',#4051);
#1293=VERTEX_POINT('',#4053);
#1294=VERTEX_POINT('',#4056);
#1295=VERTEX_POINT('',#4058);
#1296=VERTEX_POINT('',#4060);
#1297=VERTEX_POINT('',#4062);
#1298=VERTEX_POINT('',#4066);
#1299=VERTEX_POINT('',#4067);
#1300=VERTEX_POINT('',#4072);
#1301=VERTEX_POINT('',#4073);
#1302=VERTEX_POINT('',#4078);
#1303=VERTEX_POINT('',#4082);
#1304=VERTEX_POINT('',#4086);
#1305=VERTEX_POINT('',#4092);
#1306=VERTEX_POINT('',#4098);
#1307=VERTEX_POINT('',#4099);
#1308=VERTEX_POINT('',#4101);
#1309=VERTEX_POINT('',#4103);
#1310=VERTEX_POINT('',#4107);
#1311=VERTEX_POINT('',#4109);
#1312=VERTEX_POINT('',#4113);
#1313=VERTEX_POINT('',#4115);
#1314=VERTEX_POINT('',#4126);
#1315=VERTEX_POINT('',#4137);
#1316=VERTEX_POINT('',#4140);
#1317=VERTEX_POINT('',#4147);
#1318=VERTEX_POINT('',#4151);
#1319=VERTEX_POINT('',#4157);
#1320=VERTEX_POINT('',#4165);
#1321=VERTEX_POINT('',#4166);
#1322=VERTEX_POINT('',#4168);
#1323=VERTEX_POINT('',#4170);
#1324=VERTEX_POINT('',#4174);
#1325=VERTEX_POINT('',#4175);
#1326=VERTEX_POINT('',#4180);
#1327=VERTEX_POINT('',#4184);
#1328=VERTEX_POINT('',#4191);
#1329=VERTEX_POINT('',#4192);
#1330=VERTEX_POINT('',#4194);
#1331=VERTEX_POINT('',#4196);
#1332=VERTEX_POINT('',#4200);
#1333=VERTEX_POINT('',#4202);
#1334=VERTEX_POINT('',#4206);
#1335=VERTEX_POINT('',#4208);
#1336=VERTEX_POINT('',#4215);
#1337=VERTEX_POINT('',#4217);
#1338=VERTEX_POINT('',#4221);
#1339=VERTEX_POINT('',#4222);
#1340=VERTEX_POINT('',#4224);
#1341=VERTEX_POINT('',#4226);
#1342=VERTEX_POINT('',#4234);
#1343=VERTEX_POINT('',#4235);
#1344=VERTEX_POINT('',#4237);
#1345=VERTEX_POINT('',#4239);
#1346=VERTEX_POINT('',#4244);
#1347=VERTEX_POINT('',#4245);
#1348=VERTEX_POINT('',#4247);
#1349=VERTEX_POINT('',#4249);
#1350=VERTEX_POINT('',#4262);
#1351=VERTEX_POINT('',#4263);
#1352=VERTEX_POINT('',#4265);
#1353=VERTEX_POINT('',#4267);
#1354=VERTEX_POINT('',#4271);
#1355=VERTEX_POINT('',#4273);
#1356=VERTEX_POINT('',#4277);
#1357=VERTEX_POINT('',#4279);
#1358=VERTEX_POINT('',#4286);
#1359=VERTEX_POINT('',#4287);
#1360=VERTEX_POINT('',#4289);
#1361=VERTEX_POINT('',#4291);
#1362=VERTEX_POINT('',#4295);
#1363=VERTEX_POINT('',#4297);
#1364=VERTEX_POINT('',#4301);
#1365=VERTEX_POINT('',#4303);
#1366=VERTEX_POINT('',#4310);
#1367=VERTEX_POINT('',#4311);
#1368=VERTEX_POINT('',#4313);
#1369=VERTEX_POINT('',#4315);
#1370=VERTEX_POINT('',#4319);
#1371=VERTEX_POINT('',#4321);
#1372=VERTEX_POINT('',#4325);
#1373=VERTEX_POINT('',#4327);
#1374=VERTEX_POINT('',#4336);
#1375=VERTEX_POINT('',#4338);
#1376=VERTEX_POINT('',#4345);
#1377=VERTEX_POINT('',#4346);
#1378=VERTEX_POINT('',#4348);
#1379=VERTEX_POINT('',#4350);
#1380=VERTEX_POINT('',#4354);
#1381=VERTEX_POINT('',#4356);
#1382=VERTEX_POINT('',#4360);
#1383=VERTEX_POINT('',#4362);
#1384=VERTEX_POINT('',#4371);
#1385=VERTEX_POINT('',#4372);
#1386=VERTEX_POINT('',#4374);
#1387=VERTEX_POINT('',#4376);
#1388=VERTEX_POINT('',#4380);
#1389=VERTEX_POINT('',#4382);
#1390=VERTEX_POINT('',#4384);
#1391=VERTEX_POINT('',#4386);
#1392=VERTEX_POINT('',#4388);
#1393=VERTEX_POINT('',#4390);
#1394=VERTEX_POINT('',#4393);
#1395=VERTEX_POINT('',#4394);
#1396=VERTEX_POINT('',#4396);
#1397=VERTEX_POINT('',#4398);
#1398=VERTEX_POINT('',#4402);
#1399=VERTEX_POINT('',#4403);
#1400=VERTEX_POINT('',#4405);
#1401=VERTEX_POINT('',#4407);
#1402=VERTEX_POINT('',#4411);
#1403=VERTEX_POINT('',#4413);
#1404=VERTEX_POINT('',#4416);
#1405=VERTEX_POINT('',#4418);
#1406=VERTEX_POINT('',#4421);
#1407=VERTEX_POINT('',#4424);
#1408=VERTEX_POINT('',#4425);
#1409=VERTEX_POINT('',#4427);
#1410=VERTEX_POINT('',#4429);
#1411=VERTEX_POINT('',#4433);
#1412=VERTEX_POINT('',#4435);
#1413=VERTEX_POINT('',#4437);
#1414=VERTEX_POINT('',#4439);
#1415=VERTEX_POINT('',#4441);
#1416=VERTEX_POINT('',#4443);
#1417=VERTEX_POINT('',#4446);
#1418=VERTEX_POINT('',#4447);
#1419=VERTEX_POINT('',#4449);
#1420=VERTEX_POINT('',#4451);
#1421=VERTEX_POINT('',#4455);
#1422=VERTEX_POINT('',#4458);
#1423=VERTEX_POINT('',#4462);
#1424=VERTEX_POINT('',#4463);
#1425=VERTEX_POINT('',#4465);
#1426=VERTEX_POINT('',#4467);
#1427=VERTEX_POINT('',#4471);
#1428=VERTEX_POINT('',#4474);
#1429=VERTEX_POINT('',#4478);
#1430=VERTEX_POINT('',#4480);
#1431=VERTEX_POINT('',#4482);
#1432=VERTEX_POINT('',#4484);
#1433=VERTEX_POINT('',#4486);
#1434=VERTEX_POINT('',#4489);
#1435=VERTEX_POINT('',#4490);
#1436=VERTEX_POINT('',#4492);
#1437=VERTEX_POINT('',#4494);
#1438=VERTEX_POINT('',#4516);
#1439=VERTEX_POINT('',#4520);
#1440=VERTEX_POINT('',#4521);
#1441=VERTEX_POINT('',#4530);
#1442=VERTEX_POINT('',#4531);
#1443=VERTEX_POINT('',#4536);
#1444=VERTEX_POINT('',#4540);
#1445=VERTEX_POINT('',#4546);
#1446=VERTEX_POINT('',#4547);
#1447=VERTEX_POINT('',#4552);
#1448=VERTEX_POINT('',#4556);
#1449=VERTEX_POINT('',#4560);
#1450=EDGE_CURVE('',#1203,#1203,#1129,.T.);
#1451=EDGE_CURVE('',#1203,#1204,#533,.T.);
#1452=EDGE_CURVE('',#1204,#1204,#1130,.T.);
#1453=EDGE_CURVE('',#1205,#1205,#1131,.T.);
#1454=EDGE_CURVE('',#1205,#1206,#534,.T.);
#1455=EDGE_CURVE('',#1206,#1206,#1132,.T.);
#1456=EDGE_CURVE('',#1207,#1208,#535,.T.);
#1457=EDGE_CURVE('',#1209,#1207,#536,.T.);
#1458=EDGE_CURVE('',#1209,#1210,#537,.T.);
#1459=EDGE_CURVE('',#1208,#1210,#538,.T.);
#1460=EDGE_CURVE('',#1210,#1209,#1133,.T.);
#1461=EDGE_CURVE('',#1211,#1212,#539,.T.);
#1462=EDGE_CURVE('',#1213,#1211,#540,.T.);
#1463=EDGE_CURVE('',#1213,#1214,#541,.T.);
#1464=EDGE_CURVE('',#1212,#1214,#542,.T.);
#1465=EDGE_CURVE('',#1214,#1213,#1134,.T.);
#1466=EDGE_CURVE('',#1208,#1211,#1135,.T.);
#1467=EDGE_CURVE('',#1212,#1215,#1136,.T.);
#1468=EDGE_CURVE('',#1215,#1207,#1137,.T.);
#1469=EDGE_CURVE('',#1216,#1217,#543,.T.);
#1470=EDGE_CURVE('',#1218,#1216,#544,.T.);
#1471=EDGE_CURVE('',#1218,#1219,#545,.T.);
#1472=EDGE_CURVE('',#1217,#1219,#546,.T.);
#1473=EDGE_CURVE('',#1219,#1218,#1138,.T.);
#1474=EDGE_CURVE('',#1220,#1221,#547,.T.);
#1475=EDGE_CURVE('',#1222,#1220,#548,.T.);
#1476=EDGE_CURVE('',#1222,#1223,#549,.T.);
#1477=EDGE_CURVE('',#1221,#1223,#550,.T.);
#1478=EDGE_CURVE('',#1223,#1222,#1139,.T.);
#1479=EDGE_CURVE('',#1221,#1224,#1140,.T.);
#1480=EDGE_CURVE('',#1217,#1220,#1141,.T.);
#1481=EDGE_CURVE('',#1224,#1216,#1142,.T.);
#1482=EDGE_CURVE('',#1224,#1215,#551,.T.);
#1483=EDGE_CURVE('',#1225,#1225,#1143,.T.);
#1484=EDGE_CURVE('',#1225,#1226,#1144,.T.);
#1485=EDGE_CURVE('',#1226,#1226,#1145,.T.);
#1486=EDGE_CURVE('',#1227,#1227,#1146,.T.);
#1487=EDGE_CURVE('',#1228,#1228,#1147,.T.);
#1488=EDGE_CURVE('',#1228,#1229,#552,.T.);
#1489=EDGE_CURVE('',#1229,#1229,#1148,.T.);
#1490=EDGE_CURVE('',#1228,#1230,#553,.T.);
#1491=EDGE_CURVE('',#1230,#1230,#1149,.T.);
#1492=EDGE_CURVE('',#1231,#1232,#1150,.T.);
#1493=EDGE_CURVE('',#1232,#1233,#554,.T.);
#1494=EDGE_CURVE('',#1233,#1234,#1151,.T.);
#1495=EDGE_CURVE('',#1234,#1231,#555,.T.);
#1496=EDGE_CURVE('',#1235,#1232,#556,.T.);
#1497=EDGE_CURVE('',#1236,#1235,#557,.T.);
#1498=EDGE_CURVE('',#1233,#1236,#558,.T.);
#1499=EDGE_CURVE('',#1237,#1238,#1152,.T.);
#1500=EDGE_CURVE('',#1238,#1239,#559,.T.);
#1501=EDGE_CURVE('',#1239,#1240,#1153,.T.);
#1502=EDGE_CURVE('',#1240,#1237,#560,.T.);
#1503=EDGE_CURVE('',#1241,#1238,#561,.T.);
#1504=EDGE_CURVE('',#1241,#1242,#562,.T.);
#1505=EDGE_CURVE('',#1239,#1242,#563,.T.);
#1506=EDGE_CURVE('',#1243,#1244,#1154,.T.);
#1507=EDGE_CURVE('',#1244,#1245,#564,.T.);
#1508=EDGE_CURVE('',#1245,#1246,#1155,.T.);
#1509=EDGE_CURVE('',#1246,#1243,#565,.T.);
#1510=EDGE_CURVE('',#1247,#1246,#566,.T.);
#1511=EDGE_CURVE('',#1248,#1247,#567,.T.);
#1512=EDGE_CURVE('',#1243,#1248,#568,.T.);
#1513=EDGE_CURVE('',#1234,#1237,#569,.T.);
#1514=EDGE_CURVE('',#1240,#1231,#570,.T.);
#1515=EDGE_CURVE('',#1245,#1249,#571,.T.);
#1516=EDGE_CURVE('',#1249,#1250,#572,.T.);
#1517=EDGE_CURVE('',#1250,#1251,#573,.T.);
#1518=EDGE_CURVE('',#1252,#1251,#574,.T.);
#1519=EDGE_CURVE('',#1253,#1252,#575,.T.);
#1520=EDGE_CURVE('',#1253,#1254,#576,.T.);
#1521=EDGE_CURVE('',#1254,#1255,#577,.T.);
#1522=EDGE_CURVE('',#1247,#1255,#1156,.T.);
#1523=EDGE_CURVE('',#1256,#1257,#578,.T.);
#1524=EDGE_CURVE('',#1257,#1258,#579,.T.);
#1525=EDGE_CURVE('',#1258,#1259,#580,.T.);
#1526=EDGE_CURVE('',#1259,#1260,#581,.T.);
#1527=EDGE_CURVE('',#1260,#1261,#582,.T.);
#1528=EDGE_CURVE('',#1261,#1262,#583,.T.);
#1529=EDGE_CURVE('',#1262,#1263,#584,.T.);
#1530=EDGE_CURVE('',#1263,#1256,#585,.T.);
#1531=EDGE_CURVE('',#1264,#1264,#1157,.T.);
#1532=EDGE_CURVE('',#1265,#1265,#1158,.T.);
#1533=EDGE_CURVE('',#1266,#1266,#1159,.T.);
#1534=EDGE_CURVE('',#1267,#1248,#1160,.T.);
#1535=EDGE_CURVE('',#1255,#1267,#586,.T.);
#1536=EDGE_CURVE('',#1254,#1268,#587,.T.);
#1537=EDGE_CURVE('',#1268,#1269,#588,.T.);
#1538=EDGE_CURVE('',#1267,#1269,#589,.T.);
#1539=EDGE_CURVE('',#1262,#1270,#590,.T.);
#1540=EDGE_CURVE('',#1270,#1271,#591,.T.);
#1541=EDGE_CURVE('',#1271,#1272,#592,.T.);
#1542=EDGE_CURVE('',#1272,#1273,#593,.T.);
#1543=EDGE_CURVE('',#1273,#1263,#594,.T.);
#1544=EDGE_CURVE('',#1270,#1274,#595,.T.);
#1545=EDGE_CURVE('',#1275,#1274,#596,.T.);
#1546=EDGE_CURVE('',#1271,#1275,#597,.T.);
#1547=EDGE_CURVE('',#1276,#1275,#598,.T.);
#1548=EDGE_CURVE('',#1272,#1276,#599,.T.);
#1549=EDGE_CURVE('',#1277,#1276,#600,.T.);
#1550=EDGE_CURVE('',#1273,#1277,#601,.T.);
#1551=EDGE_CURVE('',#1256,#1277,#602,.T.);
#1552=EDGE_CURVE('',#1274,#1257,#603,.T.);
#1553=EDGE_CURVE('',#1278,#1279,#604,.T.);
#1554=EDGE_CURVE('',#1280,#1279,#605,.T.);
#1555=EDGE_CURVE('',#1280,#1281,#606,.T.);
#1556=EDGE_CURVE('',#1281,#1282,#607,.T.);
#1557=EDGE_CURVE('',#1282,#1283,#608,.T.);
#1558=EDGE_CURVE('',#1283,#1278,#609,.T.);
#1559=EDGE_CURVE('',#1284,#1280,#610,.T.);
#1560=EDGE_CURVE('',#1285,#1284,#611,.T.);
#1561=EDGE_CURVE('',#1281,#1285,#612,.T.);
#1562=EDGE_CURVE('',#1286,#1285,#613,.T.);
#1563=EDGE_CURVE('',#1282,#1286,#614,.T.);
#1564=EDGE_CURVE('',#1287,#1286,#615,.T.);
#1565=EDGE_CURVE('',#1283,#1287,#616,.T.);
#1566=EDGE_CURVE('',#1288,#1287,#617,.T.);
#1567=EDGE_CURVE('',#1278,#1288,#618,.T.);
#1568=EDGE_CURVE('',#1289,#1288,#619,.T.);
#1569=EDGE_CURVE('',#1289,#1284,#620,.T.);
#1570=EDGE_CURVE('',#1290,#1291,#621,.T.);
#1571=EDGE_CURVE('',#1290,#1292,#622,.T.);
#1572=EDGE_CURVE('',#1293,#1292,#623,.T.);
#1573=EDGE_CURVE('',#1291,#1293,#624,.T.);
#1574=EDGE_CURVE('',#1279,#1294,#625,.T.);
#1575=EDGE_CURVE('',#1294,#1295,#626,.T.);
#1576=EDGE_CURVE('',#1295,#1296,#627,.T.);
#1577=EDGE_CURVE('',#1296,#1297,#628,.T.);
#1578=EDGE_CURVE('',#1297,#1289,#629,.T.);
#1579=EDGE_CURVE('',#1298,#1299,#630,.T.);
#1580=EDGE_CURVE('',#1294,#1298,#631,.T.);
#1581=EDGE_CURVE('',#1297,#1299,#632,.T.);
#1582=EDGE_CURVE('',#1300,#1301,#633,.T.);
#1583=EDGE_CURVE('',#1300,#1258,#634,.T.);
#1584=EDGE_CURVE('',#1301,#1261,#635,.T.);
#1585=EDGE_CURVE('',#1302,#1298,#636,.T.);
#1586=EDGE_CURVE('',#1295,#1302,#637,.T.);
#1587=EDGE_CURVE('',#1301,#1303,#638,.T.);
#1588=EDGE_CURVE('',#1303,#1260,#639,.T.);
#1589=EDGE_CURVE('',#1299,#1304,#640,.T.);
#1590=EDGE_CURVE('',#1296,#1304,#641,.T.);
#1591=EDGE_CURVE('',#1304,#1302,#642,.T.);
#1592=EDGE_CURVE('',#1303,#1305,#643,.T.);
#1593=EDGE_CURVE('',#1305,#1259,#644,.T.);
#1594=EDGE_CURVE('',#1305,#1300,#645,.T.);
#1595=EDGE_CURVE('',#1306,#1307,#646,.T.);
#1596=EDGE_CURVE('',#1306,#1308,#647,.T.);
#1597=EDGE_CURVE('',#1309,#1308,#648,.T.);
#1598=EDGE_CURVE('',#1307,#1309,#649,.T.);
#1599=EDGE_CURVE('',#1307,#1310,#1161,.T.);
#1600=EDGE_CURVE('',#1311,#1309,#1162,.T.);
#1601=EDGE_CURVE('',#1310,#1311,#650,.T.);
#1602=EDGE_CURVE('',#1310,#1312,#651,.T.);
#1603=EDGE_CURVE('',#1313,#1311,#652,.T.);
#1604=EDGE_CURVE('',#1312,#1313,#653,.T.);
#1605=EDGE_CURVE('',#1312,#1306,#1163,.T.);
#1606=EDGE_CURVE('',#1308,#1313,#1164,.T.);
#1607=EDGE_CURVE('',#1268,#1290,#1165,.T.);
#1608=EDGE_CURVE('',#1253,#1268,#1166,.T.);
#1609=EDGE_CURVE('',#1292,#1252,#1167,.T.);
#1610=EDGE_CURVE('',#1314,#1250,#1168,.T.);
#1611=EDGE_CURVE('',#1291,#1314,#1169,.T.);
#1612=EDGE_CURVE('',#1251,#1293,#1170,.T.);
#1613=EDGE_CURVE('',#1314,#1249,#654,.T.);
#1614=EDGE_CURVE('',#1236,#1241,#655,.T.);
#1615=EDGE_CURVE('',#1315,#1315,#1171,.T.);
#1616=EDGE_CURVE('',#1315,#1316,#656,.T.);
#1617=EDGE_CURVE('',#1316,#1316,#1172,.T.);
#1618=EDGE_CURVE('',#1242,#1235,#657,.T.);
#1619=EDGE_CURVE('',#1266,#1317,#658,.T.);
#1620=EDGE_CURVE('',#1317,#1317,#1173,.T.);
#1621=EDGE_CURVE('',#1265,#1318,#659,.T.);
#1622=EDGE_CURVE('',#1318,#1318,#1174,.T.);
#1623=EDGE_CURVE('',#1264,#1227,#660,.T.);
#1624=EDGE_CURVE('',#1319,#1314,#661,.T.);
#1625=EDGE_CURVE('',#1269,#1319,#662,.T.);
#1626=EDGE_CURVE('',#1319,#1244,#663,.T.);
#1627=EDGE_CURVE('',#1320,#1321,#1175,.T.);
#1628=EDGE_CURVE('',#1322,#1320,#664,.T.);
#1629=EDGE_CURVE('',#1323,#1322,#1176,.T.);
#1630=EDGE_CURVE('',#1321,#1323,#665,.T.);
#1631=EDGE_CURVE('',#1324,#1325,#666,.T.);
#1632=EDGE_CURVE('',#1321,#1324,#667,.T.);
#1633=EDGE_CURVE('',#1323,#1325,#668,.T.);
#1634=EDGE_CURVE('',#1325,#1326,#1177,.T.);
#1635=EDGE_CURVE('',#1322,#1326,#669,.T.);
#1636=EDGE_CURVE('',#1326,#1327,#670,.T.);
#1637=EDGE_CURVE('',#1320,#1327,#671,.T.);
#1638=EDGE_CURVE('',#1327,#1324,#1178,.T.);
#1639=EDGE_CURVE('',#1328,#1329,#672,.T.);
#1640=EDGE_CURVE('',#1328,#1330,#673,.T.);
#1641=EDGE_CURVE('',#1331,#1330,#674,.T.);
#1642=EDGE_CURVE('',#1329,#1331,#675,.T.);
#1643=EDGE_CURVE('',#1329,#1332,#676,.T.);
#1644=EDGE_CURVE('',#1333,#1331,#677,.T.);
#1645=EDGE_CURVE('',#1332,#1333,#678,.T.);
#1646=EDGE_CURVE('',#1332,#1334,#679,.T.);
#1647=EDGE_CURVE('',#1335,#1333,#680,.T.);
#1648=EDGE_CURVE('',#1334,#1335,#681,.T.);
#1649=EDGE_CURVE('',#1334,#1328,#682,.T.);
#1650=EDGE_CURVE('',#1330,#1335,#683,.T.);
#1651=EDGE_CURVE('',#1336,#1336,#1179,.T.);
#1652=EDGE_CURVE('',#1336,#1337,#684,.T.);
#1653=EDGE_CURVE('',#1337,#1337,#1180,.T.);
#1654=EDGE_CURVE('',#1338,#1339,#685,.T.);
#1655=EDGE_CURVE('',#1338,#1340,#686,.T.);
#1656=EDGE_CURVE('',#1341,#1340,#687,.T.);
#1657=EDGE_CURVE('',#1339,#1341,#688,.T.);
#1658=EDGE_CURVE('',#1339,#1338,#1181,.T.);
#1659=EDGE_CURVE('',#1340,#1341,#1182,.T.);
#1660=EDGE_CURVE('',#1342,#1343,#1183,.T.);
#1661=EDGE_CURVE('',#1343,#1344,#689,.T.);
#1662=EDGE_CURVE('',#1344,#1345,#1184,.T.);
#1663=EDGE_CURVE('',#1345,#1342,#690,.T.);
#1664=EDGE_CURVE('',#1346,#1347,#691,.T.);
#1665=EDGE_CURVE('',#1348,#1346,#1185,.T.);
#1666=EDGE_CURVE('',#1349,#1348,#692,.T.);
#1667=EDGE_CURVE('',#1347,#1349,#1186,.T.);
#1668=EDGE_CURVE('',#1348,#1344,#693,.T.);
#1669=EDGE_CURVE('',#1349,#1343,#694,.T.);
#1670=EDGE_CURVE('',#1346,#1345,#695,.T.);
#1671=EDGE_CURVE('',#1347,#1342,#696,.T.);
#1672=EDGE_CURVE('',#1350,#1351,#697,.T.);
#1673=EDGE_CURVE('',#1351,#1352,#698,.T.);
#1674=EDGE_CURVE('',#1353,#1352,#699,.T.);
#1675=EDGE_CURVE('',#1350,#1353,#700,.T.);
#1676=EDGE_CURVE('',#1354,#1350,#701,.T.);
#1677=EDGE_CURVE('',#1355,#1353,#702,.T.);
#1678=EDGE_CURVE('',#1354,#1355,#703,.T.);
#1679=EDGE_CURVE('',#1356,#1354,#704,.T.);
#1680=EDGE_CURVE('',#1357,#1355,#705,.T.);
#1681=EDGE_CURVE('',#1356,#1357,#706,.T.);
#1682=EDGE_CURVE('',#1351,#1356,#707,.T.);
#1683=EDGE_CURVE('',#1352,#1357,#708,.T.);
#1684=EDGE_CURVE('',#1358,#1359,#709,.T.);
#1685=EDGE_CURVE('',#1359,#1360,#710,.T.);
#1686=EDGE_CURVE('',#1361,#1360,#711,.T.);
#1687=EDGE_CURVE('',#1358,#1361,#712,.T.);
#1688=EDGE_CURVE('',#1362,#1358,#713,.T.);
#1689=EDGE_CURVE('',#1363,#1361,#714,.T.);
#1690=EDGE_CURVE('',#1362,#1363,#715,.T.);
#1691=EDGE_CURVE('',#1364,#1362,#716,.T.);
#1692=EDGE_CURVE('',#1365,#1363,#717,.T.);
#1693=EDGE_CURVE('',#1364,#1365,#718,.T.);
#1694=EDGE_CURVE('',#1359,#1364,#719,.T.);
#1695=EDGE_CURVE('',#1360,#1365,#720,.T.);
#1696=EDGE_CURVE('',#1366,#1367,#721,.T.);
#1697=EDGE_CURVE('',#1367,#1368,#722,.T.);
#1698=EDGE_CURVE('',#1369,#1368,#723,.T.);
#1699=EDGE_CURVE('',#1366,#1369,#724,.T.);
#1700=EDGE_CURVE('',#1370,#1366,#725,.T.);
#1701=EDGE_CURVE('',#1371,#1369,#726,.T.);
#1702=EDGE_CURVE('',#1370,#1371,#727,.T.);
#1703=EDGE_CURVE('',#1372,#1370,#728,.T.);
#1704=EDGE_CURVE('',#1373,#1371,#729,.T.);
#1705=EDGE_CURVE('',#1372,#1373,#730,.T.);
#1706=EDGE_CURVE('',#1367,#1372,#731,.T.);
#1707=EDGE_CURVE('',#1368,#1373,#732,.T.);
#1708=EDGE_CURVE('',#1374,#1374,#1187,.T.);
#1709=EDGE_CURVE('',#1374,#1375,#733,.T.);
#1710=EDGE_CURVE('',#1375,#1375,#1188,.T.);
#1711=EDGE_CURVE('',#1376,#1377,#734,.T.);
#1712=EDGE_CURVE('',#1377,#1378,#735,.T.);
#1713=EDGE_CURVE('',#1379,#1378,#736,.T.);
#1714=EDGE_CURVE('',#1376,#1379,#737,.T.);
#1715=EDGE_CURVE('',#1380,#1376,#738,.T.);
#1716=EDGE_CURVE('',#1381,#1379,#739,.T.);
#1717=EDGE_CURVE('',#1380,#1381,#740,.T.);
#1718=EDGE_CURVE('',#1382,#1380,#741,.T.);
#1719=EDGE_CURVE('',#1383,#1381,#742,.T.);
#1720=EDGE_CURVE('',#1382,#1383,#743,.T.);
#1721=EDGE_CURVE('',#1377,#1382,#744,.T.);
#1722=EDGE_CURVE('',#1378,#1383,#745,.T.);
#1723=EDGE_CURVE('',#1384,#1385,#1189,.T.);
#1724=EDGE_CURVE('',#1385,#1386,#746,.T.);
#1725=EDGE_CURVE('',#1386,#1387,#1190,.T.);
#1726=EDGE_CURVE('',#1387,#1384,#747,.T.);
#1727=EDGE_CURVE('',#1388,#1385,#748,.T.);
#1728=EDGE_CURVE('',#1389,#1388,#749,.T.);
#1729=EDGE_CURVE('',#1390,#1389,#750,.T.);
#1730=EDGE_CURVE('',#1391,#1390,#751,.T.);
#1731=EDGE_CURVE('',#1392,#1391,#752,.T.);
#1732=EDGE_CURVE('',#1393,#1392,#753,.T.);
#1733=EDGE_CURVE('',#1386,#1393,#754,.T.);
#1734=EDGE_CURVE('',#1394,#1395,#755,.T.);
#1735=EDGE_CURVE('',#1396,#1394,#756,.T.);
#1736=EDGE_CURVE('',#1397,#1396,#757,.T.);
#1737=EDGE_CURVE('',#1395,#1397,#758,.T.);
#1738=EDGE_CURVE('',#1398,#1399,#1191,.T.);
#1739=EDGE_CURVE('',#1399,#1400,#759,.T.);
#1740=EDGE_CURVE('',#1400,#1401,#1192,.T.);
#1741=EDGE_CURVE('',#1401,#1398,#760,.T.);
#1742=EDGE_CURVE('',#1387,#1402,#761,.T.);
#1743=EDGE_CURVE('',#1402,#1403,#1193,.T.);
#1744=EDGE_CURVE('',#1403,#1400,#762,.T.);
#1745=EDGE_CURVE('',#1399,#1404,#763,.T.);
#1746=EDGE_CURVE('',#1404,#1405,#1194,.T.);
#1747=EDGE_CURVE('',#1405,#1384,#764,.T.);
#1748=EDGE_CURVE('',#1406,#1406,#1195,.T.);
#1749=EDGE_CURVE('',#1407,#1408,#1196,.T.);
#1750=EDGE_CURVE('',#1408,#1409,#765,.T.);
#1751=EDGE_CURVE('',#1409,#1410,#1197,.T.);
#1752=EDGE_CURVE('',#1410,#1407,#766,.T.);
#1753=EDGE_CURVE('',#1408,#1411,#767,.T.);
#1754=EDGE_CURVE('',#1411,#1412,#768,.T.);
#1755=EDGE_CURVE('',#1412,#1413,#769,.T.);
#1756=EDGE_CURVE('',#1413,#1414,#770,.T.);
#1757=EDGE_CURVE('',#1414,#1415,#771,.T.);
#1758=EDGE_CURVE('',#1415,#1416,#772,.T.);
#1759=EDGE_CURVE('',#1416,#1409,#773,.T.);
#1760=EDGE_CURVE('',#1417,#1418,#774,.T.);
#1761=EDGE_CURVE('',#1418,#1419,#775,.T.);
#1762=EDGE_CURVE('',#1419,#1420,#776,.T.);
#1763=EDGE_CURVE('',#1420,#1417,#777,.T.);
#1764=EDGE_CURVE('',#1421,#1407,#778,.T.);
#1765=EDGE_CURVE('',#1421,#1404,#779,.T.);
#1766=EDGE_CURVE('',#1422,#1398,#780,.T.);
#1767=EDGE_CURVE('',#1422,#1411,#781,.T.);
#1768=EDGE_CURVE('',#1423,#1424,#1198,.T.);
#1769=EDGE_CURVE('',#1424,#1425,#782,.T.);
#1770=EDGE_CURVE('',#1425,#1426,#1199,.T.);
#1771=EDGE_CURVE('',#1426,#1423,#783,.T.);
#1772=EDGE_CURVE('',#1427,#1425,#784,.T.);
#1773=EDGE_CURVE('',#1388,#1427,#785,.T.);
#1774=EDGE_CURVE('',#1428,#1405,#786,.T.);
#1775=EDGE_CURVE('',#1428,#1426,#787,.T.);
#1776=EDGE_CURVE('',#1424,#1429,#788,.T.);
#1777=EDGE_CURVE('',#1429,#1430,#789,.T.);
#1778=EDGE_CURVE('',#1430,#1431,#790,.T.);
#1779=EDGE_CURVE('',#1431,#1432,#791,.T.);
#1780=EDGE_CURVE('',#1432,#1433,#792,.T.);
#1781=EDGE_CURVE('',#1433,#1427,#793,.T.);
#1782=EDGE_CURVE('',#1434,#1435,#794,.T.);
#1783=EDGE_CURVE('',#1435,#1436,#795,.T.);
#1784=EDGE_CURVE('',#1436,#1437,#796,.T.);
#1785=EDGE_CURVE('',#1437,#1434,#797,.T.);
#1786=EDGE_CURVE('',#1394,#1434,#798,.T.);
#1787=EDGE_CURVE('',#1396,#1437,#799,.T.);
#1788=EDGE_CURVE('',#1397,#1436,#800,.T.);
#1789=EDGE_CURVE('',#1395,#1435,#801,.T.);
#1790=EDGE_CURVE('',#1389,#1433,#802,.T.);
#1791=EDGE_CURVE('',#1390,#1432,#803,.T.);
#1792=EDGE_CURVE('',#1391,#1431,#804,.T.);
#1793=EDGE_CURVE('',#1392,#1430,#805,.T.);
#1794=EDGE_CURVE('',#1393,#1429,#806,.T.);
#1795=EDGE_CURVE('',#1438,#1438,#1200,.T.);
#1796=EDGE_CURVE('',#1438,#1406,#807,.T.);
#1797=EDGE_CURVE('',#1439,#1440,#1201,.T.);
#1798=EDGE_CURVE('',#1439,#1403,#808,.T.);
#1799=EDGE_CURVE('',#1440,#1402,#809,.T.);
#1800=EDGE_CURVE('',#1423,#1440,#810,.T.);
#1801=EDGE_CURVE('',#1428,#1421,#1202,.T.);
#1802=EDGE_CURVE('',#1441,#1442,#811,.T.);
#1803=EDGE_CURVE('',#1442,#1417,#812,.T.);
#1804=EDGE_CURVE('',#1441,#1420,#813,.T.);
#1805=EDGE_CURVE('',#1443,#1441,#814,.T.);
#1806=EDGE_CURVE('',#1443,#1419,#815,.T.);
#1807=EDGE_CURVE('',#1444,#1443,#816,.T.);
#1808=EDGE_CURVE('',#1444,#1418,#817,.T.);
#1809=EDGE_CURVE('',#1442,#1444,#818,.T.);
#1810=EDGE_CURVE('',#1445,#1446,#819,.T.);
#1811=EDGE_CURVE('',#1445,#1416,#820,.T.);
#1812=EDGE_CURVE('',#1446,#1415,#821,.T.);
#1813=EDGE_CURVE('',#1446,#1447,#822,.T.);
#1814=EDGE_CURVE('',#1447,#1414,#823,.T.);
#1815=EDGE_CURVE('',#1447,#1448,#824,.T.);
#1816=EDGE_CURVE('',#1448,#1413,#825,.T.);
#1817=EDGE_CURVE('',#1448,#1449,#826,.T.);
#1818=EDGE_CURVE('',#1449,#1412,#827,.T.);
#1819=EDGE_CURVE('',#1449,#1422,#828,.T.);
#1820=EDGE_CURVE('',#1439,#1410,#829,.T.);
#1821=EDGE_CURVE('',#1401,#1445,#830,.T.);
#1822=ORIENTED_EDGE('',*,*,#1450,.F.);
#1823=ORIENTED_EDGE('',*,*,#1451,.T.);
#1824=ORIENTED_EDGE('',*,*,#1452,.T.);
#1825=ORIENTED_EDGE('',*,*,#1451,.F.);
#1826=ORIENTED_EDGE('',*,*,#1452,.F.);
#1827=ORIENTED_EDGE('',*,*,#1453,.F.);
#1828=ORIENTED_EDGE('',*,*,#1454,.T.);
#1829=ORIENTED_EDGE('',*,*,#1455,.T.);
#1830=ORIENTED_EDGE('',*,*,#1454,.F.);
#1831=ORIENTED_EDGE('',*,*,#1455,.F.);
#1832=ORIENTED_EDGE('',*,*,#1456,.F.);
#1833=ORIENTED_EDGE('',*,*,#1457,.F.);
#1834=ORIENTED_EDGE('',*,*,#1458,.T.);
#1835=ORIENTED_EDGE('',*,*,#1459,.F.);
#1836=ORIENTED_EDGE('',*,*,#1460,.F.);
#1837=ORIENTED_EDGE('',*,*,#1458,.F.);
#1838=ORIENTED_EDGE('',*,*,#1461,.F.);
#1839=ORIENTED_EDGE('',*,*,#1462,.F.);
#1840=ORIENTED_EDGE('',*,*,#1463,.T.);
#1841=ORIENTED_EDGE('',*,*,#1464,.F.);
#1842=ORIENTED_EDGE('',*,*,#1463,.F.);
#1843=ORIENTED_EDGE('',*,*,#1465,.F.);
#1844=ORIENTED_EDGE('',*,*,#1456,.T.);
#1845=ORIENTED_EDGE('',*,*,#1466,.T.);
#1846=ORIENTED_EDGE('',*,*,#1461,.T.);
#1847=ORIENTED_EDGE('',*,*,#1467,.T.);
#1848=ORIENTED_EDGE('',*,*,#1468,.T.);
#1849=ORIENTED_EDGE('',*,*,#1450,.T.);
#1850=ORIENTED_EDGE('',*,*,#1469,.F.);
#1851=ORIENTED_EDGE('',*,*,#1470,.F.);
#1852=ORIENTED_EDGE('',*,*,#1471,.T.);
#1853=ORIENTED_EDGE('',*,*,#1472,.F.);
#1854=ORIENTED_EDGE('',*,*,#1473,.F.);
#1855=ORIENTED_EDGE('',*,*,#1471,.F.);
#1856=ORIENTED_EDGE('',*,*,#1474,.F.);
#1857=ORIENTED_EDGE('',*,*,#1475,.F.);
#1858=ORIENTED_EDGE('',*,*,#1476,.T.);
#1859=ORIENTED_EDGE('',*,*,#1477,.F.);
#1860=ORIENTED_EDGE('',*,*,#1476,.F.);
#1861=ORIENTED_EDGE('',*,*,#1478,.F.);
#1862=ORIENTED_EDGE('',*,*,#1479,.F.);
#1863=ORIENTED_EDGE('',*,*,#1477,.T.);
#1864=ORIENTED_EDGE('',*,*,#1478,.T.);
#1865=ORIENTED_EDGE('',*,*,#1475,.T.);
#1866=ORIENTED_EDGE('',*,*,#1480,.F.);
#1867=ORIENTED_EDGE('',*,*,#1472,.T.);
#1868=ORIENTED_EDGE('',*,*,#1473,.T.);
#1869=ORIENTED_EDGE('',*,*,#1470,.T.);
#1870=ORIENTED_EDGE('',*,*,#1481,.F.);
#1871=ORIENTED_EDGE('',*,*,#1482,.T.);
#1872=ORIENTED_EDGE('',*,*,#1467,.F.);
#1873=ORIENTED_EDGE('',*,*,#1464,.T.);
#1874=ORIENTED_EDGE('',*,*,#1465,.T.);
#1875=ORIENTED_EDGE('',*,*,#1462,.T.);
#1876=ORIENTED_EDGE('',*,*,#1466,.F.);
#1877=ORIENTED_EDGE('',*,*,#1459,.T.);
#1878=ORIENTED_EDGE('',*,*,#1460,.T.);
#1879=ORIENTED_EDGE('',*,*,#1457,.T.);
#1880=ORIENTED_EDGE('',*,*,#1468,.F.);
#1881=ORIENTED_EDGE('',*,*,#1482,.F.);
#1882=ORIENTED_EDGE('',*,*,#1469,.T.);
#1883=ORIENTED_EDGE('',*,*,#1480,.T.);
#1884=ORIENTED_EDGE('',*,*,#1474,.T.);
#1885=ORIENTED_EDGE('',*,*,#1479,.T.);
#1886=ORIENTED_EDGE('',*,*,#1481,.T.);
#1887=ORIENTED_EDGE('',*,*,#1453,.T.);
#1888=ORIENTED_EDGE('',*,*,#1483,.T.);
#1889=ORIENTED_EDGE('',*,*,#1484,.T.);
#1890=ORIENTED_EDGE('',*,*,#1485,.F.);
#1891=ORIENTED_EDGE('',*,*,#1484,.F.);
#1892=ORIENTED_EDGE('',*,*,#1483,.F.);
#1893=ORIENTED_EDGE('',*,*,#1486,.T.);
#1894=ORIENTED_EDGE('',*,*,#1487,.T.);
#1895=ORIENTED_EDGE('',*,*,#1488,.T.);
#1896=ORIENTED_EDGE('',*,*,#1489,.T.);
#1897=ORIENTED_EDGE('',*,*,#1488,.F.);
#1898=ORIENTED_EDGE('',*,*,#1487,.F.);
#1899=ORIENTED_EDGE('',*,*,#1490,.T.);
#1900=ORIENTED_EDGE('',*,*,#1491,.F.);
#1901=ORIENTED_EDGE('',*,*,#1490,.F.);
#1902=ORIENTED_EDGE('',*,*,#1489,.F.);
#1903=ORIENTED_EDGE('',*,*,#1492,.T.);
#1904=ORIENTED_EDGE('',*,*,#1493,.T.);
#1905=ORIENTED_EDGE('',*,*,#1494,.T.);
#1906=ORIENTED_EDGE('',*,*,#1495,.T.);
#1907=ORIENTED_EDGE('',*,*,#1493,.F.);
#1908=ORIENTED_EDGE('',*,*,#1496,.F.);
#1909=ORIENTED_EDGE('',*,*,#1497,.F.);
#1910=ORIENTED_EDGE('',*,*,#1498,.F.);
#1911=ORIENTED_EDGE('',*,*,#1499,.T.);
#1912=ORIENTED_EDGE('',*,*,#1500,.T.);
#1913=ORIENTED_EDGE('',*,*,#1501,.T.);
#1914=ORIENTED_EDGE('',*,*,#1502,.T.);
#1915=ORIENTED_EDGE('',*,*,#1500,.F.);
#1916=ORIENTED_EDGE('',*,*,#1503,.F.);
#1917=ORIENTED_EDGE('',*,*,#1504,.T.);
#1918=ORIENTED_EDGE('',*,*,#1505,.F.);
#1919=ORIENTED_EDGE('',*,*,#1506,.T.);
#1920=ORIENTED_EDGE('',*,*,#1507,.T.);
#1921=ORIENTED_EDGE('',*,*,#1508,.T.);
#1922=ORIENTED_EDGE('',*,*,#1509,.T.);
#1923=ORIENTED_EDGE('',*,*,#1509,.F.);
#1924=ORIENTED_EDGE('',*,*,#1510,.F.);
#1925=ORIENTED_EDGE('',*,*,#1511,.F.);
#1926=ORIENTED_EDGE('',*,*,#1512,.F.);
#1927=ORIENTED_EDGE('',*,*,#1513,.T.);
#1928=ORIENTED_EDGE('',*,*,#1502,.F.);
#1929=ORIENTED_EDGE('',*,*,#1514,.T.);
#1930=ORIENTED_EDGE('',*,*,#1495,.F.);
#1931=ORIENTED_EDGE('',*,*,#1508,.F.);
#1932=ORIENTED_EDGE('',*,*,#1515,.T.);
#1933=ORIENTED_EDGE('',*,*,#1516,.T.);
#1934=ORIENTED_EDGE('',*,*,#1517,.T.);
#1935=ORIENTED_EDGE('',*,*,#1518,.F.);
#1936=ORIENTED_EDGE('',*,*,#1519,.F.);
#1937=ORIENTED_EDGE('',*,*,#1520,.T.);
#1938=ORIENTED_EDGE('',*,*,#1521,.T.);
#1939=ORIENTED_EDGE('',*,*,#1522,.F.);
#1940=ORIENTED_EDGE('',*,*,#1510,.T.);
#1941=ORIENTED_EDGE('',*,*,#1523,.T.);
#1942=ORIENTED_EDGE('',*,*,#1524,.T.);
#1943=ORIENTED_EDGE('',*,*,#1525,.T.);
#1944=ORIENTED_EDGE('',*,*,#1526,.T.);
#1945=ORIENTED_EDGE('',*,*,#1527,.T.);
#1946=ORIENTED_EDGE('',*,*,#1528,.T.);
#1947=ORIENTED_EDGE('',*,*,#1529,.T.);
#1948=ORIENTED_EDGE('',*,*,#1530,.T.);
#1949=ORIENTED_EDGE('',*,*,#1531,.T.);
#1950=ORIENTED_EDGE('',*,*,#1532,.T.);
#1951=ORIENTED_EDGE('',*,*,#1533,.T.);
#1952=ORIENTED_EDGE('',*,*,#1534,.T.);
#1953=ORIENTED_EDGE('',*,*,#1511,.T.);
#1954=ORIENTED_EDGE('',*,*,#1522,.T.);
#1955=ORIENTED_EDGE('',*,*,#1535,.T.);
#1956=ORIENTED_EDGE('',*,*,#1535,.F.);
#1957=ORIENTED_EDGE('',*,*,#1521,.F.);
#1958=ORIENTED_EDGE('',*,*,#1536,.T.);
#1959=ORIENTED_EDGE('',*,*,#1537,.T.);
#1960=ORIENTED_EDGE('',*,*,#1538,.F.);
#1961=ORIENTED_EDGE('',*,*,#1529,.F.);
#1962=ORIENTED_EDGE('',*,*,#1539,.T.);
#1963=ORIENTED_EDGE('',*,*,#1540,.T.);
#1964=ORIENTED_EDGE('',*,*,#1541,.T.);
#1965=ORIENTED_EDGE('',*,*,#1542,.T.);
#1966=ORIENTED_EDGE('',*,*,#1543,.T.);
#1967=ORIENTED_EDGE('',*,*,#1544,.T.);
#1968=ORIENTED_EDGE('',*,*,#1545,.F.);
#1969=ORIENTED_EDGE('',*,*,#1546,.F.);
#1970=ORIENTED_EDGE('',*,*,#1540,.F.);
#1971=ORIENTED_EDGE('',*,*,#1546,.T.);
#1972=ORIENTED_EDGE('',*,*,#1547,.F.);
#1973=ORIENTED_EDGE('',*,*,#1548,.F.);
#1974=ORIENTED_EDGE('',*,*,#1541,.F.);
#1975=ORIENTED_EDGE('',*,*,#1548,.T.);
#1976=ORIENTED_EDGE('',*,*,#1549,.F.);
#1977=ORIENTED_EDGE('',*,*,#1550,.F.);
#1978=ORIENTED_EDGE('',*,*,#1542,.F.);
#1979=ORIENTED_EDGE('',*,*,#1550,.T.);
#1980=ORIENTED_EDGE('',*,*,#1551,.F.);
#1981=ORIENTED_EDGE('',*,*,#1530,.F.);
#1982=ORIENTED_EDGE('',*,*,#1543,.F.);
#1983=ORIENTED_EDGE('',*,*,#1523,.F.);
#1984=ORIENTED_EDGE('',*,*,#1551,.T.);
#1985=ORIENTED_EDGE('',*,*,#1549,.T.);
#1986=ORIENTED_EDGE('',*,*,#1547,.T.);
#1987=ORIENTED_EDGE('',*,*,#1545,.T.);
#1988=ORIENTED_EDGE('',*,*,#1552,.T.);
#1989=ORIENTED_EDGE('',*,*,#1553,.T.);
#1990=ORIENTED_EDGE('',*,*,#1554,.F.);
#1991=ORIENTED_EDGE('',*,*,#1555,.T.);
#1992=ORIENTED_EDGE('',*,*,#1556,.T.);
#1993=ORIENTED_EDGE('',*,*,#1557,.T.);
#1994=ORIENTED_EDGE('',*,*,#1558,.T.);
#1995=ORIENTED_EDGE('',*,*,#1559,.F.);
#1996=ORIENTED_EDGE('',*,*,#1560,.F.);
#1997=ORIENTED_EDGE('',*,*,#1561,.F.);
#1998=ORIENTED_EDGE('',*,*,#1555,.F.);
#1999=ORIENTED_EDGE('',*,*,#1561,.T.);
#2000=ORIENTED_EDGE('',*,*,#1562,.F.);
#2001=ORIENTED_EDGE('',*,*,#1563,.F.);
#2002=ORIENTED_EDGE('',*,*,#1556,.F.);
#2003=ORIENTED_EDGE('',*,*,#1563,.T.);
#2004=ORIENTED_EDGE('',*,*,#1564,.F.);
#2005=ORIENTED_EDGE('',*,*,#1565,.F.);
#2006=ORIENTED_EDGE('',*,*,#1557,.F.);
#2007=ORIENTED_EDGE('',*,*,#1565,.T.);
#2008=ORIENTED_EDGE('',*,*,#1566,.F.);
#2009=ORIENTED_EDGE('',*,*,#1567,.F.);
#2010=ORIENTED_EDGE('',*,*,#1558,.F.);
#2011=ORIENTED_EDGE('',*,*,#1568,.T.);
#2012=ORIENTED_EDGE('',*,*,#1566,.T.);
#2013=ORIENTED_EDGE('',*,*,#1564,.T.);
#2014=ORIENTED_EDGE('',*,*,#1562,.T.);
#2015=ORIENTED_EDGE('',*,*,#1560,.T.);
#2016=ORIENTED_EDGE('',*,*,#1569,.F.);
#2017=ORIENTED_EDGE('',*,*,#1570,.F.);
#2018=ORIENTED_EDGE('',*,*,#1571,.T.);
#2019=ORIENTED_EDGE('',*,*,#1572,.F.);
#2020=ORIENTED_EDGE('',*,*,#1573,.F.);
#2021=ORIENTED_EDGE('',*,*,#1569,.T.);
#2022=ORIENTED_EDGE('',*,*,#1559,.T.);
#2023=ORIENTED_EDGE('',*,*,#1554,.T.);
#2024=ORIENTED_EDGE('',*,*,#1574,.T.);
#2025=ORIENTED_EDGE('',*,*,#1575,.T.);
#2026=ORIENTED_EDGE('',*,*,#1576,.T.);
#2027=ORIENTED_EDGE('',*,*,#1577,.T.);
#2028=ORIENTED_EDGE('',*,*,#1578,.T.);
#2029=ORIENTED_EDGE('',*,*,#1579,.F.);
#2030=ORIENTED_EDGE('',*,*,#1580,.F.);
#2031=ORIENTED_EDGE('',*,*,#1574,.F.);
#2032=ORIENTED_EDGE('',*,*,#1553,.F.);
#2033=ORIENTED_EDGE('',*,*,#1567,.T.);
#2034=ORIENTED_EDGE('',*,*,#1568,.F.);
#2035=ORIENTED_EDGE('',*,*,#1578,.F.);
#2036=ORIENTED_EDGE('',*,*,#1581,.T.);
#2037=ORIENTED_EDGE('',*,*,#1582,.F.);
#2038=ORIENTED_EDGE('',*,*,#1583,.T.);
#2039=ORIENTED_EDGE('',*,*,#1524,.F.);
#2040=ORIENTED_EDGE('',*,*,#1552,.F.);
#2041=ORIENTED_EDGE('',*,*,#1544,.F.);
#2042=ORIENTED_EDGE('',*,*,#1539,.F.);
#2043=ORIENTED_EDGE('',*,*,#1528,.F.);
#2044=ORIENTED_EDGE('',*,*,#1584,.F.);
#2045=ORIENTED_EDGE('',*,*,#1585,.F.);
#2046=ORIENTED_EDGE('',*,*,#1586,.F.);
#2047=ORIENTED_EDGE('',*,*,#1575,.F.);
#2048=ORIENTED_EDGE('',*,*,#1580,.T.);
#2049=ORIENTED_EDGE('',*,*,#1587,.F.);
#2050=ORIENTED_EDGE('',*,*,#1584,.T.);
#2051=ORIENTED_EDGE('',*,*,#1527,.F.);
#2052=ORIENTED_EDGE('',*,*,#1588,.F.);
#2053=ORIENTED_EDGE('',*,*,#1589,.F.);
#2054=ORIENTED_EDGE('',*,*,#1581,.F.);
#2055=ORIENTED_EDGE('',*,*,#1577,.F.);
#2056=ORIENTED_EDGE('',*,*,#1590,.T.);
#2057=ORIENTED_EDGE('',*,*,#1591,.F.);
#2058=ORIENTED_EDGE('',*,*,#1590,.F.);
#2059=ORIENTED_EDGE('',*,*,#1576,.F.);
#2060=ORIENTED_EDGE('',*,*,#1586,.T.);
#2061=ORIENTED_EDGE('',*,*,#1592,.F.);
#2062=ORIENTED_EDGE('',*,*,#1588,.T.);
#2063=ORIENTED_EDGE('',*,*,#1526,.F.);
#2064=ORIENTED_EDGE('',*,*,#1593,.F.);
#2065=ORIENTED_EDGE('',*,*,#1594,.F.);
#2066=ORIENTED_EDGE('',*,*,#1593,.T.);
#2067=ORIENTED_EDGE('',*,*,#1525,.F.);
#2068=ORIENTED_EDGE('',*,*,#1583,.F.);
#2069=ORIENTED_EDGE('',*,*,#1595,.F.);
#2070=ORIENTED_EDGE('',*,*,#1596,.T.);
#2071=ORIENTED_EDGE('',*,*,#1597,.F.);
#2072=ORIENTED_EDGE('',*,*,#1598,.F.);
#2073=ORIENTED_EDGE('',*,*,#1592,.T.);
#2074=ORIENTED_EDGE('',*,*,#1594,.T.);
#2075=ORIENTED_EDGE('',*,*,#1582,.T.);
#2076=ORIENTED_EDGE('',*,*,#1587,.T.);
#2077=ORIENTED_EDGE('',*,*,#1599,.F.);
#2078=ORIENTED_EDGE('',*,*,#1598,.T.);
#2079=ORIENTED_EDGE('',*,*,#1600,.F.);
#2080=ORIENTED_EDGE('',*,*,#1601,.F.);
#2081=ORIENTED_EDGE('',*,*,#1602,.F.);
#2082=ORIENTED_EDGE('',*,*,#1601,.T.);
#2083=ORIENTED_EDGE('',*,*,#1603,.F.);
#2084=ORIENTED_EDGE('',*,*,#1604,.F.);
#2085=ORIENTED_EDGE('',*,*,#1591,.T.);
#2086=ORIENTED_EDGE('',*,*,#1585,.T.);
#2087=ORIENTED_EDGE('',*,*,#1579,.T.);
#2088=ORIENTED_EDGE('',*,*,#1589,.T.);
#2089=ORIENTED_EDGE('',*,*,#1605,.F.);
#2090=ORIENTED_EDGE('',*,*,#1604,.T.);
#2091=ORIENTED_EDGE('',*,*,#1606,.F.);
#2092=ORIENTED_EDGE('',*,*,#1596,.F.);
#2093=ORIENTED_EDGE('',*,*,#1607,.F.);
#2094=ORIENTED_EDGE('',*,*,#1608,.F.);
#2095=ORIENTED_EDGE('',*,*,#1519,.T.);
#2096=ORIENTED_EDGE('',*,*,#1609,.F.);
#2097=ORIENTED_EDGE('',*,*,#1571,.F.);
#2098=ORIENTED_EDGE('',*,*,#1610,.F.);
#2099=ORIENTED_EDGE('',*,*,#1611,.F.);
#2100=ORIENTED_EDGE('',*,*,#1573,.T.);
#2101=ORIENTED_EDGE('',*,*,#1612,.F.);
#2102=ORIENTED_EDGE('',*,*,#1517,.F.);
#2103=ORIENTED_EDGE('',*,*,#1612,.T.);
#2104=ORIENTED_EDGE('',*,*,#1572,.T.);
#2105=ORIENTED_EDGE('',*,*,#1609,.T.);
#2106=ORIENTED_EDGE('',*,*,#1518,.T.);
#2107=ORIENTED_EDGE('',*,*,#1606,.T.);
#2108=ORIENTED_EDGE('',*,*,#1603,.T.);
#2109=ORIENTED_EDGE('',*,*,#1600,.T.);
#2110=ORIENTED_EDGE('',*,*,#1597,.T.);
#2111=ORIENTED_EDGE('',*,*,#1608,.T.);
#2112=ORIENTED_EDGE('',*,*,#1536,.F.);
#2113=ORIENTED_EDGE('',*,*,#1520,.F.);
#2114=ORIENTED_EDGE('',*,*,#1610,.T.);
#2115=ORIENTED_EDGE('',*,*,#1516,.F.);
#2116=ORIENTED_EDGE('',*,*,#1613,.F.);
#2117=ORIENTED_EDGE('',*,*,#1595,.T.);
#2118=ORIENTED_EDGE('',*,*,#1599,.T.);
#2119=ORIENTED_EDGE('',*,*,#1602,.T.);
#2120=ORIENTED_EDGE('',*,*,#1605,.T.);
#2121=ORIENTED_EDGE('',*,*,#1513,.F.);
#2122=ORIENTED_EDGE('',*,*,#1494,.F.);
#2123=ORIENTED_EDGE('',*,*,#1498,.T.);
#2124=ORIENTED_EDGE('',*,*,#1614,.T.);
#2125=ORIENTED_EDGE('',*,*,#1503,.T.);
#2126=ORIENTED_EDGE('',*,*,#1499,.F.);
#2127=ORIENTED_EDGE('',*,*,#1615,.T.);
#2128=ORIENTED_EDGE('',*,*,#1615,.F.);
#2129=ORIENTED_EDGE('',*,*,#1616,.T.);
#2130=ORIENTED_EDGE('',*,*,#1617,.F.);
#2131=ORIENTED_EDGE('',*,*,#1616,.F.);
#2132=ORIENTED_EDGE('',*,*,#1497,.T.);
#2133=ORIENTED_EDGE('',*,*,#1618,.F.);
#2134=ORIENTED_EDGE('',*,*,#1504,.F.);
#2135=ORIENTED_EDGE('',*,*,#1614,.F.);
#2136=ORIENTED_EDGE('',*,*,#1514,.F.);
#2137=ORIENTED_EDGE('',*,*,#1501,.F.);
#2138=ORIENTED_EDGE('',*,*,#1505,.T.);
#2139=ORIENTED_EDGE('',*,*,#1618,.T.);
#2140=ORIENTED_EDGE('',*,*,#1496,.T.);
#2141=ORIENTED_EDGE('',*,*,#1492,.F.);
#2142=ORIENTED_EDGE('',*,*,#1617,.T.);
#2143=ORIENTED_EDGE('',*,*,#1533,.F.);
#2144=ORIENTED_EDGE('',*,*,#1619,.T.);
#2145=ORIENTED_EDGE('',*,*,#1620,.F.);
#2146=ORIENTED_EDGE('',*,*,#1619,.F.);
#2147=ORIENTED_EDGE('',*,*,#1532,.F.);
#2148=ORIENTED_EDGE('',*,*,#1621,.T.);
#2149=ORIENTED_EDGE('',*,*,#1622,.F.);
#2150=ORIENTED_EDGE('',*,*,#1621,.F.);
#2151=ORIENTED_EDGE('',*,*,#1531,.F.);
#2152=ORIENTED_EDGE('',*,*,#1623,.T.);
#2153=ORIENTED_EDGE('',*,*,#1486,.F.);
#2154=ORIENTED_EDGE('',*,*,#1623,.F.);
#2155=ORIENTED_EDGE('',*,*,#1611,.T.);
#2156=ORIENTED_EDGE('',*,*,#1624,.F.);
#2157=ORIENTED_EDGE('',*,*,#1625,.F.);
#2158=ORIENTED_EDGE('',*,*,#1537,.F.);
#2159=ORIENTED_EDGE('',*,*,#1607,.T.);
#2160=ORIENTED_EDGE('',*,*,#1570,.T.);
#2161=ORIENTED_EDGE('',*,*,#1507,.F.);
#2162=ORIENTED_EDGE('',*,*,#1626,.F.);
#2163=ORIENTED_EDGE('',*,*,#1624,.T.);
#2164=ORIENTED_EDGE('',*,*,#1613,.T.);
#2165=ORIENTED_EDGE('',*,*,#1515,.F.);
#2166=ORIENTED_EDGE('',*,*,#1506,.F.);
#2167=ORIENTED_EDGE('',*,*,#1512,.T.);
#2168=ORIENTED_EDGE('',*,*,#1534,.F.);
#2169=ORIENTED_EDGE('',*,*,#1538,.T.);
#2170=ORIENTED_EDGE('',*,*,#1625,.T.);
#2171=ORIENTED_EDGE('',*,*,#1626,.T.);
#2172=ORIENTED_EDGE('',*,*,#1485,.T.);
#2173=ORIENTED_EDGE('',*,*,#1491,.T.);
#2174=ORIENTED_EDGE('',*,*,#1622,.T.);
#2175=ORIENTED_EDGE('',*,*,#1620,.T.);
#2176=ORIENTED_EDGE('',*,*,#1627,.F.);
#2177=ORIENTED_EDGE('',*,*,#1628,.F.);
#2178=ORIENTED_EDGE('',*,*,#1629,.F.);
#2179=ORIENTED_EDGE('',*,*,#1630,.F.);
#2180=ORIENTED_EDGE('',*,*,#1631,.F.);
#2181=ORIENTED_EDGE('',*,*,#1632,.F.);
#2182=ORIENTED_EDGE('',*,*,#1630,.T.);
#2183=ORIENTED_EDGE('',*,*,#1633,.T.);
#2184=ORIENTED_EDGE('',*,*,#1634,.F.);
#2185=ORIENTED_EDGE('',*,*,#1633,.F.);
#2186=ORIENTED_EDGE('',*,*,#1629,.T.);
#2187=ORIENTED_EDGE('',*,*,#1635,.T.);
#2188=ORIENTED_EDGE('',*,*,#1636,.F.);
#2189=ORIENTED_EDGE('',*,*,#1635,.F.);
#2190=ORIENTED_EDGE('',*,*,#1628,.T.);
#2191=ORIENTED_EDGE('',*,*,#1637,.T.);
#2192=ORIENTED_EDGE('',*,*,#1638,.F.);
#2193=ORIENTED_EDGE('',*,*,#1637,.F.);
#2194=ORIENTED_EDGE('',*,*,#1627,.T.);
#2195=ORIENTED_EDGE('',*,*,#1632,.T.);
#2196=ORIENTED_EDGE('',*,*,#1636,.T.);
#2197=ORIENTED_EDGE('',*,*,#1638,.T.);
#2198=ORIENTED_EDGE('',*,*,#1631,.T.);
#2199=ORIENTED_EDGE('',*,*,#1634,.T.);
#2200=ORIENTED_EDGE('',*,*,#1639,.F.);
#2201=ORIENTED_EDGE('',*,*,#1640,.T.);
#2202=ORIENTED_EDGE('',*,*,#1641,.F.);
#2203=ORIENTED_EDGE('',*,*,#1642,.F.);
#2204=ORIENTED_EDGE('',*,*,#1643,.F.);
#2205=ORIENTED_EDGE('',*,*,#1642,.T.);
#2206=ORIENTED_EDGE('',*,*,#1644,.F.);
#2207=ORIENTED_EDGE('',*,*,#1645,.F.);
#2208=ORIENTED_EDGE('',*,*,#1646,.F.);
#2209=ORIENTED_EDGE('',*,*,#1645,.T.);
#2210=ORIENTED_EDGE('',*,*,#1647,.F.);
#2211=ORIENTED_EDGE('',*,*,#1648,.F.);
#2212=ORIENTED_EDGE('',*,*,#1649,.F.);
#2213=ORIENTED_EDGE('',*,*,#1648,.T.);
#2214=ORIENTED_EDGE('',*,*,#1650,.F.);
#2215=ORIENTED_EDGE('',*,*,#1640,.F.);
#2216=ORIENTED_EDGE('',*,*,#1651,.F.);
#2217=ORIENTED_EDGE('',*,*,#1652,.T.);
#2218=ORIENTED_EDGE('',*,*,#1653,.F.);
#2219=ORIENTED_EDGE('',*,*,#1652,.F.);
#2220=ORIENTED_EDGE('',*,*,#1654,.F.);
#2221=ORIENTED_EDGE('',*,*,#1655,.T.);
#2222=ORIENTED_EDGE('',*,*,#1656,.F.);
#2223=ORIENTED_EDGE('',*,*,#1657,.F.);
#2224=ORIENTED_EDGE('',*,*,#1658,.F.);
#2225=ORIENTED_EDGE('',*,*,#1657,.T.);
#2226=ORIENTED_EDGE('',*,*,#1659,.F.);
#2227=ORIENTED_EDGE('',*,*,#1655,.F.);
#2228=ORIENTED_EDGE('',*,*,#1659,.T.);
#2229=ORIENTED_EDGE('',*,*,#1656,.T.);
#2230=ORIENTED_EDGE('',*,*,#1653,.T.);
#2231=ORIENTED_EDGE('',*,*,#1650,.T.);
#2232=ORIENTED_EDGE('',*,*,#1647,.T.);
#2233=ORIENTED_EDGE('',*,*,#1644,.T.);
#2234=ORIENTED_EDGE('',*,*,#1641,.T.);
#2235=ORIENTED_EDGE('',*,*,#1660,.T.);
#2236=ORIENTED_EDGE('',*,*,#1661,.T.);
#2237=ORIENTED_EDGE('',*,*,#1662,.T.);
#2238=ORIENTED_EDGE('',*,*,#1663,.T.);
#2239=ORIENTED_EDGE('',*,*,#1654,.T.);
#2240=ORIENTED_EDGE('',*,*,#1658,.T.);
#2241=ORIENTED_EDGE('',*,*,#1651,.T.);
#2242=ORIENTED_EDGE('',*,*,#1664,.F.);
#2243=ORIENTED_EDGE('',*,*,#1665,.F.);
#2244=ORIENTED_EDGE('',*,*,#1666,.F.);
#2245=ORIENTED_EDGE('',*,*,#1667,.F.);
#2246=ORIENTED_EDGE('',*,*,#1666,.T.);
#2247=ORIENTED_EDGE('',*,*,#1668,.T.);
#2248=ORIENTED_EDGE('',*,*,#1661,.F.);
#2249=ORIENTED_EDGE('',*,*,#1669,.F.);
#2250=ORIENTED_EDGE('',*,*,#1665,.T.);
#2251=ORIENTED_EDGE('',*,*,#1670,.T.);
#2252=ORIENTED_EDGE('',*,*,#1662,.F.);
#2253=ORIENTED_EDGE('',*,*,#1668,.F.);
#2254=ORIENTED_EDGE('',*,*,#1664,.T.);
#2255=ORIENTED_EDGE('',*,*,#1671,.T.);
#2256=ORIENTED_EDGE('',*,*,#1663,.F.);
#2257=ORIENTED_EDGE('',*,*,#1670,.F.);
#2258=ORIENTED_EDGE('',*,*,#1667,.T.);
#2259=ORIENTED_EDGE('',*,*,#1669,.T.);
#2260=ORIENTED_EDGE('',*,*,#1660,.F.);
#2261=ORIENTED_EDGE('',*,*,#1671,.F.);
#2262=ORIENTED_EDGE('',*,*,#1639,.T.);
#2263=ORIENTED_EDGE('',*,*,#1643,.T.);
#2264=ORIENTED_EDGE('',*,*,#1646,.T.);
#2265=ORIENTED_EDGE('',*,*,#1649,.T.);
#2266=ORIENTED_EDGE('',*,*,#1672,.T.);
#2267=ORIENTED_EDGE('',*,*,#1673,.T.);
#2268=ORIENTED_EDGE('',*,*,#1674,.F.);
#2269=ORIENTED_EDGE('',*,*,#1675,.F.);
#2270=ORIENTED_EDGE('',*,*,#1676,.T.);
#2271=ORIENTED_EDGE('',*,*,#1675,.T.);
#2272=ORIENTED_EDGE('',*,*,#1677,.F.);
#2273=ORIENTED_EDGE('',*,*,#1678,.F.);
#2274=ORIENTED_EDGE('',*,*,#1679,.T.);
#2275=ORIENTED_EDGE('',*,*,#1678,.T.);
#2276=ORIENTED_EDGE('',*,*,#1680,.F.);
#2277=ORIENTED_EDGE('',*,*,#1681,.F.);
#2278=ORIENTED_EDGE('',*,*,#1682,.T.);
#2279=ORIENTED_EDGE('',*,*,#1681,.T.);
#2280=ORIENTED_EDGE('',*,*,#1683,.F.);
#2281=ORIENTED_EDGE('',*,*,#1673,.F.);
#2282=ORIENTED_EDGE('',*,*,#1684,.T.);
#2283=ORIENTED_EDGE('',*,*,#1685,.T.);
#2284=ORIENTED_EDGE('',*,*,#1686,.F.);
#2285=ORIENTED_EDGE('',*,*,#1687,.F.);
#2286=ORIENTED_EDGE('',*,*,#1688,.T.);
#2287=ORIENTED_EDGE('',*,*,#1687,.T.);
#2288=ORIENTED_EDGE('',*,*,#1689,.F.);
#2289=ORIENTED_EDGE('',*,*,#1690,.F.);
#2290=ORIENTED_EDGE('',*,*,#1691,.T.);
#2291=ORIENTED_EDGE('',*,*,#1690,.T.);
#2292=ORIENTED_EDGE('',*,*,#1692,.F.);
#2293=ORIENTED_EDGE('',*,*,#1693,.F.);
#2294=ORIENTED_EDGE('',*,*,#1694,.T.);
#2295=ORIENTED_EDGE('',*,*,#1693,.T.);
#2296=ORIENTED_EDGE('',*,*,#1695,.F.);
#2297=ORIENTED_EDGE('',*,*,#1685,.F.);
#2298=ORIENTED_EDGE('',*,*,#1696,.T.);
#2299=ORIENTED_EDGE('',*,*,#1697,.T.);
#2300=ORIENTED_EDGE('',*,*,#1698,.F.);
#2301=ORIENTED_EDGE('',*,*,#1699,.F.);
#2302=ORIENTED_EDGE('',*,*,#1700,.T.);
#2303=ORIENTED_EDGE('',*,*,#1699,.T.);
#2304=ORIENTED_EDGE('',*,*,#1701,.F.);
#2305=ORIENTED_EDGE('',*,*,#1702,.F.);
#2306=ORIENTED_EDGE('',*,*,#1703,.T.);
#2307=ORIENTED_EDGE('',*,*,#1702,.T.);
#2308=ORIENTED_EDGE('',*,*,#1704,.F.);
#2309=ORIENTED_EDGE('',*,*,#1705,.F.);
#2310=ORIENTED_EDGE('',*,*,#1706,.T.);
#2311=ORIENTED_EDGE('',*,*,#1705,.T.);
#2312=ORIENTED_EDGE('',*,*,#1707,.F.);
#2313=ORIENTED_EDGE('',*,*,#1697,.F.);
#2314=ORIENTED_EDGE('',*,*,#1707,.T.);
#2315=ORIENTED_EDGE('',*,*,#1704,.T.);
#2316=ORIENTED_EDGE('',*,*,#1701,.T.);
#2317=ORIENTED_EDGE('',*,*,#1698,.T.);
#2318=ORIENTED_EDGE('',*,*,#1695,.T.);
#2319=ORIENTED_EDGE('',*,*,#1692,.T.);
#2320=ORIENTED_EDGE('',*,*,#1689,.T.);
#2321=ORIENTED_EDGE('',*,*,#1686,.T.);
#2322=ORIENTED_EDGE('',*,*,#1683,.T.);
#2323=ORIENTED_EDGE('',*,*,#1680,.T.);
#2324=ORIENTED_EDGE('',*,*,#1677,.T.);
#2325=ORIENTED_EDGE('',*,*,#1674,.T.);
#2326=ORIENTED_EDGE('',*,*,#1706,.F.);
#2327=ORIENTED_EDGE('',*,*,#1696,.F.);
#2328=ORIENTED_EDGE('',*,*,#1700,.F.);
#2329=ORIENTED_EDGE('',*,*,#1703,.F.);
#2330=ORIENTED_EDGE('',*,*,#1694,.F.);
#2331=ORIENTED_EDGE('',*,*,#1684,.F.);
#2332=ORIENTED_EDGE('',*,*,#1688,.F.);
#2333=ORIENTED_EDGE('',*,*,#1691,.F.);
#2334=ORIENTED_EDGE('',*,*,#1682,.F.);
#2335=ORIENTED_EDGE('',*,*,#1672,.F.);
#2336=ORIENTED_EDGE('',*,*,#1676,.F.);
#2337=ORIENTED_EDGE('',*,*,#1679,.F.);
#2338=ORIENTED_EDGE('',*,*,#1708,.F.);
#2339=ORIENTED_EDGE('',*,*,#1709,.T.);
#2340=ORIENTED_EDGE('',*,*,#1710,.T.);
#2341=ORIENTED_EDGE('',*,*,#1709,.F.);
#2342=ORIENTED_EDGE('',*,*,#1708,.T.);
#2343=ORIENTED_EDGE('',*,*,#1710,.F.);
#2344=ORIENTED_EDGE('',*,*,#1711,.T.);
#2345=ORIENTED_EDGE('',*,*,#1712,.T.);
#2346=ORIENTED_EDGE('',*,*,#1713,.F.);
#2347=ORIENTED_EDGE('',*,*,#1714,.F.);
#2348=ORIENTED_EDGE('',*,*,#1715,.T.);
#2349=ORIENTED_EDGE('',*,*,#1714,.T.);
#2350=ORIENTED_EDGE('',*,*,#1716,.F.);
#2351=ORIENTED_EDGE('',*,*,#1717,.F.);
#2352=ORIENTED_EDGE('',*,*,#1718,.T.);
#2353=ORIENTED_EDGE('',*,*,#1717,.T.);
#2354=ORIENTED_EDGE('',*,*,#1719,.F.);
#2355=ORIENTED_EDGE('',*,*,#1720,.F.);
#2356=ORIENTED_EDGE('',*,*,#1721,.T.);
#2357=ORIENTED_EDGE('',*,*,#1720,.T.);
#2358=ORIENTED_EDGE('',*,*,#1722,.F.);
#2359=ORIENTED_EDGE('',*,*,#1712,.F.);
#2360=ORIENTED_EDGE('',*,*,#1722,.T.);
#2361=ORIENTED_EDGE('',*,*,#1719,.T.);
#2362=ORIENTED_EDGE('',*,*,#1716,.T.);
#2363=ORIENTED_EDGE('',*,*,#1713,.T.);
#2364=ORIENTED_EDGE('',*,*,#1721,.F.);
#2365=ORIENTED_EDGE('',*,*,#1711,.F.);
#2366=ORIENTED_EDGE('',*,*,#1715,.F.);
#2367=ORIENTED_EDGE('',*,*,#1718,.F.);
#2368=ORIENTED_EDGE('',*,*,#1723,.T.);
#2369=ORIENTED_EDGE('',*,*,#1724,.T.);
#2370=ORIENTED_EDGE('',*,*,#1725,.T.);
#2371=ORIENTED_EDGE('',*,*,#1726,.T.);
#2372=ORIENTED_EDGE('',*,*,#1724,.F.);
#2373=ORIENTED_EDGE('',*,*,#1727,.F.);
#2374=ORIENTED_EDGE('',*,*,#1728,.F.);
#2375=ORIENTED_EDGE('',*,*,#1729,.F.);
#2376=ORIENTED_EDGE('',*,*,#1730,.F.);
#2377=ORIENTED_EDGE('',*,*,#1731,.F.);
#2378=ORIENTED_EDGE('',*,*,#1732,.F.);
#2379=ORIENTED_EDGE('',*,*,#1733,.F.);
#2380=ORIENTED_EDGE('',*,*,#1734,.F.);
#2381=ORIENTED_EDGE('',*,*,#1735,.F.);
#2382=ORIENTED_EDGE('',*,*,#1736,.F.);
#2383=ORIENTED_EDGE('',*,*,#1737,.F.);
#2384=ORIENTED_EDGE('',*,*,#1738,.T.);
#2385=ORIENTED_EDGE('',*,*,#1739,.T.);
#2386=ORIENTED_EDGE('',*,*,#1740,.T.);
#2387=ORIENTED_EDGE('',*,*,#1741,.T.);
#2388=ORIENTED_EDGE('',*,*,#1726,.F.);
#2389=ORIENTED_EDGE('',*,*,#1742,.T.);
#2390=ORIENTED_EDGE('',*,*,#1743,.T.);
#2391=ORIENTED_EDGE('',*,*,#1744,.T.);
#2392=ORIENTED_EDGE('',*,*,#1739,.F.);
#2393=ORIENTED_EDGE('',*,*,#1745,.T.);
#2394=ORIENTED_EDGE('',*,*,#1746,.T.);
#2395=ORIENTED_EDGE('',*,*,#1747,.T.);
#2396=ORIENTED_EDGE('',*,*,#1748,.T.);
#2397=ORIENTED_EDGE('',*,*,#1749,.T.);
#2398=ORIENTED_EDGE('',*,*,#1750,.T.);
#2399=ORIENTED_EDGE('',*,*,#1751,.T.);
#2400=ORIENTED_EDGE('',*,*,#1752,.T.);
#2401=ORIENTED_EDGE('',*,*,#1750,.F.);
#2402=ORIENTED_EDGE('',*,*,#1753,.T.);
#2403=ORIENTED_EDGE('',*,*,#1754,.T.);
#2404=ORIENTED_EDGE('',*,*,#1755,.T.);
#2405=ORIENTED_EDGE('',*,*,#1756,.T.);
#2406=ORIENTED_EDGE('',*,*,#1757,.T.);
#2407=ORIENTED_EDGE('',*,*,#1758,.T.);
#2408=ORIENTED_EDGE('',*,*,#1759,.T.);
#2409=ORIENTED_EDGE('',*,*,#1760,.T.);
#2410=ORIENTED_EDGE('',*,*,#1761,.T.);
#2411=ORIENTED_EDGE('',*,*,#1762,.T.);
#2412=ORIENTED_EDGE('',*,*,#1763,.T.);
#2413=ORIENTED_EDGE('',*,*,#1749,.F.);
#2414=ORIENTED_EDGE('',*,*,#1764,.F.);
#2415=ORIENTED_EDGE('',*,*,#1765,.T.);
#2416=ORIENTED_EDGE('',*,*,#1745,.F.);
#2417=ORIENTED_EDGE('',*,*,#1738,.F.);
#2418=ORIENTED_EDGE('',*,*,#1766,.F.);
#2419=ORIENTED_EDGE('',*,*,#1767,.T.);
#2420=ORIENTED_EDGE('',*,*,#1753,.F.);
#2421=ORIENTED_EDGE('',*,*,#1768,.T.);
#2422=ORIENTED_EDGE('',*,*,#1769,.T.);
#2423=ORIENTED_EDGE('',*,*,#1770,.T.);
#2424=ORIENTED_EDGE('',*,*,#1771,.T.);
#2425=ORIENTED_EDGE('',*,*,#1770,.F.);
#2426=ORIENTED_EDGE('',*,*,#1772,.F.);
#2427=ORIENTED_EDGE('',*,*,#1773,.F.);
#2428=ORIENTED_EDGE('',*,*,#1727,.T.);
#2429=ORIENTED_EDGE('',*,*,#1723,.F.);
#2430=ORIENTED_EDGE('',*,*,#1747,.F.);
#2431=ORIENTED_EDGE('',*,*,#1774,.F.);
#2432=ORIENTED_EDGE('',*,*,#1775,.T.);
#2433=ORIENTED_EDGE('',*,*,#1769,.F.);
#2434=ORIENTED_EDGE('',*,*,#1776,.T.);
#2435=ORIENTED_EDGE('',*,*,#1777,.T.);
#2436=ORIENTED_EDGE('',*,*,#1778,.T.);
#2437=ORIENTED_EDGE('',*,*,#1779,.T.);
#2438=ORIENTED_EDGE('',*,*,#1780,.T.);
#2439=ORIENTED_EDGE('',*,*,#1781,.T.);
#2440=ORIENTED_EDGE('',*,*,#1772,.T.);
#2441=ORIENTED_EDGE('',*,*,#1782,.T.);
#2442=ORIENTED_EDGE('',*,*,#1783,.T.);
#2443=ORIENTED_EDGE('',*,*,#1784,.T.);
#2444=ORIENTED_EDGE('',*,*,#1785,.T.);
#2445=ORIENTED_EDGE('',*,*,#1735,.T.);
#2446=ORIENTED_EDGE('',*,*,#1786,.T.);
#2447=ORIENTED_EDGE('',*,*,#1785,.F.);
#2448=ORIENTED_EDGE('',*,*,#1787,.F.);
#2449=ORIENTED_EDGE('',*,*,#1736,.T.);
#2450=ORIENTED_EDGE('',*,*,#1787,.T.);
#2451=ORIENTED_EDGE('',*,*,#1784,.F.);
#2452=ORIENTED_EDGE('',*,*,#1788,.F.);
#2453=ORIENTED_EDGE('',*,*,#1737,.T.);
#2454=ORIENTED_EDGE('',*,*,#1788,.T.);
#2455=ORIENTED_EDGE('',*,*,#1783,.F.);
#2456=ORIENTED_EDGE('',*,*,#1789,.F.);
#2457=ORIENTED_EDGE('',*,*,#1734,.T.);
#2458=ORIENTED_EDGE('',*,*,#1789,.T.);
#2459=ORIENTED_EDGE('',*,*,#1782,.F.);
#2460=ORIENTED_EDGE('',*,*,#1786,.F.);
#2461=ORIENTED_EDGE('',*,*,#1728,.T.);
#2462=ORIENTED_EDGE('',*,*,#1773,.T.);
#2463=ORIENTED_EDGE('',*,*,#1781,.F.);
#2464=ORIENTED_EDGE('',*,*,#1790,.F.);
#2465=ORIENTED_EDGE('',*,*,#1729,.T.);
#2466=ORIENTED_EDGE('',*,*,#1790,.T.);
#2467=ORIENTED_EDGE('',*,*,#1780,.F.);
#2468=ORIENTED_EDGE('',*,*,#1791,.F.);
#2469=ORIENTED_EDGE('',*,*,#1730,.T.);
#2470=ORIENTED_EDGE('',*,*,#1791,.T.);
#2471=ORIENTED_EDGE('',*,*,#1779,.F.);
#2472=ORIENTED_EDGE('',*,*,#1792,.F.);
#2473=ORIENTED_EDGE('',*,*,#1731,.T.);
#2474=ORIENTED_EDGE('',*,*,#1792,.T.);
#2475=ORIENTED_EDGE('',*,*,#1778,.F.);
#2476=ORIENTED_EDGE('',*,*,#1793,.F.);
#2477=ORIENTED_EDGE('',*,*,#1732,.T.);
#2478=ORIENTED_EDGE('',*,*,#1793,.T.);
#2479=ORIENTED_EDGE('',*,*,#1777,.F.);
#2480=ORIENTED_EDGE('',*,*,#1794,.F.);
#2481=ORIENTED_EDGE('',*,*,#1795,.F.);
#2482=ORIENTED_EDGE('',*,*,#1796,.T.);
#2483=ORIENTED_EDGE('',*,*,#1748,.F.);
#2484=ORIENTED_EDGE('',*,*,#1796,.F.);
#2485=ORIENTED_EDGE('',*,*,#1797,.F.);
#2486=ORIENTED_EDGE('',*,*,#1798,.T.);
#2487=ORIENTED_EDGE('',*,*,#1743,.F.);
#2488=ORIENTED_EDGE('',*,*,#1799,.F.);
#2489=ORIENTED_EDGE('',*,*,#1768,.F.);
#2490=ORIENTED_EDGE('',*,*,#1800,.T.);
#2491=ORIENTED_EDGE('',*,*,#1799,.T.);
#2492=ORIENTED_EDGE('',*,*,#1742,.F.);
#2493=ORIENTED_EDGE('',*,*,#1725,.F.);
#2494=ORIENTED_EDGE('',*,*,#1733,.T.);
#2495=ORIENTED_EDGE('',*,*,#1794,.T.);
#2496=ORIENTED_EDGE('',*,*,#1776,.F.);
#2497=ORIENTED_EDGE('',*,*,#1801,.F.);
#2498=ORIENTED_EDGE('',*,*,#1774,.T.);
#2499=ORIENTED_EDGE('',*,*,#1746,.F.);
#2500=ORIENTED_EDGE('',*,*,#1765,.F.);
#2501=ORIENTED_EDGE('',*,*,#1802,.T.);
#2502=ORIENTED_EDGE('',*,*,#1803,.T.);
#2503=ORIENTED_EDGE('',*,*,#1763,.F.);
#2504=ORIENTED_EDGE('',*,*,#1804,.F.);
#2505=ORIENTED_EDGE('',*,*,#1805,.T.);
#2506=ORIENTED_EDGE('',*,*,#1804,.T.);
#2507=ORIENTED_EDGE('',*,*,#1762,.F.);
#2508=ORIENTED_EDGE('',*,*,#1806,.F.);
#2509=ORIENTED_EDGE('',*,*,#1807,.T.);
#2510=ORIENTED_EDGE('',*,*,#1806,.T.);
#2511=ORIENTED_EDGE('',*,*,#1761,.F.);
#2512=ORIENTED_EDGE('',*,*,#1808,.F.);
#2513=ORIENTED_EDGE('',*,*,#1809,.T.);
#2514=ORIENTED_EDGE('',*,*,#1808,.T.);
#2515=ORIENTED_EDGE('',*,*,#1760,.F.);
#2516=ORIENTED_EDGE('',*,*,#1803,.F.);
#2517=ORIENTED_EDGE('',*,*,#1810,.F.);
#2518=ORIENTED_EDGE('',*,*,#1811,.T.);
#2519=ORIENTED_EDGE('',*,*,#1758,.F.);
#2520=ORIENTED_EDGE('',*,*,#1812,.F.);
#2521=ORIENTED_EDGE('',*,*,#1813,.F.);
#2522=ORIENTED_EDGE('',*,*,#1812,.T.);
#2523=ORIENTED_EDGE('',*,*,#1757,.F.);
#2524=ORIENTED_EDGE('',*,*,#1814,.F.);
#2525=ORIENTED_EDGE('',*,*,#1815,.F.);
#2526=ORIENTED_EDGE('',*,*,#1814,.T.);
#2527=ORIENTED_EDGE('',*,*,#1756,.F.);
#2528=ORIENTED_EDGE('',*,*,#1816,.F.);
#2529=ORIENTED_EDGE('',*,*,#1817,.F.);
#2530=ORIENTED_EDGE('',*,*,#1816,.T.);
#2531=ORIENTED_EDGE('',*,*,#1755,.F.);
#2532=ORIENTED_EDGE('',*,*,#1818,.F.);
#2533=ORIENTED_EDGE('',*,*,#1819,.F.);
#2534=ORIENTED_EDGE('',*,*,#1818,.T.);
#2535=ORIENTED_EDGE('',*,*,#1754,.F.);
#2536=ORIENTED_EDGE('',*,*,#1767,.F.);
#2537=ORIENTED_EDGE('',*,*,#1752,.F.);
#2538=ORIENTED_EDGE('',*,*,#1820,.F.);
#2539=ORIENTED_EDGE('',*,*,#1797,.T.);
#2540=ORIENTED_EDGE('',*,*,#1800,.F.);
#2541=ORIENTED_EDGE('',*,*,#1771,.F.);
#2542=ORIENTED_EDGE('',*,*,#1775,.F.);
#2543=ORIENTED_EDGE('',*,*,#1801,.T.);
#2544=ORIENTED_EDGE('',*,*,#1764,.T.);
#2545=ORIENTED_EDGE('',*,*,#1795,.T.);
#2546=ORIENTED_EDGE('',*,*,#1751,.F.);
#2547=ORIENTED_EDGE('',*,*,#1759,.F.);
#2548=ORIENTED_EDGE('',*,*,#1811,.F.);
#2549=ORIENTED_EDGE('',*,*,#1821,.F.);
#2550=ORIENTED_EDGE('',*,*,#1740,.F.);
#2551=ORIENTED_EDGE('',*,*,#1744,.F.);
#2552=ORIENTED_EDGE('',*,*,#1798,.F.);
#2553=ORIENTED_EDGE('',*,*,#1820,.T.);
#2554=ORIENTED_EDGE('',*,*,#1741,.F.);
#2555=ORIENTED_EDGE('',*,*,#1821,.T.);
#2556=ORIENTED_EDGE('',*,*,#1810,.T.);
#2557=ORIENTED_EDGE('',*,*,#1813,.T.);
#2558=ORIENTED_EDGE('',*,*,#1815,.T.);
#2559=ORIENTED_EDGE('',*,*,#1817,.T.);
#2560=ORIENTED_EDGE('',*,*,#1819,.T.);
#2561=ORIENTED_EDGE('',*,*,#1766,.T.);
#2562=ORIENTED_EDGE('',*,*,#1809,.F.);
#2563=ORIENTED_EDGE('',*,*,#1802,.F.);
#2564=ORIENTED_EDGE('',*,*,#1805,.F.);
#2565=ORIENTED_EDGE('',*,*,#1807,.F.);
#2566=CYLINDRICAL_SURFACE('',#2801,1.18);
#2567=CYLINDRICAL_SURFACE('',#2805,1.18);
#2568=CYLINDRICAL_SURFACE('',#2825,2.73);
#2569=CYLINDRICAL_SURFACE('',#2840,2.08);
#2570=CYLINDRICAL_SURFACE('',#2843,1.);
#2571=CYLINDRICAL_SURFACE('',#2847,1.);
#2572=CYLINDRICAL_SURFACE('',#2851,2.);
#2573=CYLINDRICAL_SURFACE('',#2860,2.);
#2574=CYLINDRICAL_SURFACE('',#2885,9.95);
#2575=CYLINDRICAL_SURFACE('',#2889,9.95);
#2576=CYLINDRICAL_SURFACE('',#2892,11.25);
#2577=CYLINDRICAL_SURFACE('',#2896,11.25);
#2578=CYLINDRICAL_SURFACE('',#2906,1.5);
#2579=CYLINDRICAL_SURFACE('',#2910,1.5);
#2580=CYLINDRICAL_SURFACE('',#2912,1.5);
#2581=CYLINDRICAL_SURFACE('',#2914,2.73);
#2582=CYLINDRICAL_SURFACE('',#2923,9.95);
#2583=CYLINDRICAL_SURFACE('',#2926,9.95);
#2584=CYLINDRICAL_SURFACE('',#2933,0.75);
#2585=CYLINDRICAL_SURFACE('',#2937,5.);
#2586=CYLINDRICAL_SURFACE('',#2949,9.95);
#2587=CYLINDRICAL_SURFACE('',#2951,9.95);
#2588=CYLINDRICAL_SURFACE('',#2967,0.75);
#2589=CYLINDRICAL_SURFACE('',#2979,1.5);
#2590=CYLINDRICAL_SURFACE('',#2983,1.5);
#2591=CYLINDRICAL_SURFACE('',#2990,1.5);
#2592=CYLINDRICAL_SURFACE('',#2995,1.5);
#2593=CYLINDRICAL_SURFACE('',#3009,5.);
#2594=CYLINDRICAL_SURFACE('',#3011,7.);
#2595=CYLINDRICAL_SURFACE('',#3014,7.);
#2596=ADVANCED_FACE('',(#202),#2566,.F.);
#2597=ADVANCED_FACE('',(#203),#84,.T.);
#2598=ADVANCED_FACE('',(#204),#2567,.F.);
#2599=ADVANCED_FACE('',(#205),#85,.T.);
#2600=ADVANCED_FACE('',(#206),#86,.F.);
#2601=ADVANCED_FACE('',(#207),#87,.T.);
#2602=ADVANCED_FACE('',(#208),#88,.F.);
#2603=ADVANCED_FACE('',(#209),#89,.T.);
#2604=ADVANCED_FACE('',(#210,#53),#90,.F.);
#2605=ADVANCED_FACE('',(#211),#91,.F.);
#2606=ADVANCED_FACE('',(#212),#92,.T.);
#2607=ADVANCED_FACE('',(#213),#93,.F.);
#2608=ADVANCED_FACE('',(#214),#94,.T.);
#2609=ADVANCED_FACE('',(#215),#2568,.T.);
#2610=ADVANCED_FACE('',(#216,#54),#95,.T.);
#2611=ADVANCED_FACE('',(#217),#28,.T.);
#2612=ADVANCED_FACE('',(#218,#55),#96,.T.);
#2613=ADVANCED_FACE('',(#219),#27,.T.);
#2614=ADVANCED_FACE('',(#220),#2569,.T.);
#2615=ADVANCED_FACE('',(#221),#97,.T.);
#2616=ADVANCED_FACE('',(#222),#2570,.F.);
#2617=ADVANCED_FACE('',(#223),#98,.T.);
#2618=ADVANCED_FACE('',(#224),#2571,.F.);
#2619=ADVANCED_FACE('',(#225),#99,.T.);
#2620=ADVANCED_FACE('',(#226),#2572,.T.);
#2621=ADVANCED_FACE('',(#227,#56),#100,.T.);
#2622=ADVANCED_FACE('',(#228,#57,#58,#59,#60),#101,.F.);
#2623=ADVANCED_FACE('',(#229),#2573,.T.);
#2624=ADVANCED_FACE('',(#230),#102,.T.);
#2625=ADVANCED_FACE('',(#231),#103,.T.);
#2626=ADVANCED_FACE('',(#232),#104,.T.);
#2627=ADVANCED_FACE('',(#233),#105,.T.);
#2628=ADVANCED_FACE('',(#234),#106,.T.);
#2629=ADVANCED_FACE('',(#235),#107,.T.);
#2630=ADVANCED_FACE('',(#236),#108,.T.);
#2631=ADVANCED_FACE('',(#237),#109,.T.);
#2632=ADVANCED_FACE('',(#238),#110,.T.);
#2633=ADVANCED_FACE('',(#239),#111,.T.);
#2634=ADVANCED_FACE('',(#240),#112,.T.);
#2635=ADVANCED_FACE('',(#241),#113,.T.);
#2636=ADVANCED_FACE('',(#242),#114,.T.);
#2637=ADVANCED_FACE('',(#243,#61),#115,.T.);
#2638=ADVANCED_FACE('',(#244),#116,.F.);
#2639=ADVANCED_FACE('',(#245),#117,.F.);
#2640=ADVANCED_FACE('',(#246),#118,.F.);
#2641=ADVANCED_FACE('',(#247),#119,.F.);
#2642=ADVANCED_FACE('',(#248),#120,.F.);
#2643=ADVANCED_FACE('',(#249),#121,.F.);
#2644=ADVANCED_FACE('',(#250),#122,.F.);
#2645=ADVANCED_FACE('',(#251),#123,.F.);
#2646=ADVANCED_FACE('',(#252,#62),#124,.T.);
#2647=ADVANCED_FACE('',(#253),#2574,.F.);
#2648=ADVANCED_FACE('',(#254,#63),#125,.T.);
#2649=ADVANCED_FACE('',(#255),#2575,.F.);
#2650=ADVANCED_FACE('',(#256),#2576,.T.);
#2651=ADVANCED_FACE('',(#257),#2577,.T.);
#2652=ADVANCED_FACE('',(#258,#64),#126,.T.);
#2653=ADVANCED_FACE('',(#259),#127,.T.);
#2654=ADVANCED_FACE('',(#260),#128,.T.);
#2655=ADVANCED_FACE('',(#261),#129,.T.);
#2656=ADVANCED_FACE('',(#262,#65),#130,.F.);
#2657=ADVANCED_FACE('',(#263),#2578,.F.);
#2658=ADVANCED_FACE('',(#264),#131,.T.);
#2659=ADVANCED_FACE('',(#265,#66),#132,.T.);
#2660=ADVANCED_FACE('',(#266),#2579,.F.);
#2661=ADVANCED_FACE('',(#267),#2580,.F.);
#2662=ADVANCED_FACE('',(#268),#2581,.F.);
#2663=ADVANCED_FACE('',(#269),#133,.T.);
#2664=ADVANCED_FACE('',(#270),#134,.T.);
#2665=ADVANCED_FACE('',(#271,#67,#68,#69,#70),#135,.T.);
#2666=ADVANCED_FACE('',(#272),#136,.F.);
#2667=ADVANCED_FACE('',(#273),#137,.T.);
#2668=ADVANCED_FACE('',(#274),#2582,.T.);
#2669=ADVANCED_FACE('',(#275),#138,.T.);
#2670=ADVANCED_FACE('',(#276),#2583,.T.);
#2671=ADVANCED_FACE('',(#277),#139,.T.);
#2672=ADVANCED_FACE('',(#278),#140,.T.);
#2673=ADVANCED_FACE('',(#279),#141,.T.);
#2674=ADVANCED_FACE('',(#280),#142,.T.);
#2675=ADVANCED_FACE('',(#281),#143,.T.);
#2676=ADVANCED_FACE('',(#282),#2584,.F.);
#2677=ADVANCED_FACE('',(#283),#144,.T.);
#2678=ADVANCED_FACE('',(#284),#2585,.T.);
#2679=ADVANCED_FACE('',(#285,#71,#72),#145,.T.);
#2680=ADVANCED_FACE('',(#286,#73),#146,.T.);
#2681=ADVANCED_FACE('',(#287),#147,.T.);
#2682=ADVANCED_FACE('',(#288),#148,.F.);
#2683=ADVANCED_FACE('',(#289),#149,.T.);
#2684=ADVANCED_FACE('',(#290),#2586,.T.);
#2685=ADVANCED_FACE('',(#291),#150,.T.);
#2686=ADVANCED_FACE('',(#292),#2587,.T.);
#2687=ADVANCED_FACE('',(#293),#151,.T.);
#2688=ADVANCED_FACE('',(#294),#152,.T.);
#2689=ADVANCED_FACE('',(#295),#153,.T.);
#2690=ADVANCED_FACE('',(#296),#154,.T.);
#2691=ADVANCED_FACE('',(#297),#155,.T.);
#2692=ADVANCED_FACE('',(#298),#156,.T.);
#2693=ADVANCED_FACE('',(#299),#157,.T.);
#2694=ADVANCED_FACE('',(#300),#158,.T.);
#2695=ADVANCED_FACE('',(#301),#159,.T.);
#2696=ADVANCED_FACE('',(#302),#160,.T.);
#2697=ADVANCED_FACE('',(#303),#161,.T.);
#2698=ADVANCED_FACE('',(#304),#162,.T.);
#2699=ADVANCED_FACE('',(#305),#163,.T.);
#2700=ADVANCED_FACE('',(#306,#74,#75),#164,.T.);
#2701=ADVANCED_FACE('',(#307,#76,#77),#165,.F.);
#2702=ADVANCED_FACE('',(#308),#2588,.T.);
#2703=ADVANCED_FACE('',(#309),#166,.T.);
#2704=ADVANCED_FACE('',(#310),#167,.F.);
#2705=ADVANCED_FACE('',(#311),#168,.T.);
#2706=ADVANCED_FACE('',(#312),#169,.T.);
#2707=ADVANCED_FACE('',(#313),#170,.T.);
#2708=ADVANCED_FACE('',(#314),#171,.T.);
#2709=ADVANCED_FACE('',(#315),#172,.T.);
#2710=ADVANCED_FACE('',(#316),#173,.F.);
#2711=ADVANCED_FACE('',(#317),#2589,.F.);
#2712=ADVANCED_FACE('',(#318,#78),#174,.F.);
#2713=ADVANCED_FACE('',(#319),#2590,.F.);
#2714=ADVANCED_FACE('',(#320,#79),#175,.F.);
#2715=ADVANCED_FACE('',(#321),#2591,.T.);
#2716=ADVANCED_FACE('',(#322,#80),#176,.T.);
#2717=ADVANCED_FACE('',(#323),#177,.T.);
#2718=ADVANCED_FACE('',(#324),#2592,.T.);
#2719=ADVANCED_FACE('',(#325),#178,.T.);
#2720=ADVANCED_FACE('',(#326,#81),#179,.T.);
#2721=ADVANCED_FACE('',(#327),#180,.T.);
#2722=ADVANCED_FACE('',(#328),#181,.T.);
#2723=ADVANCED_FACE('',(#329),#182,.T.);
#2724=ADVANCED_FACE('',(#330),#183,.T.);
#2725=ADVANCED_FACE('',(#331),#184,.T.);
#2726=ADVANCED_FACE('',(#332),#185,.T.);
#2727=ADVANCED_FACE('',(#333),#186,.T.);
#2728=ADVANCED_FACE('',(#334),#187,.T.);
#2729=ADVANCED_FACE('',(#335),#188,.T.);
#2730=ADVANCED_FACE('',(#336),#2593,.F.);
#2731=ADVANCED_FACE('',(#337),#2594,.T.);
#2732=ADVANCED_FACE('',(#338),#189,.T.);
#2733=ADVANCED_FACE('',(#339),#2595,.T.);
#2734=ADVANCED_FACE('',(#340),#190,.T.);
#2735=ADVANCED_FACE('',(#341),#191,.T.);
#2736=ADVANCED_FACE('',(#342),#192,.T.);
#2737=ADVANCED_FACE('',(#343),#193,.T.);
#2738=ADVANCED_FACE('',(#344),#194,.T.);
#2739=ADVANCED_FACE('',(#345),#195,.T.);
#2740=ADVANCED_FACE('',(#346),#196,.T.);
#2741=ADVANCED_FACE('',(#347),#197,.T.);
#2742=ADVANCED_FACE('',(#348),#198,.T.);
#2743=ADVANCED_FACE('',(#349,#82),#199,.T.);
#2744=ADVANCED_FACE('',(#350),#200,.T.);
#2745=ADVANCED_FACE('',(#351,#83),#201,.F.);
#2746=CLOSED_SHELL('',(#2596,#2597,#2598,#2599,#2600,#2601,#2602,#2603,
#2604,#2605,#2606,#2607,#2608,#2609,#2610));
#2747=CLOSED_SHELL('',(#2611,#2612,#2613,#2614,#2615,#2616,#2617,#2618,
#2619,#2620,#2621,#2622,#2623,#2624,#2625,#2626,#2627,#2628,#2629,#2630,
#2631,#2632,#2633,#2634,#2635,#2636,#2637,#2638,#2639,#2640,#2641,#2642,
#2643,#2644,#2645,#2646,#2647,#2648,#2649,#2650,#2651,#2652,#2653,#2654,
#2655,#2656,#2657,#2658,#2659,#2660,#2661,#2662,#2663,#2664,#2665));
#2748=CLOSED_SHELL('',(#2666,#2667,#2668,#2669,#2670,#2671));
#2749=CLOSED_SHELL('',(#2672,#2673,#2674,#2675,#2676,#2677,#2678,#2679,
#2680,#2681,#2682,#2683,#2684,#2685,#2686,#2687));
#2750=CLOSED_SHELL('',(#2688,#2689,#2690,#2691,#2692,#2693,#2694,#2695,
#2696,#2697,#2698,#2699,#2700,#2701));
#2751=CLOSED_SHELL('',(#2702,#2703,#2704));
#2752=CLOSED_SHELL('',(#2705,#2706,#2707,#2708,#2709,#2710));
#2753=CLOSED_SHELL('',(#2711,#2712,#2713,#2714,#2715,#2716,#2717,#2718,
#2719,#2720,#2721,#2722,#2723,#2724,#2725,#2726,#2727,#2728,#2729,#2730,
#2731,#2732,#2733,#2734,#2735,#2736,#2737,#2738,#2739,#2740,#2741,#2742,
#2743,#2744,#2745));
#2754=DERIVED_UNIT_ELEMENT(#2762,1.);
#2755=DERIVED_UNIT_ELEMENT(#4587,-3.);
#2756=DERIVED_UNIT_ELEMENT(#2762,1.);
#2757=DERIVED_UNIT_ELEMENT(#4587,-3.);
#2758=DERIVED_UNIT_ELEMENT(#2762,1.);
#2759=DERIVED_UNIT_ELEMENT(#4587,-3.);
#2760=DERIVED_UNIT_ELEMENT(#2762,1.);
#2761=DERIVED_UNIT_ELEMENT(#4587,-3.);
#2762=(
MASS_UNIT()
NAMED_UNIT(*)
SI_UNIT(.KILO.,.GRAM.)
);
#2763=DERIVED_UNIT((#2754,#2755));
#2764=DERIVED_UNIT((#2756,#2757));
#2765=DERIVED_UNIT((#2758,#2759));
#2766=DERIVED_UNIT((#2760,#2761));
#2767=MEASURE_REPRESENTATION_ITEM('density measure',
POSITIVE_RATIO_MEASURE(7850.),#2763);
#2768=MEASURE_REPRESENTATION_ITEM('density measure',
POSITIVE_RATIO_MEASURE(7850.),#2764);
#2769=MEASURE_REPRESENTATION_ITEM('density measure',
POSITIVE_RATIO_MEASURE(7850.),#2765);
#2770=MEASURE_REPRESENTATION_ITEM('density measure',
POSITIVE_RATIO_MEASURE(7850.),#2766);
#2771=PROPERTY_DEFINITION_REPRESENTATION(#2791,#2779);
#2772=PROPERTY_DEFINITION_REPRESENTATION(#2792,#2780);
#2773=PROPERTY_DEFINITION_REPRESENTATION(#2793,#2781);
#2774=PROPERTY_DEFINITION_REPRESENTATION(#2794,#2782);
#2775=PROPERTY_DEFINITION_REPRESENTATION(#2795,#2783);
#2776=PROPERTY_DEFINITION_REPRESENTATION(#2796,#2784);
#2777=PROPERTY_DEFINITION_REPRESENTATION(#2797,#2785);
#2778=PROPERTY_DEFINITION_REPRESENTATION(#2798,#2786);
#2779=REPRESENTATION('material name',(#2787),#4581);
#2780=REPRESENTATION('density',(#2767),#4581);
#2781=REPRESENTATION('material name',(#2788),#4582);
#2782=REPRESENTATION('density',(#2768),#4582);
#2783=REPRESENTATION('material name',(#2789),#4583);
#2784=REPRESENTATION('density',(#2769),#4583);
#2785=REPRESENTATION('material name',(#2790),#4584);
#2786=REPRESENTATION('density',(#2770),#4584);
#2787=DESCRIPTIVE_REPRESENTATION_ITEM('Steel','Steel');
#2788=DESCRIPTIVE_REPRESENTATION_ITEM('Steel','Steel');
#2789=DESCRIPTIVE_REPRESENTATION_ITEM('Steel','Steel');
#2790=DESCRIPTIVE_REPRESENTATION_ITEM('Steel','Steel');
#2791=PROPERTY_DEFINITION('material property','material name',#4611);
#2792=PROPERTY_DEFINITION('material property','density of part',#4611);
#2793=PROPERTY_DEFINITION('material property','material name',#4612);
#2794=PROPERTY_DEFINITION('material property','density of part',#4612);
#2795=PROPERTY_DEFINITION('material property','material name',#4613);
#2796=PROPERTY_DEFINITION('material property','density of part',#4613);
#2797=PROPERTY_DEFINITION('material property','material name',#4614);
#2798=PROPERTY_DEFINITION('material property','density of part',#4614);
#2799=AXIS2_PLACEMENT_3D('',#3796,#3032,#3033);
#2800=AXIS2_PLACEMENT_3D('',#3797,#3034,#3035);
#2801=AXIS2_PLACEMENT_3D('',#3798,#3036,#3037);
#2802=AXIS2_PLACEMENT_3D('',#3800,#3038,#3039);
#2803=AXIS2_PLACEMENT_3D('',#3803,#3041,#3042);
#2804=AXIS2_PLACEMENT_3D('',#3804,#3043,#3044);
#2805=AXIS2_PLACEMENT_3D('',#3805,#3045,#3046);
#2806=AXIS2_PLACEMENT_3D('',#3807,#3047,#3048);
#2807=AXIS2_PLACEMENT_3D('',#3810,#3050,#3051);
#2808=AXIS2_PLACEMENT_3D('',#3811,#3052,#3053);
#2809=AXIS2_PLACEMENT_3D('',#3812,#3054,#3055);
#2810=AXIS2_PLACEMENT_3D('',#3821,#3060,#3061);
#2811=AXIS2_PLACEMENT_3D('',#3822,#3062,#3063);
#2812=AXIS2_PLACEMENT_3D('',#3823,#3064,#3065);
#2813=AXIS2_PLACEMENT_3D('',#3832,#3070,#3071);
#2814=AXIS2_PLACEMENT_3D('',#3833,#3072,#3073);
#2815=AXIS2_PLACEMENT_3D('',#3834,#3074,#3075);
#2816=AXIS2_PLACEMENT_3D('',#3835,#3076,#3077);
#2817=AXIS2_PLACEMENT_3D('',#3837,#3078,#3079);
#2818=AXIS2_PLACEMENT_3D('',#3838,#3080,#3081);
#2819=AXIS2_PLACEMENT_3D('',#3839,#3082,#3083);
#2820=AXIS2_PLACEMENT_3D('',#3848,#3088,#3089);
#2821=AXIS2_PLACEMENT_3D('',#3849,#3090,#3091);
#2822=AXIS2_PLACEMENT_3D('',#3850,#3092,#3093);
#2823=AXIS2_PLACEMENT_3D('',#3859,#3098,#3099);
#2824=AXIS2_PLACEMENT_3D('',#3860,#3100,#3101);
#2825=AXIS2_PLACEMENT_3D('',#3861,#3102,#3103);
#2826=AXIS2_PLACEMENT_3D('',#3863,#3104,#3105);
#2827=AXIS2_PLACEMENT_3D('',#3864,#3106,#3107);
#2828=AXIS2_PLACEMENT_3D('',#3865,#3108,#3109);
#2829=AXIS2_PLACEMENT_3D('',#3867,#3111,#3112);
#2830=AXIS2_PLACEMENT_3D('',#3868,#3113,#3114);
#2831=AXIS2_PLACEMENT_3D('',#3869,#3115,#3116);
#2832=AXIS2_PLACEMENT_3D('',#3871,#3117,#3118);
#2833=AXIS2_PLACEMENT_3D('',#3873,#3119,#3120);
#2834=AXIS2_PLACEMENT_3D('',#3874,#3121,#3122);
#2835=AXIS2_PLACEMENT_3D('',#3875,#3123,#3124);
#2836=AXIS2_PLACEMENT_3D('',#3877,#3125,#3126);
#2837=AXIS2_PLACEMENT_3D('',#3878,#3127,#3128);
#2838=AXIS2_PLACEMENT_3D('',#3880,#3129,#3130);
#2839=AXIS2_PLACEMENT_3D('',#3883,#3132,#3133);
#2840=AXIS2_PLACEMENT_3D('',#3884,#3134,#3135);
#2841=AXIS2_PLACEMENT_3D('',#3887,#3137,#3138);
#2842=AXIS2_PLACEMENT_3D('',#3888,#3139,#3140);
#2843=AXIS2_PLACEMENT_3D('',#3889,#3141,#3142);
#2844=AXIS2_PLACEMENT_3D('',#3892,#3143,#3144);
#2845=AXIS2_PLACEMENT_3D('',#3896,#3146,#3147);
#2846=AXIS2_PLACEMENT_3D('',#3898,#3149,#3150);
#2847=AXIS2_PLACEMENT_3D('',#3904,#3154,#3155);
#2848=AXIS2_PLACEMENT_3D('',#3907,#3156,#3157);
#2849=AXIS2_PLACEMENT_3D('',#3911,#3159,#3160);
#2850=AXIS2_PLACEMENT_3D('',#3913,#3162,#3163);
#2851=AXIS2_PLACEMENT_3D('',#3919,#3167,#3168);
#2852=AXIS2_PLACEMENT_3D('',#3922,#3169,#3170);
#2853=AXIS2_PLACEMENT_3D('',#3926,#3172,#3173);
#2854=AXIS2_PLACEMENT_3D('',#3928,#3175,#3176);
#2855=AXIS2_PLACEMENT_3D('',#3936,#3182,#3183);
#2856=AXIS2_PLACEMENT_3D('',#3951,#3191,#3192);
#2857=AXIS2_PLACEMENT_3D('',#3969,#3201,#3202);
#2858=AXIS2_PLACEMENT_3D('',#3971,#3203,#3204);
#2859=AXIS2_PLACEMENT_3D('',#3973,#3205,#3206);
#2860=AXIS2_PLACEMENT_3D('',#3974,#3207,#3208);
#2861=AXIS2_PLACEMENT_3D('',#3976,#3209,#3210);
#2862=AXIS2_PLACEMENT_3D('',#3978,#3212,#3213);
#2863=AXIS2_PLACEMENT_3D('',#3984,#3217,#3218);
#2864=AXIS2_PLACEMENT_3D('',#3994,#3224,#3225);
#2865=AXIS2_PLACEMENT_3D('',#4000,#3229,#3230);
#2866=AXIS2_PLACEMENT_3D('',#4004,#3233,#3234);
#2867=AXIS2_PLACEMENT_3D('',#4008,#3237,#3238);
#2868=AXIS2_PLACEMENT_3D('',#4010,#3240,#3241);
#2869=AXIS2_PLACEMENT_3D('',#4012,#3243,#3244);
#2870=AXIS2_PLACEMENT_3D('',#4025,#3251,#3252);
#2871=AXIS2_PLACEMENT_3D('',#4031,#3256,#3257);
#2872=AXIS2_PLACEMENT_3D('',#4035,#3260,#3261);
#2873=AXIS2_PLACEMENT_3D('',#4039,#3264,#3265);
#2874=AXIS2_PLACEMENT_3D('',#4043,#3268,#3269);
#2875=AXIS2_PLACEMENT_3D('',#4047,#3272,#3273);
#2876=AXIS2_PLACEMENT_3D('',#4065,#3283,#3284);
#2877=AXIS2_PLACEMENT_3D('',#4071,#3288,#3289);
#2878=AXIS2_PLACEMENT_3D('',#4077,#3293,#3294);
#2879=AXIS2_PLACEMENT_3D('',#4081,#3297,#3298);
#2880=AXIS2_PLACEMENT_3D('',#4085,#3301,#3302);
#2881=AXIS2_PLACEMENT_3D('',#4089,#3305,#3306);
#2882=AXIS2_PLACEMENT_3D('',#4091,#3308,#3309);
#2883=AXIS2_PLACEMENT_3D('',#4095,#3312,#3313);
#2884=AXIS2_PLACEMENT_3D('',#4097,#3315,#3316);
#2885=AXIS2_PLACEMENT_3D('',#4106,#3321,#3322);
#2886=AXIS2_PLACEMENT_3D('',#4108,#3323,#3324);
#2887=AXIS2_PLACEMENT_3D('',#4110,#3325,#3326);
#2888=AXIS2_PLACEMENT_3D('',#4112,#3328,#3329);
#2889=AXIS2_PLACEMENT_3D('',#4118,#3333,#3334);
#2890=AXIS2_PLACEMENT_3D('',#4119,#3335,#3336);
#2891=AXIS2_PLACEMENT_3D('',#4120,#3337,#3338);
#2892=AXIS2_PLACEMENT_3D('',#4121,#3339,#3340);
#2893=AXIS2_PLACEMENT_3D('',#4122,#3341,#3342);
#2894=AXIS2_PLACEMENT_3D('',#4123,#3343,#3344);
#2895=AXIS2_PLACEMENT_3D('',#4124,#3345,#3346);
#2896=AXIS2_PLACEMENT_3D('',#4125,#3347,#3348);
#2897=AXIS2_PLACEMENT_3D('',#4127,#3349,#3350);
#2898=AXIS2_PLACEMENT_3D('',#4128,#3351,#3352);
#2899=AXIS2_PLACEMENT_3D('',#4129,#3353,#3354);
#2900=AXIS2_PLACEMENT_3D('',#4130,#3355,#3356);
#2901=AXIS2_PLACEMENT_3D('',#4131,#3357,#3358);
#2902=AXIS2_PLACEMENT_3D('',#4132,#3359,#3360);
#2903=AXIS2_PLACEMENT_3D('',#4134,#3362,#3363);
#2904=AXIS2_PLACEMENT_3D('',#4135,#3364,#3365);
#2905=AXIS2_PLACEMENT_3D('',#4138,#3367,#3368);
#2906=AXIS2_PLACEMENT_3D('',#4139,#3369,#3370);
#2907=AXIS2_PLACEMENT_3D('',#4142,#3372,#3373);
#2908=AXIS2_PLACEMENT_3D('',#4143,#3374,#3375);
#2909=AXIS2_PLACEMENT_3D('',#4145,#3377,#3378);
#2910=AXIS2_PLACEMENT_3D('',#4146,#3379,#3380);
#2911=AXIS2_PLACEMENT_3D('',#4149,#3382,#3383);
#2912=AXIS2_PLACEMENT_3D('',#4150,#3384,#3385);
#2913=AXIS2_PLACEMENT_3D('',#4153,#3387,#3388);
#2914=AXIS2_PLACEMENT_3D('',#4154,#3389,#3390);
#2915=AXIS2_PLACEMENT_3D('',#4156,#3392,#3393);
#2916=AXIS2_PLACEMENT_3D('',#4160,#3396,#3397);
#2917=AXIS2_PLACEMENT_3D('',#4162,#3399,#3400);
#2918=AXIS2_PLACEMENT_3D('',#4163,#3401,#3402);
#2919=AXIS2_PLACEMENT_3D('',#4164,#3403,#3404);
#2920=AXIS2_PLACEMENT_3D('',#4167,#3405,#3406);
#2921=AXIS2_PLACEMENT_3D('',#4171,#3408,#3409);
#2922=AXIS2_PLACEMENT_3D('',#4173,#3411,#3412);
#2923=AXIS2_PLACEMENT_3D('',#4179,#3416,#3417);
#2924=AXIS2_PLACEMENT_3D('',#4181,#3418,#3419);
#2925=AXIS2_PLACEMENT_3D('',#4183,#3421,#3422);
#2926=AXIS2_PLACEMENT_3D('',#4187,#3425,#3426);
#2927=AXIS2_PLACEMENT_3D('',#4188,#3427,#3428);
#2928=AXIS2_PLACEMENT_3D('',#4189,#3429,#3430);
#2929=AXIS2_PLACEMENT_3D('',#4190,#3431,#3432);
#2930=AXIS2_PLACEMENT_3D('',#4199,#3437,#3438);
#2931=AXIS2_PLACEMENT_3D('',#4205,#3442,#3443);
#2932=AXIS2_PLACEMENT_3D('',#4211,#3447,#3448);
#2933=AXIS2_PLACEMENT_3D('',#4214,#3451,#3452);
#2934=AXIS2_PLACEMENT_3D('',#4216,#3453,#3454);
#2935=AXIS2_PLACEMENT_3D('',#4219,#3456,#3457);
#2936=AXIS2_PLACEMENT_3D('',#4220,#3458,#3459);
#2937=AXIS2_PLACEMENT_3D('',#4229,#3464,#3465);
#2938=AXIS2_PLACEMENT_3D('',#4230,#3466,#3467);
#2939=AXIS2_PLACEMENT_3D('',#4231,#3468,#3469);
#2940=AXIS2_PLACEMENT_3D('',#4232,#3470,#3471);
#2941=AXIS2_PLACEMENT_3D('',#4233,#3472,#3473);
#2942=AXIS2_PLACEMENT_3D('',#4236,#3474,#3475);
#2943=AXIS2_PLACEMENT_3D('',#4240,#3477,#3478);
#2944=AXIS2_PLACEMENT_3D('',#4242,#3480,#3481);
#2945=AXIS2_PLACEMENT_3D('',#4243,#3482,#3483);
#2946=AXIS2_PLACEMENT_3D('',#4248,#3485,#3486);
#2947=AXIS2_PLACEMENT_3D('',#4251,#3488,#3489);
#2948=AXIS2_PLACEMENT_3D('',#4252,#3490,#3491);
#2949=AXIS2_PLACEMENT_3D('',#4255,#3494,#3495);
#2950=AXIS2_PLACEMENT_3D('',#4257,#3497,#3498);
#2951=AXIS2_PLACEMENT_3D('',#4259,#3500,#3501);
#2952=AXIS2_PLACEMENT_3D('',#4260,#3502,#3503);
#2953=AXIS2_PLACEMENT_3D('',#4261,#3504,#3505);
#2954=AXIS2_PLACEMENT_3D('',#4270,#3510,#3511);
#2955=AXIS2_PLACEMENT_3D('',#4276,#3515,#3516);
#2956=AXIS2_PLACEMENT_3D('',#4282,#3520,#3521);
#2957=AXIS2_PLACEMENT_3D('',#4285,#3524,#3525);
#2958=AXIS2_PLACEMENT_3D('',#4294,#3530,#3531);
#2959=AXIS2_PLACEMENT_3D('',#4300,#3535,#3536);
#2960=AXIS2_PLACEMENT_3D('',#4306,#3540,#3541);
#2961=AXIS2_PLACEMENT_3D('',#4309,#3544,#3545);
#2962=AXIS2_PLACEMENT_3D('',#4318,#3550,#3551);
#2963=AXIS2_PLACEMENT_3D('',#4324,#3555,#3556);
#2964=AXIS2_PLACEMENT_3D('',#4330,#3560,#3561);
#2965=AXIS2_PLACEMENT_3D('',#4333,#3564,#3565);
#2966=AXIS2_PLACEMENT_3D('',#4334,#3566,#3567);
#2967=AXIS2_PLACEMENT_3D('',#4335,#3568,#3569);
#2968=AXIS2_PLACEMENT_3D('',#4337,#3570,#3571);
#2969=AXIS2_PLACEMENT_3D('',#4340,#3573,#3574);
#2970=AXIS2_PLACEMENT_3D('',#4341,#3575,#3576);
#2971=AXIS2_PLACEMENT_3D('',#4342,#3577,#3578);
#2972=AXIS2_PLACEMENT_3D('',#4343,#3579,#3580);
#2973=AXIS2_PLACEMENT_3D('',#4344,#3581,#3582);
#2974=AXIS2_PLACEMENT_3D('',#4353,#3587,#3588);
#2975=AXIS2_PLACEMENT_3D('',#4359,#3592,#3593);
#2976=AXIS2_PLACEMENT_3D('',#4365,#3597,#3598);
#2977=AXIS2_PLACEMENT_3D('',#4368,#3601,#3602);
#2978=AXIS2_PLACEMENT_3D('',#4369,#3603,#3604);
#2979=AXIS2_PLACEMENT_3D('',#4370,#3605,#3606);
#2980=AXIS2_PLACEMENT_3D('',#4373,#3607,#3608);
#2981=AXIS2_PLACEMENT_3D('',#4377,#3610,#3611);
#2982=AXIS2_PLACEMENT_3D('',#4379,#3613,#3614);
#2983=AXIS2_PLACEMENT_3D('',#4401,#3626,#3627);
#2984=AXIS2_PLACEMENT_3D('',#4404,#3628,#3629);
#2985=AXIS2_PLACEMENT_3D('',#4408,#3631,#3632);
#2986=AXIS2_PLACEMENT_3D('',#4410,#3634,#3635);
#2987=AXIS2_PLACEMENT_3D('',#4414,#3637,#3638);
#2988=AXIS2_PLACEMENT_3D('',#4419,#3641,#3642);
#2989=AXIS2_PLACEMENT_3D('',#4422,#3644,#3645);
#2990=AXIS2_PLACEMENT_3D('',#4423,#3646,#3647);
#2991=AXIS2_PLACEMENT_3D('',#4426,#3648,#3649);
#2992=AXIS2_PLACEMENT_3D('',#4430,#3651,#3652);
#2993=AXIS2_PLACEMENT_3D('',#4432,#3654,#3655);
#2994=AXIS2_PLACEMENT_3D('',#4454,#3667,#3668);
#2995=AXIS2_PLACEMENT_3D('',#4461,#3673,#3674);
#2996=AXIS2_PLACEMENT_3D('',#4464,#3675,#3676);
#2997=AXIS2_PLACEMENT_3D('',#4468,#3678,#3679);
#2998=AXIS2_PLACEMENT_3D('',#4470,#3681,#3682);
#2999=AXIS2_PLACEMENT_3D('',#4477,#3687,#3688);
#3000=AXIS2_PLACEMENT_3D('',#4497,#3699,#3700);
#3001=AXIS2_PLACEMENT_3D('',#4500,#3703,#3704);
#3002=AXIS2_PLACEMENT_3D('',#4502,#3706,#3707);
#3003=AXIS2_PLACEMENT_3D('',#4504,#3709,#3710);
#3004=AXIS2_PLACEMENT_3D('',#4505,#3711,#3712);
#3005=AXIS2_PLACEMENT_3D('',#4507,#3714,#3715);
#3006=AXIS2_PLACEMENT_3D('',#4509,#3717,#3718);
#3007=AXIS2_PLACEMENT_3D('',#4511,#3720,#3721);
#3008=AXIS2_PLACEMENT_3D('',#4513,#3723,#3724);
#3009=AXIS2_PLACEMENT_3D('',#4515,#3726,#3727);
#3010=AXIS2_PLACEMENT_3D('',#4517,#3728,#3729);
#3011=AXIS2_PLACEMENT_3D('',#4519,#3731,#3732);
#3012=AXIS2_PLACEMENT_3D('',#4522,#3733,#3734);
#3013=AXIS2_PLACEMENT_3D('',#4525,#3737,#3738);
#3014=AXIS2_PLACEMENT_3D('',#4527,#3740,#3741);
#3015=AXIS2_PLACEMENT_3D('',#4528,#3742,#3743);
#3016=AXIS2_PLACEMENT_3D('',#4529,#3744,#3745);
#3017=AXIS2_PLACEMENT_3D('',#4535,#3749,#3750);
#3018=AXIS2_PLACEMENT_3D('',#4539,#3753,#3754);
#3019=AXIS2_PLACEMENT_3D('',#4543,#3757,#3758);
#3020=AXIS2_PLACEMENT_3D('',#4545,#3760,#3761);
#3021=AXIS2_PLACEMENT_3D('',#4551,#3765,#3766);
#3022=AXIS2_PLACEMENT_3D('',#4555,#3769,#3770);
#3023=AXIS2_PLACEMENT_3D('',#4559,#3773,#3774);
#3024=AXIS2_PLACEMENT_3D('',#4563,#3777,#3778);
#3025=AXIS2_PLACEMENT_3D('',#4565,#3780,#3781);
#3026=AXIS2_PLACEMENT_3D('',#4567,#3783,#3784);
#3027=AXIS2_PLACEMENT_3D('',#4569,#3786,#3787);
#3028=AXIS2_PLACEMENT_3D('',#4570,#3788,#3789);
#3029=AXIS2_PLACEMENT_3D('',#4571,#3790,#3791);
#3030=AXIS2_PLACEMENT_3D('',#4572,#3792,#3793);
#3031=AXIS2_PLACEMENT_3D('',#4573,#3794,#3795);
#3032=DIRECTION('axis',(0.,0.,1.));
#3033=DIRECTION('refdir',(1.,0.,0.));
#3034=DIRECTION('axis',(0.,0.,1.));
#3035=DIRECTION('refdir',(1.,0.,0.));
#3036=DIRECTION('center_axis',(0.,1.,0.));
#3037=DIRECTION('ref_axis',(-1.,0.,0.));
#3038=DIRECTION('center_axis',(0.,1.,0.));
#3039=DIRECTION('ref_axis',(-1.,0.,0.));
#3040=DIRECTION('',(0.,1.,0.));
#3041=DIRECTION('center_axis',(0.,1.,0.));
#3042=DIRECTION('ref_axis',(-1.,0.,0.));
#3043=DIRECTION('center_axis',(0.,-1.,0.));
#3044=DIRECTION('ref_axis',(0.,0.,-1.));
#3045=DIRECTION('center_axis',(0.,-1.,0.));
#3046=DIRECTION('ref_axis',(-1.,0.,0.));
#3047=DIRECTION('center_axis',(0.,-1.,0.));
#3048=DIRECTION('ref_axis',(-1.,0.,0.));
#3049=DIRECTION('',(0.,-1.,0.));
#3050=DIRECTION('center_axis',(0.,-1.,0.));
#3051=DIRECTION('ref_axis',(-1.,0.,0.));
#3052=DIRECTION('center_axis',(0.,1.,0.));
#3053=DIRECTION('ref_axis',(-1.,0.,0.));
#3054=DIRECTION('center_axis',(0.,0.,1.));
#3055=DIRECTION('ref_axis',(1.,0.,0.));
#3056=DIRECTION('',(1.,0.,0.));
#3057=DIRECTION('',(0.,-1.,0.));
#3058=DIRECTION('',(1.,0.,0.));
#3059=DIRECTION('',(0.,1.,0.));
#3060=DIRECTION('center_axis',(0.,-1.,0.));
#3061=DIRECTION('ref_axis',(0.,0.,-1.));
#3062=DIRECTION('center_axis',(0.,1.,0.));
#3063=DIRECTION('ref_axis',(1.,0.,0.));
#3064=DIRECTION('center_axis',(-1.38253509158477E-16,0.,-1.));
#3065=DIRECTION('ref_axis',(-1.,0.,1.38253509158477E-16));
#3066=DIRECTION('',(-1.,0.,1.38253509158477E-16));
#3067=DIRECTION('',(0.,-1.,0.));
#3068=DIRECTION('',(-1.,0.,1.38253509158477E-16));
#3069=DIRECTION('',(0.,1.,0.));
#3070=DIRECTION('center_axis',(0.,-1.,0.));
#3071=DIRECTION('ref_axis',(0.,0.,-1.));
#3072=DIRECTION('center_axis',(0.,1.,0.));
#3073=DIRECTION('ref_axis',(1.,0.,0.));
#3074=DIRECTION('center_axis',(0.,1.,0.));
#3075=DIRECTION('ref_axis',(1.,0.,0.));
#3076=DIRECTION('center_axis',(0.,-1.,0.));
#3077=DIRECTION('ref_axis',(1.,0.,0.));
#3078=DIRECTION('center_axis',(0.,-1.,0.));
#3079=DIRECTION('ref_axis',(1.,0.,0.));
#3080=DIRECTION('center_axis',(0.,-1.,0.));
#3081=DIRECTION('ref_axis',(1.,0.,0.));
#3082=DIRECTION('center_axis',(-1.38253509158477E-16,0.,-1.));
#3083=DIRECTION('ref_axis',(1.,0.,-1.38253509158477E-16));
#3084=DIRECTION('',(1.,0.,-1.38253509158477E-16));
#3085=DIRECTION('',(0.,1.,0.));
#3086=DIRECTION('',(1.,0.,-1.38253509158477E-16));
#3087=DIRECTION('',(0.,-1.,0.));
#3088=DIRECTION('center_axis',(0.,1.,0.));
#3089=DIRECTION('ref_axis',(-1.,0.,0.));
#3090=DIRECTION('center_axis',(0.,-1.,0.));
#3091=DIRECTION('ref_axis',(1.,0.,0.));
#3092=DIRECTION('center_axis',(0.,0.,1.));
#3093=DIRECTION('ref_axis',(-1.,0.,0.));
#3094=DIRECTION('',(-1.,0.,0.));
#3095=DIRECTION('',(0.,1.,0.));
#3096=DIRECTION('',(-1.,0.,0.));
#3097=DIRECTION('',(0.,-1.,0.));
#3098=DIRECTION('center_axis',(0.,1.,0.));
#3099=DIRECTION('ref_axis',(-1.,0.,0.));
#3100=DIRECTION('center_axis',(0.,-1.,0.));
#3101=DIRECTION('ref_axis',(1.,0.,0.));
#3102=DIRECTION('center_axis',(0.,1.,0.));
#3103=DIRECTION('ref_axis',(1.,0.,0.));
#3104=DIRECTION('center_axis',(0.,1.,0.));
#3105=DIRECTION('ref_axis',(1.,0.,0.));
#3106=DIRECTION('center_axis',(0.,1.,0.));
#3107=DIRECTION('ref_axis',(1.,0.,0.));
#3108=DIRECTION('center_axis',(0.,1.,0.));
#3109=DIRECTION('ref_axis',(1.,0.,0.));
#3110=DIRECTION('',(0.,-1.,0.));
#3111=DIRECTION('center_axis',(0.,1.,0.));
#3112=DIRECTION('ref_axis',(1.,0.,0.));
#3113=DIRECTION('axis',(0.,0.,1.));
#3114=DIRECTION('refdir',(1.,0.,0.));
#3115=DIRECTION('center_axis',(0.,1.,0.));
#3116=DIRECTION('ref_axis',(0.,0.,1.));
#3117=DIRECTION('center_axis',(0.,-1.,0.));
#3118=DIRECTION('ref_axis',(-1.,0.,0.));
#3119=DIRECTION('center_axis',(-1.,0.,1.22464679914735E-16));
#3120=DIRECTION('ref_axis',(-1.22464679914735E-16,0.,-1.));
#3121=DIRECTION('center_axis',(0.,-1.,0.));
#3122=DIRECTION('ref_axis',(-1.,0.,0.));
#3123=DIRECTION('center_axis',(0.,1.,0.));
#3124=DIRECTION('ref_axis',(-1.,0.,0.));
#3125=DIRECTION('center_axis',(0.,-1.,0.));
#3126=DIRECTION('ref_axis',(-1.,0.,0.));
#3127=DIRECTION('center_axis',(0.,-1.,0.));
#3128=DIRECTION('ref_axis',(-1.,0.,0.));
#3129=DIRECTION('center_axis',(0.,1.,0.));
#3130=DIRECTION('ref_axis',(-1.,0.,0.));
#3131=DIRECTION('',(-0.70710678118655,0.707106781186545,-8.65956056235496E-17));
#3132=DIRECTION('center_axis',(0.,-1.,0.));
#3133=DIRECTION('ref_axis',(-1.,0.,0.));
#3134=DIRECTION('center_axis',(0.,1.,0.));
#3135=DIRECTION('ref_axis',(-1.,0.,0.));
#3136=DIRECTION('',(0.,-1.,0.));
#3137=DIRECTION('center_axis',(0.,-1.,0.));
#3138=DIRECTION('ref_axis',(-1.,0.,0.));
#3139=DIRECTION('center_axis',(0.,1.,0.));
#3140=DIRECTION('ref_axis',(-1.,0.,0.));
#3141=DIRECTION('center_axis',(0.,-1.,0.));
#3142=DIRECTION('ref_axis',(0.707106781186547,0.,0.707106781186548));
#3143=DIRECTION('center_axis',(0.,1.,0.));
#3144=DIRECTION('ref_axis',(0.707106781186547,0.,0.707106781186548));
#3145=DIRECTION('',(0.,-1.,0.));
#3146=DIRECTION('center_axis',(0.,-1.,0.));
#3147=DIRECTION('ref_axis',(0.707106781186547,0.,0.707106781186548));
#3148=DIRECTION('',(0.,1.,0.));
#3149=DIRECTION('center_axis',(-1.,0.,0.));
#3150=DIRECTION('ref_axis',(0.,0.,1.));
#3151=DIRECTION('',(0.,0.,1.));
#3152=DIRECTION('',(0.,1.,0.));
#3153=DIRECTION('',(0.,0.,-1.));
#3154=DIRECTION('center_axis',(0.,1.,0.));
#3155=DIRECTION('ref_axis',(-0.707106781186547,0.,0.707106781186548));
#3156=DIRECTION('center_axis',(0.,-1.,0.));
#3157=DIRECTION('ref_axis',(-0.707106781186547,0.,0.707106781186548));
#3158=DIRECTION('',(0.,1.,0.));
#3159=DIRECTION('center_axis',(0.,1.,0.));
#3160=DIRECTION('ref_axis',(-0.707106781186547,0.,0.707106781186548));
#3161=DIRECTION('',(0.,-1.,0.));
#3162=DIRECTION('center_axis',(1.,0.,0.));
#3163=DIRECTION('ref_axis',(0.,0.,-1.));
#3164=DIRECTION('',(0.,0.,1.));
#3165=DIRECTION('',(0.,1.,0.));
#3166=DIRECTION('',(0.,0.,-1.));
#3167=DIRECTION('center_axis',(0.,1.,0.));
#3168=DIRECTION('ref_axis',(0.707106781186548,0.,-0.707106781186548));
#3169=DIRECTION('center_axis',(0.,-1.,0.));
#3170=DIRECTION('ref_axis',(0.707106781186548,0.,-0.707106781186548));
#3171=DIRECTION('',(0.,-1.,0.));
#3172=DIRECTION('center_axis',(0.,1.,0.));
#3173=DIRECTION('ref_axis',(0.707106781186548,0.,-0.707106781186548));
#3174=DIRECTION('',(0.,1.,0.));
#3175=DIRECTION('center_axis',(1.97372982155583E-16,0.,-1.));
#3176=DIRECTION('ref_axis',(-1.,0.,-1.97372982155583E-16));
#3177=DIRECTION('',(1.,0.,1.97372982155583E-16));
#3178=DIRECTION('',(0.,-1.,0.));
#3179=DIRECTION('',(-1.,0.,-1.97372982155583E-16));
#3180=DIRECTION('',(1.,0.,1.97372982155583E-16));
#3181=DIRECTION('',(-1.,0.,-1.97372982155583E-16));
#3182=DIRECTION('center_axis',(0.,1.,0.));
#3183=DIRECTION('ref_axis',(1.,0.,0.));
#3184=DIRECTION('',(0.,0.,1.));
#3185=DIRECTION('',(-1.,0.,0.));
#3186=DIRECTION('',(0.,0.,1.));
#3187=DIRECTION('',(1.,-1.55657012045538E-16,0.));
#3188=DIRECTION('',(0.,0.,1.));
#3189=DIRECTION('',(-1.,0.,0.));
#3190=DIRECTION('',(0.,0.,-1.));
#3191=DIRECTION('center_axis',(0.,1.,0.));
#3192=DIRECTION('ref_axis',(-0.707106781186548,0.,-0.707106781186548));
#3193=DIRECTION('',(0.,0.,-1.));
#3194=DIRECTION('',(1.,0.,0.));
#3195=DIRECTION('',(0.,0.,-1.));
#3196=DIRECTION('',(-1.,0.,0.));
#3197=DIRECTION('',(0.,0.,1.));
#3198=DIRECTION('',(1.,0.,0.));
#3199=DIRECTION('',(0.,0.,1.));
#3200=DIRECTION('',(1.,0.,0.));
#3201=DIRECTION('center_axis',(0.,1.,0.));
#3202=DIRECTION('ref_axis',(1.,0.,0.));
#3203=DIRECTION('center_axis',(0.,1.,0.));
#3204=DIRECTION('ref_axis',(1.,0.,0.));
#3205=DIRECTION('center_axis',(0.,1.,0.));
#3206=DIRECTION('ref_axis',(1.,0.,0.));
#3207=DIRECTION('center_axis',(0.,1.,0.));
#3208=DIRECTION('ref_axis',(-0.707106781186548,0.,-0.707106781186548));
#3209=DIRECTION('center_axis',(0.,-1.,0.));
#3210=DIRECTION('ref_axis',(-0.707106781186548,0.,-0.707106781186548));
#3211=DIRECTION('',(0.,1.,0.));
#3212=DIRECTION('center_axis',(-1.,0.,0.));
#3213=DIRECTION('ref_axis',(0.,0.,1.));
#3214=DIRECTION('',(0.,1.,0.));
#3215=DIRECTION('',(0.,1.,0.));
#3216=DIRECTION('',(0.,0.,1.));
#3217=DIRECTION('center_axis',(-1.,0.,0.));
#3218=DIRECTION('ref_axis',(0.,0.,1.));
#3219=DIRECTION('',(0.,-1.,0.));
#3220=DIRECTION('',(0.,0.,-1.));
#3221=DIRECTION('',(0.,-1.,0.));
#3222=DIRECTION('',(0.,0.,1.));
#3223=DIRECTION('',(0.,1.,0.));
#3224=DIRECTION('center_axis',(0.,1.,0.));
#3225=DIRECTION('ref_axis',(0.,0.,1.));
#3226=DIRECTION('',(1.,0.,0.));
#3227=DIRECTION('',(0.,0.,1.));
#3228=DIRECTION('',(1.,0.,0.));
#3229=DIRECTION('center_axis',(0.,0.,-1.));
#3230=DIRECTION('ref_axis',(0.,1.,0.));
#3231=DIRECTION('',(0.,1.,0.));
#3232=DIRECTION('',(1.,0.,0.));
#3233=DIRECTION('center_axis',(0.,-1.,0.));
#3234=DIRECTION('ref_axis',(0.,0.,-1.));
#3235=DIRECTION('',(0.,0.,-1.));
#3236=DIRECTION('',(1.,0.,0.));
#3237=DIRECTION('center_axis',(0.,0.,1.));
#3238=DIRECTION('ref_axis',(0.,-1.,0.));
#3239=DIRECTION('',(0.,-1.,0.));
#3240=DIRECTION('center_axis',(1.,0.,0.));
#3241=DIRECTION('ref_axis',(0.,0.,-1.));
#3242=DIRECTION('',(0.,1.,0.));
#3243=DIRECTION('center_axis',(-1.,0.,0.));
#3244=DIRECTION('ref_axis',(0.,0.,1.));
#3245=DIRECTION('',(0.,-1.,0.));
#3246=DIRECTION('',(0.,0.,-1.));
#3247=DIRECTION('',(0.,1.,0.));
#3248=DIRECTION('',(0.,0.,-1.));
#3249=DIRECTION('',(0.,-1.,0.));
#3250=DIRECTION('',(0.,0.,1.));
#3251=DIRECTION('center_axis',(0.,0.,1.));
#3252=DIRECTION('ref_axis',(0.,-1.,0.));
#3253=DIRECTION('',(-1.,-1.55657012045538E-16,0.));
#3254=DIRECTION('',(0.,-1.,0.));
#3255=DIRECTION('',(1.,0.,0.));
#3256=DIRECTION('center_axis',(0.,1.,0.));
#3257=DIRECTION('ref_axis',(0.,0.,1.));
#3258=DIRECTION('',(0.,0.,1.));
#3259=DIRECTION('',(1.,0.,0.));
#3260=DIRECTION('center_axis',(0.,0.,-1.));
#3261=DIRECTION('ref_axis',(0.,1.,0.));
#3262=DIRECTION('',(0.,1.,0.));
#3263=DIRECTION('',(1.,0.,0.));
#3264=DIRECTION('center_axis',(0.,-1.,0.));
#3265=DIRECTION('ref_axis',(0.,0.,-1.));
#3266=DIRECTION('',(0.,0.,-1.));
#3267=DIRECTION('',(1.,0.,0.));
#3268=DIRECTION('center_axis',(1.,0.,0.));
#3269=DIRECTION('ref_axis',(0.,0.,-1.));
#3270=DIRECTION('',(0.,1.,0.));
#3271=DIRECTION('',(0.,0.,1.));
#3272=DIRECTION('center_axis',(-1.55657012045538E-16,1.,0.));
#3273=DIRECTION('ref_axis',(-1.,-1.55657012045538E-16,0.));
#3274=DIRECTION('',(1.,1.55657012045538E-16,0.));
#3275=DIRECTION('',(0.,0.,1.));
#3276=DIRECTION('',(-1.,-1.55657012045538E-16,0.));
#3277=DIRECTION('',(0.,0.,1.));
#3278=DIRECTION('',(-1.,-1.55657012045538E-16,0.));
#3279=DIRECTION('',(0.,0.,-1.));
#3280=DIRECTION('',(1.,1.55657012045538E-16,0.));
#3281=DIRECTION('',(0.,0.,1.));
#3282=DIRECTION('',(-1.,-1.55657012045538E-16,0.));
#3283=DIRECTION('center_axis',(0.,0.,1.));
#3284=DIRECTION('ref_axis',(-1.,-1.55657012045538E-16,0.));
#3285=DIRECTION('',(1.,0.,0.));
#3286=DIRECTION('',(1.59514802388672E-16,-1.,0.));
#3287=DIRECTION('',(1.59514802388672E-16,-1.,0.));
#3288=DIRECTION('center_axis',(0.,0.,1.));
#3289=DIRECTION('ref_axis',(-1.,-1.55657012045538E-16,0.));
#3290=DIRECTION('',(-1.,0.,0.));
#3291=DIRECTION('',(1.59514802388672E-16,-1.,0.));
#3292=DIRECTION('',(1.59514802388672E-16,-1.,0.));
#3293=DIRECTION('center_axis',(-1.,-1.59514802388672E-16,0.));
#3294=DIRECTION('ref_axis',(0.,0.,-1.));
#3295=DIRECTION('',(0.,0.,1.));
#3296=DIRECTION('',(1.59514802388672E-16,-1.,0.));
#3297=DIRECTION('center_axis',(-1.,-1.59514802388672E-16,0.));
#3298=DIRECTION('ref_axis',(0.,0.,-1.));
#3299=DIRECTION('',(0.,0.,-1.));
#3300=DIRECTION('',(1.59514802388672E-16,-1.,0.));
#3301=DIRECTION('center_axis',(1.,1.59514802388672E-16,0.));
#3302=DIRECTION('ref_axis',(0.,0.,1.));
#3303=DIRECTION('',(0.,0.,-1.));
#3304=DIRECTION('',(1.59514802388672E-16,-1.,0.));
#3305=DIRECTION('center_axis',(0.,0.,-1.));
#3306=DIRECTION('ref_axis',(1.,1.55657012045538E-16,0.));
#3307=DIRECTION('',(-1.,0.,0.));
#3308=DIRECTION('center_axis',(0.,0.,-1.));
#3309=DIRECTION('ref_axis',(1.,1.55657012045538E-16,0.));
#3310=DIRECTION('',(1.,0.,0.));
#3311=DIRECTION('',(1.59514802388672E-16,-1.,0.));
#3312=DIRECTION('center_axis',(1.,1.59514802388672E-16,0.));
#3313=DIRECTION('ref_axis',(0.,0.,1.));
#3314=DIRECTION('',(0.,0.,1.));
#3315=DIRECTION('center_axis',(0.,1.,0.));
#3316=DIRECTION('ref_axis',(-1.,0.,0.));
#3317=DIRECTION('',(1.,0.,0.));
#3318=DIRECTION('',(0.,0.,1.));
#3319=DIRECTION('',(-1.,0.,0.));
#3320=DIRECTION('',(0.,0.,1.));
#3321=DIRECTION('center_axis',(0.,0.,1.));
#3322=DIRECTION('ref_axis',(0.657139657517014,-0.753768844221106,0.));
#3323=DIRECTION('center_axis',(0.,0.,1.));
#3324=DIRECTION('ref_axis',(0.657139657517014,-0.753768844221106,0.));
#3325=DIRECTION('center_axis',(0.,0.,-1.));
#3326=DIRECTION('ref_axis',(0.657139657517014,-0.753768844221106,0.));
#3327=DIRECTION('',(0.,0.,1.));
#3328=DIRECTION('center_axis',(0.,-1.,0.));
#3329=DIRECTION('ref_axis',(1.,0.,0.));
#3330=DIRECTION('',(-1.,0.,0.));
#3331=DIRECTION('',(1.,0.,0.));
#3332=DIRECTION('',(0.,0.,1.));
#3333=DIRECTION('center_axis',(0.,0.,1.));
#3334=DIRECTION('ref_axis',(-0.657139657517014,0.753768844221106,0.));
#3335=DIRECTION('center_axis',(0.,0.,1.));
#3336=DIRECTION('ref_axis',(-0.657139657517014,0.753768844221106,0.));
#3337=DIRECTION('center_axis',(0.,0.,-1.));
#3338=DIRECTION('ref_axis',(-0.657139657517014,0.753768844221106,0.));
#3339=DIRECTION('center_axis',(0.,0.,1.));
#3340=DIRECTION('ref_axis',(-0.633999649491668,0.773333333333332,0.));
#3341=DIRECTION('center_axis',(0.,0.,-1.));
#3342=DIRECTION('ref_axis',(-0.633999649491668,0.773333333333332,0.));
#3343=DIRECTION('center_axis',(0.,0.,-1.));
#3344=DIRECTION('ref_axis',(-0.633999649491668,0.773333333333332,0.));
#3345=DIRECTION('center_axis',(0.,0.,1.));
#3346=DIRECTION('ref_axis',(-0.633999649491668,0.773333333333332,0.));
#3347=DIRECTION('center_axis',(0.,0.,1.));
#3348=DIRECTION('ref_axis',(0.633999649491668,-0.773333333333332,0.));
#3349=DIRECTION('center_axis',(0.,0.,-1.));
#3350=DIRECTION('ref_axis',(0.633999649491668,-0.773333333333332,0.));
#3351=DIRECTION('center_axis',(0.,0.,-1.));
#3352=DIRECTION('ref_axis',(0.633999649491668,-0.773333333333332,0.));
#3353=DIRECTION('center_axis',(0.,0.,1.));
#3354=DIRECTION('ref_axis',(0.633999649491668,-0.773333333333332,0.));
#3355=DIRECTION('center_axis',(0.,0.,1.));
#3356=DIRECTION('ref_axis',(1.,0.,0.));
#3357=DIRECTION('center_axis',(0.,0.,1.));
#3358=DIRECTION('ref_axis',(1.,0.,0.));
#3359=DIRECTION('center_axis',(0.,0.,1.));
#3360=DIRECTION('ref_axis',(1.,0.,0.));
#3361=DIRECTION('',(0.,-1.,0.));
#3362=DIRECTION('center_axis',(0.,0.,1.));
#3363=DIRECTION('ref_axis',(1.,0.,0.));
#3364=DIRECTION('center_axis',(0.,1.,0.));
#3365=DIRECTION('ref_axis',(1.,0.,0.));
#3366=DIRECTION('',(1.,0.,0.));
#3367=DIRECTION('center_axis',(0.,1.,0.));
#3368=DIRECTION('ref_axis',(1.,0.,0.));
#3369=DIRECTION('center_axis',(0.,1.,0.));
#3370=DIRECTION('ref_axis',(1.,0.,0.));
#3371=DIRECTION('',(0.,1.,0.));
#3372=DIRECTION('center_axis',(0.,-1.,0.));
#3373=DIRECTION('ref_axis',(1.,0.,0.));
#3374=DIRECTION('center_axis',(0.,0.,-1.));
#3375=DIRECTION('ref_axis',(-1.,0.,0.));
#3376=DIRECTION('',(-1.,0.,0.));
#3377=DIRECTION('center_axis',(0.,1.,0.));
#3378=DIRECTION('ref_axis',(1.,0.,0.));
#3379=DIRECTION('center_axis',(0.,1.,0.));
#3380=DIRECTION('ref_axis',(1.,0.,0.));
#3381=DIRECTION('',(0.,1.,0.));
#3382=DIRECTION('center_axis',(0.,-1.,0.));
#3383=DIRECTION('ref_axis',(1.,0.,0.));
#3384=DIRECTION('center_axis',(0.,1.,0.));
#3385=DIRECTION('ref_axis',(1.,0.,0.));
#3386=DIRECTION('',(0.,1.,0.));
#3387=DIRECTION('center_axis',(0.,-1.,0.));
#3388=DIRECTION('ref_axis',(1.,0.,0.));
#3389=DIRECTION('center_axis',(0.,1.,0.));
#3390=DIRECTION('ref_axis',(1.,0.,0.));
#3391=DIRECTION('',(0.,1.,0.));
#3392=DIRECTION('center_axis',(0.,0.,1.));
#3393=DIRECTION('ref_axis',(1.,0.,0.));
#3394=DIRECTION('',(0.,-1.,0.));
#3395=DIRECTION('',(1.,0.,0.));
#3396=DIRECTION('center_axis',(1.,0.,0.));
#3397=DIRECTION('ref_axis',(0.,0.,-1.));
#3398=DIRECTION('',(0.,0.,-1.));
#3399=DIRECTION('center_axis',(0.,1.,0.));
#3400=DIRECTION('ref_axis',(1.,0.,0.));
#3401=DIRECTION('axis',(0.,0.,1.));
#3402=DIRECTION('refdir',(1.,0.,0.));
#3403=DIRECTION('center_axis',(0.,0.,1.));
#3404=DIRECTION('ref_axis',(1.,0.,0.));
#3405=DIRECTION('center_axis',(0.,0.,1.));
#3406=DIRECTION('ref_axis',(-0.657139657517014,0.753768844221106,0.));
#3407=DIRECTION('',(-1.,0.,0.));
#3408=DIRECTION('center_axis',(0.,0.,1.));
#3409=DIRECTION('ref_axis',(0.657139657517014,-0.753768844221106,0.));
#3410=DIRECTION('',(1.,-1.69796788557121E-16,0.));
#3411=DIRECTION('center_axis',(-1.69796788557121E-16,-1.,0.));
#3412=DIRECTION('ref_axis',(1.,-1.69796788557121E-16,0.));
#3413=DIRECTION('',(1.,-1.69796788557121E-16,0.));
#3414=DIRECTION('',(0.,0.,1.));
#3415=DIRECTION('',(0.,0.,1.));
#3416=DIRECTION('center_axis',(0.,0.,1.));
#3417=DIRECTION('ref_axis',(0.657139657517014,-0.753768844221106,0.));
#3418=DIRECTION('center_axis',(0.,0.,1.));
#3419=DIRECTION('ref_axis',(0.657139657517014,-0.753768844221106,0.));
#3420=DIRECTION('',(0.,0.,1.));
#3421=DIRECTION('center_axis',(0.,1.,0.));
#3422=DIRECTION('ref_axis',(-1.,0.,0.));
#3423=DIRECTION('',(-1.,0.,0.));
#3424=DIRECTION('',(0.,0.,1.));
#3425=DIRECTION('center_axis',(0.,0.,1.));
#3426=DIRECTION('ref_axis',(-0.657139657517014,0.753768844221106,0.));
#3427=DIRECTION('center_axis',(0.,0.,1.));
#3428=DIRECTION('ref_axis',(-0.657139657517014,0.753768844221106,0.));
#3429=DIRECTION('center_axis',(0.,0.,1.));
#3430=DIRECTION('ref_axis',(1.,0.,0.));
#3431=DIRECTION('center_axis',(0.,-1.,0.));
#3432=DIRECTION('ref_axis',(1.,0.,0.));
#3433=DIRECTION('',(-1.,0.,0.));
#3434=DIRECTION('',(0.,0.,1.));
#3435=DIRECTION('',(1.,0.,0.));
#3436=DIRECTION('',(0.,0.,1.));
#3437=DIRECTION('center_axis',(1.,0.,0.));
#3438=DIRECTION('ref_axis',(0.,1.,0.));
#3439=DIRECTION('',(0.,-1.,0.));
#3440=DIRECTION('',(0.,1.,0.));
#3441=DIRECTION('',(0.,0.,1.));
#3442=DIRECTION('center_axis',(0.,1.,0.));
#3443=DIRECTION('ref_axis',(-1.,0.,0.));
#3444=DIRECTION('',(1.,0.,0.));
#3445=DIRECTION('',(-1.,0.,0.));
#3446=DIRECTION('',(0.,0.,1.));
#3447=DIRECTION('center_axis',(-1.,0.,0.));
#3448=DIRECTION('ref_axis',(0.,-1.,0.));
#3449=DIRECTION('',(0.,1.,0.));
#3450=DIRECTION('',(0.,-1.,0.));
#3451=DIRECTION('center_axis',(0.,0.,1.));
#3452=DIRECTION('ref_axis',(1.,0.,0.));
#3453=DIRECTION('center_axis',(0.,0.,1.));
#3454=DIRECTION('ref_axis',(1.,0.,0.));
#3455=DIRECTION('',(0.,0.,1.));
#3456=DIRECTION('center_axis',(0.,0.,-1.));
#3457=DIRECTION('ref_axis',(1.,0.,0.));
#3458=DIRECTION('center_axis',(0.,1.,0.));
#3459=DIRECTION('ref_axis',(-1.,0.,0.));
#3460=DIRECTION('',(1.,0.,0.));
#3461=DIRECTION('',(0.,0.,1.));
#3462=DIRECTION('',(-1.,0.,0.));
#3463=DIRECTION('',(0.,0.,1.));
#3464=DIRECTION('center_axis',(0.,0.,1.));
#3465=DIRECTION('ref_axis',(-1.11022302462516E-16,-1.,0.));
#3466=DIRECTION('center_axis',(0.,0.,-1.));
#3467=DIRECTION('ref_axis',(-0.645216242820963,0.764,0.));
#3468=DIRECTION('center_axis',(0.,0.,1.));
#3469=DIRECTION('ref_axis',(-0.645216242820963,0.764,0.));
#3470=DIRECTION('center_axis',(0.,0.,1.));
#3471=DIRECTION('ref_axis',(1.,0.,0.));
#3472=DIRECTION('center_axis',(0.,0.,1.));
#3473=DIRECTION('ref_axis',(1.,0.,0.));
#3474=DIRECTION('center_axis',(0.,0.,1.));
#3475=DIRECTION('ref_axis',(-0.657139657517014,0.753768844221106,0.));
#3476=DIRECTION('',(1.,-1.69796788557121E-16,0.));
#3477=DIRECTION('center_axis',(0.,0.,1.));
#3478=DIRECTION('ref_axis',(0.657139657517014,-0.753768844221106,0.));
#3479=DIRECTION('',(-1.,0.,0.));
#3480=DIRECTION('center_axis',(0.,0.,1.));
#3481=DIRECTION('ref_axis',(1.,0.,0.));
#3482=DIRECTION('center_axis',(0.,0.,1.));
#3483=DIRECTION('ref_axis',(1.,0.,0.));
#3484=DIRECTION('',(-1.,0.,0.));
#3485=DIRECTION('center_axis',(0.,0.,1.));
#3486=DIRECTION('ref_axis',(0.657139657517014,-0.753768844221106,0.));
#3487=DIRECTION('',(1.,-1.69796788557121E-16,0.));
#3488=DIRECTION('center_axis',(0.,0.,1.));
#3489=DIRECTION('ref_axis',(-0.657139657517014,0.753768844221106,0.));
#3490=DIRECTION('center_axis',(-1.69796788557121E-16,-1.,0.));
#3491=DIRECTION('ref_axis',(1.,-1.69796788557121E-16,0.));
#3492=DIRECTION('',(0.,0.,1.));
#3493=DIRECTION('',(0.,0.,1.));
#3494=DIRECTION('center_axis',(0.,0.,1.));
#3495=DIRECTION('ref_axis',(0.657139657517014,-0.753768844221106,0.));
#3496=DIRECTION('',(0.,0.,1.));
#3497=DIRECTION('center_axis',(0.,1.,0.));
#3498=DIRECTION('ref_axis',(-1.,0.,0.));
#3499=DIRECTION('',(0.,0.,1.));
#3500=DIRECTION('center_axis',(0.,0.,1.));
#3501=DIRECTION('ref_axis',(-0.657139657517014,0.753768844221106,0.));
#3502=DIRECTION('center_axis',(0.,0.,1.));
#3503=DIRECTION('ref_axis',(1.,0.,0.));
#3504=DIRECTION('center_axis',(1.,0.,8.88178419700128E-15));
#3505=DIRECTION('ref_axis',(-8.88178419700128E-15,1.5080984333082E-30,1.));
#3506=DIRECTION('',(-8.88178419700128E-15,1.5080984333082E-30,1.));
#3507=DIRECTION('',(0.,-1.,0.));
#3508=DIRECTION('',(-8.88178419700128E-15,1.5080984333082E-30,1.));
#3509=DIRECTION('',(0.,-1.,0.));
#3510=DIRECTION('center_axis',(0.,0.,1.));
#3511=DIRECTION('ref_axis',(-1.,1.69796788557121E-16,0.));
#3512=DIRECTION('',(-1.,1.69796788557121E-16,0.));
#3513=DIRECTION('',(-1.,1.69796788557121E-16,0.));
#3514=DIRECTION('',(0.,-1.,0.));
#3515=DIRECTION('center_axis',(-1.,0.,0.));
#3516=DIRECTION('ref_axis',(0.,0.,-1.));
#3517=DIRECTION('',(0.,0.,-1.));
#3518=DIRECTION('',(0.,0.,-1.));
#3519=DIRECTION('',(0.,-1.,0.));
#3520=DIRECTION('center_axis',(0.,0.,-1.));
#3521=DIRECTION('ref_axis',(1.,-1.69796788557121E-16,0.));
#3522=DIRECTION('',(1.,-1.69796788557121E-16,0.));
#3523=DIRECTION('',(1.,-1.69796788557121E-16,0.));
#3524=DIRECTION('center_axis',(0.,0.,-1.));
#3525=DIRECTION('ref_axis',(1.,-1.69796788557121E-16,0.));
#3526=DIRECTION('',(1.,-1.69796788557121E-16,0.));
#3527=DIRECTION('',(0.,-1.,0.));
#3528=DIRECTION('',(1.,-1.69796788557121E-16,0.));
#3529=DIRECTION('',(0.,-1.,0.));
#3530=DIRECTION('center_axis',(1.,0.,0.));
#3531=DIRECTION('ref_axis',(0.,0.,1.));
#3532=DIRECTION('',(0.,0.,1.));
#3533=DIRECTION('',(0.,0.,1.));
#3534=DIRECTION('',(0.,-1.,0.));
#3535=DIRECTION('center_axis',(0.,0.,1.));
#3536=DIRECTION('ref_axis',(-1.,1.69796788557121E-16,0.));
#3537=DIRECTION('',(-1.,1.69796788557121E-16,0.));
#3538=DIRECTION('',(-1.,1.69796788557121E-16,0.));
#3539=DIRECTION('',(0.,-1.,0.));
#3540=DIRECTION('center_axis',(-1.,0.,8.88178419700128E-15));
#3541=DIRECTION('ref_axis',(-8.88178419700128E-15,1.5080984333082E-30,-1.));
#3542=DIRECTION('',(-8.88178419700128E-15,1.5080984333082E-30,-1.));
#3543=DIRECTION('',(-8.88178419700128E-15,1.5080984333082E-30,-1.));
#3544=DIRECTION('center_axis',(0.,0.,-1.));
#3545=DIRECTION('ref_axis',(1.,-1.69796788557121E-16,0.));
#3546=DIRECTION('',(1.,-1.69796788557121E-16,0.));
#3547=DIRECTION('',(0.,-1.,0.));
#3548=DIRECTION('',(1.,-1.69796788557121E-16,0.));
#3549=DIRECTION('',(0.,-1.,0.));
#3550=DIRECTION('center_axis',(-1.,0.,0.));
#3551=DIRECTION('ref_axis',(0.,0.,-1.));
#3552=DIRECTION('',(0.,0.,-1.));
#3553=DIRECTION('',(0.,0.,-1.));
#3554=DIRECTION('',(0.,-1.,0.));
#3555=DIRECTION('center_axis',(0.,0.,1.));
#3556=DIRECTION('ref_axis',(-1.,1.69796788557121E-16,0.));
#3557=DIRECTION('',(-1.,1.69796788557121E-16,0.));
#3558=DIRECTION('',(-1.,1.69796788557121E-16,0.));
#3559=DIRECTION('',(0.,-1.,0.));
#3560=DIRECTION('center_axis',(1.,0.,0.));
#3561=DIRECTION('ref_axis',(0.,0.,1.));
#3562=DIRECTION('',(0.,0.,1.));
#3563=DIRECTION('',(0.,0.,1.));
#3564=DIRECTION('center_axis',(0.,-1.,0.));
#3565=DIRECTION('ref_axis',(0.,0.,-1.));
#3566=DIRECTION('center_axis',(-1.69796788557121E-16,-1.,0.));
#3567=DIRECTION('ref_axis',(1.,-1.69796788557121E-16,0.));
#3568=DIRECTION('center_axis',(0.,0.,1.));
#3569=DIRECTION('ref_axis',(1.,0.,0.));
#3570=DIRECTION('center_axis',(0.,0.,1.));
#3571=DIRECTION('ref_axis',(1.,0.,0.));
#3572=DIRECTION('',(0.,0.,-1.));
#3573=DIRECTION('center_axis',(0.,0.,1.));
#3574=DIRECTION('ref_axis',(1.,0.,0.));
#3575=DIRECTION('center_axis',(0.,0.,1.));
#3576=DIRECTION('ref_axis',(1.,0.,0.));
#3577=DIRECTION('center_axis',(0.,0.,1.));
#3578=DIRECTION('ref_axis',(1.,0.,0.));
#3579=DIRECTION('axis',(0.,0.,1.));
#3580=DIRECTION('refdir',(1.,0.,0.));
#3581=DIRECTION('center_axis',(0.,0.,-1.));
#3582=DIRECTION('ref_axis',(1.,0.,0.));
#3583=DIRECTION('',(1.,0.,0.));
#3584=DIRECTION('',(0.,-1.,0.));
#3585=DIRECTION('',(1.,0.,0.));
#3586=DIRECTION('',(0.,-1.,0.));
#3587=DIRECTION('center_axis',(-1.,0.,0.));
#3588=DIRECTION('ref_axis',(0.,0.,-1.));
#3589=DIRECTION('',(0.,0.,-1.));
#3590=DIRECTION('',(0.,0.,-1.));
#3591=DIRECTION('',(0.,-1.,0.));
#3592=DIRECTION('center_axis',(0.,0.,1.));
#3593=DIRECTION('ref_axis',(-1.,0.,0.));
#3594=DIRECTION('',(-1.,0.,0.));
#3595=DIRECTION('',(-1.,0.,0.));
#3596=DIRECTION('',(0.,-1.,0.));
#3597=DIRECTION('center_axis',(1.,0.,0.));
#3598=DIRECTION('ref_axis',(0.,0.,1.));
#3599=DIRECTION('',(0.,0.,1.));
#3600=DIRECTION('',(0.,0.,1.));
#3601=DIRECTION('center_axis',(0.,-1.,0.));
#3602=DIRECTION('ref_axis',(0.,0.,-1.));
#3603=DIRECTION('center_axis',(0.,-1.,0.));
#3604=DIRECTION('ref_axis',(1.,0.,0.));
#3605=DIRECTION('center_axis',(1.,1.55657012045538E-16,0.));
#3606=DIRECTION('ref_axis',(-1.10066128756636E-16,0.707106781186547,0.707106781186548));
#3607=DIRECTION('center_axis',(-1.,-1.83424452906138E-16,0.));
#3608=DIRECTION('ref_axis',(-1.29700674485363E-16,0.707106781186547,0.707106781186548));
#3609=DIRECTION('',(1.,1.55657012045538E-16,0.));
#3610=DIRECTION('center_axis',(1.,0.,0.));
#3611=DIRECTION('ref_axis',(0.,0.707106781186547,0.707106781186548));
#3612=DIRECTION('',(-1.,-1.55657012045538E-16,0.));
#3613=DIRECTION('center_axis',(-1.55657012045538E-16,1.,0.));
#3614=DIRECTION('ref_axis',(-1.,-1.55657012045538E-16,0.));
#3615=DIRECTION('',(0.,0.,1.));
#3616=DIRECTION('',(1.,1.55657012045538E-16,0.));
#3617=DIRECTION('',(0.,0.,1.));
#3618=DIRECTION('',(-1.,-1.55657012045538E-16,0.));
#3619=DIRECTION('',(0.,0.,-1.));
#3620=DIRECTION('',(1.,1.55657012045538E-16,0.));
#3621=DIRECTION('',(-7.70988211545247E-17,-1.20009721331467E-32,-1.));
#3622=DIRECTION('',(-1.,-1.55657012045538E-16,0.));
#3623=DIRECTION('',(0.,0.,1.));
#3624=DIRECTION('',(1.,1.55657012045538E-16,0.));
#3625=DIRECTION('',(0.,0.,-1.));
#3626=DIRECTION('center_axis',(1.,0.,0.));
#3627=DIRECTION('ref_axis',(0.,-0.707106781186546,0.707106781186549));
#3628=DIRECTION('center_axis',(-1.,0.,0.));
#3629=DIRECTION('ref_axis',(0.,-0.707106781186546,0.707106781186549));
#3630=DIRECTION('',(1.,0.,0.));
#3631=DIRECTION('center_axis',(1.,0.,-7.70988211545247E-17));
#3632=DIRECTION('ref_axis',(5.45170992598534E-17,-0.707106781186546,0.707106781186549));
#3633=DIRECTION('',(-1.,0.,0.));
#3634=DIRECTION('center_axis',(0.,0.,1.));
#3635=DIRECTION('ref_axis',(1.,0.,0.));
#3636=DIRECTION('',(0.,-1.,0.));
#3637=DIRECTION('center_axis',(0.,0.,-1.));
#3638=DIRECTION('ref_axis',(0.585714285714285,-0.810517597285959,0.));
#3639=DIRECTION('',(0.,-1.,0.));
#3640=DIRECTION('',(1.83424452906138E-16,1.,0.));
#3641=DIRECTION('center_axis',(0.,0.,-1.));
#3642=DIRECTION('ref_axis',(-0.585714285714286,0.810517597285959,0.));
#3643=DIRECTION('',(-1.83424452906138E-16,1.,0.));
#3644=DIRECTION('center_axis',(0.,0.,1.));
#3645=DIRECTION('ref_axis',(1.,0.,0.));
#3646=DIRECTION('center_axis',(-1.,0.,0.));
#3647=DIRECTION('ref_axis',(0.,-0.707106781186547,0.707106781186548));
#3648=DIRECTION('center_axis',(1.,0.,0.));
#3649=DIRECTION('ref_axis',(0.,-0.707106781186547,0.707106781186548));
#3650=DIRECTION('',(1.,0.,0.));
#3651=DIRECTION('center_axis',(-1.,0.,7.70988211545247E-17));
#3652=DIRECTION('ref_axis',(5.45170992598533E-17,-0.707106781186547,0.707106781186548));
#3653=DIRECTION('',(-1.,0.,0.));
#3654=DIRECTION('center_axis',(0.,-1.,0.));
#3655=DIRECTION('ref_axis',(0.,0.,-1.));
#3656=DIRECTION('',(0.,0.,-1.));
#3657=DIRECTION('',(-1.,0.,0.));
#3658=DIRECTION('',(0.,0.,-1.));
#3659=DIRECTION('',(1.,0.,0.));
#3660=DIRECTION('',(0.,0.,1.));
#3661=DIRECTION('',(-1.,0.,0.));
#3662=DIRECTION('',(7.70988211545247E-17,0.,1.));
#3663=DIRECTION('',(-1.,0.,0.));
#3664=DIRECTION('',(0.,0.,1.));
#3665=DIRECTION('',(1.,0.,0.));
#3666=DIRECTION('',(0.,0.,-1.));
#3667=DIRECTION('center_axis',(-1.,0.,0.));
#3668=DIRECTION('ref_axis',(0.,0.,-1.));
#3669=DIRECTION('',(0.,-1.,0.));
#3670=DIRECTION('',(0.,0.,-1.));
#3671=DIRECTION('',(0.,0.,1.));
#3672=DIRECTION('',(0.,-1.,0.));
#3673=DIRECTION('center_axis',(1.,0.,0.));
#3674=DIRECTION('ref_axis',(0.,0.707106781186546,0.707106781186549));
#3675=DIRECTION('center_axis',(-1.,0.,0.));
#3676=DIRECTION('ref_axis',(0.,0.707106781186546,0.707106781186549));
#3677=DIRECTION('',(-1.,0.,0.));
#3678=DIRECTION('center_axis',(1.,1.83424452906138E-16,0.));
#3679=DIRECTION('ref_axis',(-1.29700674485362E-16,0.707106781186546,0.707106781186549));
#3680=DIRECTION('',(1.,0.,0.));
#3681=DIRECTION('center_axis',(-1.,-1.83424452906138E-16,0.));
#3682=DIRECTION('ref_axis',(-1.83424452906138E-16,1.,0.));
#3683=DIRECTION('',(0.,0.,1.));
#3684=DIRECTION('',(0.,1.,0.));
#3685=DIRECTION('',(0.,0.,-1.));
#3686=DIRECTION('',(-1.83424452906138E-16,1.,0.));
#3687=DIRECTION('center_axis',(0.,1.,0.));
#3688=DIRECTION('ref_axis',(0.,0.,1.));
#3689=DIRECTION('',(-7.70988211545247E-17,-1.20009721331467E-32,-1.));
#3690=DIRECTION('',(1.,1.55657012045538E-16,0.));
#3691=DIRECTION('',(0.,0.,-1.));
#3692=DIRECTION('',(-1.,-1.55657012045538E-16,0.));
#3693=DIRECTION('',(0.,0.,1.));
#3694=DIRECTION('',(1.,1.55657012045538E-16,0.));
#3695=DIRECTION('',(-1.,-1.55657012045538E-16,0.));
#3696=DIRECTION('',(0.,0.,-1.));
#3697=DIRECTION('',(1.,1.55657012045538E-16,0.));
#3698=DIRECTION('',(0.,0.,1.));
#3699=DIRECTION('center_axis',(-1.,0.,0.));
#3700=DIRECTION('ref_axis',(0.,0.,1.));
#3701=DIRECTION('',(0.,1.,0.));
#3702=DIRECTION('',(0.,1.,0.));
#3703=DIRECTION('center_axis',(0.,0.,1.));
#3704=DIRECTION('ref_axis',(1.,1.55657012045538E-16,0.));
#3705=DIRECTION('',(0.,1.,0.));
#3706=DIRECTION('center_axis',(1.,0.,0.));
#3707=DIRECTION('ref_axis',(0.,0.,-1.));
#3708=DIRECTION('',(0.,1.,0.));
#3709=DIRECTION('center_axis',(0.,0.,-1.));
#3710=DIRECTION('ref_axis',(-1.,-1.55657012045538E-16,0.));
#3711=DIRECTION('center_axis',(0.,0.,1.));
#3712=DIRECTION('ref_axis',(1.,1.55657012045538E-16,0.));
#3713=DIRECTION('',(0.,1.,0.));
#3714=DIRECTION('center_axis',(-1.,0.,0.));
#3715=DIRECTION('ref_axis',(0.,0.,1.));
#3716=DIRECTION('',(0.,1.,0.));
#3717=DIRECTION('center_axis',(0.,0.,-1.));
#3718=DIRECTION('ref_axis',(-1.,-1.55657012045538E-16,0.));
#3719=DIRECTION('',(0.,1.,0.));
#3720=DIRECTION('center_axis',(1.,0.,0.));
#3721=DIRECTION('ref_axis',(0.,0.,-1.));
#3722=DIRECTION('',(0.,1.,0.));
#3723=DIRECTION('center_axis',(0.,0.,1.));
#3724=DIRECTION('ref_axis',(1.,1.55657012045538E-16,0.));
#3725=DIRECTION('',(0.,1.,0.));
#3726=DIRECTION('center_axis',(0.,0.,-1.));
#3727=DIRECTION('ref_axis',(1.,0.,0.));
#3728=DIRECTION('center_axis',(0.,0.,-1.));
#3729=DIRECTION('ref_axis',(1.,0.,0.));
#3730=DIRECTION('',(0.,0.,-1.));
#3731=DIRECTION('center_axis',(0.,0.,-1.));
#3732=DIRECTION('ref_axis',(0.585714285714285,-0.810517597285959,0.));
#3733=DIRECTION('center_axis',(0.,0.,1.));
#3734=DIRECTION('ref_axis',(0.585714285714285,-0.810517597285959,0.));
#3735=DIRECTION('',(0.,0.,-1.));
#3736=DIRECTION('',(0.,0.,-1.));
#3737=DIRECTION('center_axis',(1.,0.,0.));
#3738=DIRECTION('ref_axis',(0.,-1.,0.));
#3739=DIRECTION('',(0.,-1.,0.));
#3740=DIRECTION('center_axis',(0.,0.,-1.));
#3741=DIRECTION('ref_axis',(-0.585714285714286,0.810517597285959,0.));
#3742=DIRECTION('center_axis',(0.,0.,1.));
#3743=DIRECTION('ref_axis',(-0.585714285714286,0.810517597285959,0.));
#3744=DIRECTION('center_axis',(-1.,0.,0.));
#3745=DIRECTION('ref_axis',(0.,0.,-1.));
#3746=DIRECTION('',(0.,0.,-1.));
#3747=DIRECTION('',(0.,-1.,0.));
#3748=DIRECTION('',(0.,-1.,0.));
#3749=DIRECTION('center_axis',(0.,0.,-1.));
#3750=DIRECTION('ref_axis',(1.,0.,0.));
#3751=DIRECTION('',(1.,0.,0.));
#3752=DIRECTION('',(0.,-1.,0.));
#3753=DIRECTION('center_axis',(1.,0.,0.));
#3754=DIRECTION('ref_axis',(0.,0.,1.));
#3755=DIRECTION('',(0.,0.,1.));
#3756=DIRECTION('',(0.,-1.,0.));
#3757=DIRECTION('center_axis',(0.,0.,1.));
#3758=DIRECTION('ref_axis',(-1.,0.,0.));
#3759=DIRECTION('',(-1.,0.,0.));
#3760=DIRECTION('center_axis',(0.,0.,1.));
#3761=DIRECTION('ref_axis',(-1.,0.,0.));
#3762=DIRECTION('',(1.,0.,0.));
#3763=DIRECTION('',(0.,-1.,0.));
#3764=DIRECTION('',(0.,-1.,0.));
#3765=DIRECTION('center_axis',(1.,0.,0.));
#3766=DIRECTION('ref_axis',(0.,0.,1.));
#3767=DIRECTION('',(0.,0.,-1.));
#3768=DIRECTION('',(0.,-1.,0.));
#3769=DIRECTION('center_axis',(0.,0.,-1.));
#3770=DIRECTION('ref_axis',(1.,0.,0.));
#3771=DIRECTION('',(-1.,0.,0.));
#3772=DIRECTION('',(0.,-1.,0.));
#3773=DIRECTION('center_axis',(-1.,0.,0.));
#3774=DIRECTION('ref_axis',(0.,0.,-1.));
#3775=DIRECTION('',(0.,0.,1.));
#3776=DIRECTION('',(0.,-1.,0.));
#3777=DIRECTION('center_axis',(0.,0.,1.));
#3778=DIRECTION('ref_axis',(-1.,0.,0.));
#3779=DIRECTION('',(1.,0.,0.));
#3780=DIRECTION('center_axis',(0.,0.,1.));
#3781=DIRECTION('ref_axis',(-1.,0.,0.));
#3782=DIRECTION('',(0.,-1.,0.));
#3783=DIRECTION('center_axis',(1.,0.,-7.70988211545247E-17));
#3784=DIRECTION('ref_axis',(7.70988211545247E-17,0.,1.));
#3785=DIRECTION('',(-7.70988211545247E-17,0.,-1.));
#3786=DIRECTION('center_axis',(0.,-1.,0.));
#3787=DIRECTION('ref_axis',(1.,0.,0.));
#3788=DIRECTION('',(0.,0.,1.));
#3789=DIRECTION('',(1.,0.,0.));
#3790=DIRECTION('',(0.,0.,1.));
#3791=DIRECTION('',(1.,0.,0.));
#3792=DIRECTION('',(0.,0.,1.));
#3793=DIRECTION('',(1.,0.,0.));
#3794=DIRECTION('',(0.,0.,1.));
#3795=DIRECTION('',(1.,0.,0.));
#3796=CARTESIAN_POINT('',(0.,0.,0.));
#3797=CARTESIAN_POINT('',(0.,0.,0.));
#3798=CARTESIAN_POINT('Origin',(0.,-18.71,0.));
#3799=CARTESIAN_POINT('',(1.18,-18.71,-1.44508322299388E-16));
#3800=CARTESIAN_POINT('Origin',(0.,-18.71,0.));
#3801=CARTESIAN_POINT('',(1.18,-12.75,-1.44508322299388E-16));
#3802=CARTESIAN_POINT('',(1.18,-18.71,-1.44508322299388E-16));
#3803=CARTESIAN_POINT('Origin',(0.,-12.75,0.));
#3804=CARTESIAN_POINT('Origin',(0.,-12.75,0.));
#3805=CARTESIAN_POINT('Origin',(0.,18.71,0.));
#3806=CARTESIAN_POINT('',(1.18,18.71,-1.44508322299388E-16));
#3807=CARTESIAN_POINT('Origin',(0.,18.71,0.));
#3808=CARTESIAN_POINT('',(1.18,12.75,-1.44508322299388E-16));
#3809=CARTESIAN_POINT('',(1.18,18.71,1.44508322299388E-16));
#3810=CARTESIAN_POINT('Origin',(0.,12.75,0.));
#3811=CARTESIAN_POINT('Origin',(0.,12.75,0.));
#3812=CARTESIAN_POINT('Origin',(-2.00758561461274,-18.71,-1.85));
#3813=CARTESIAN_POINT('',(-2.00758561461274,-18.71,-1.85));
#3814=CARTESIAN_POINT('',(2.00758561461274,-18.71,-1.85));
#3815=CARTESIAN_POINT('',(-1.00379280730637,-18.71,-1.85));
#3816=CARTESIAN_POINT('',(-2.00758561461274,-10.75,-1.85));
#3817=CARTESIAN_POINT('',(-2.00758561461274,0.,-1.85));
#3818=CARTESIAN_POINT('',(2.00758561461274,-10.75,-1.85));
#3819=CARTESIAN_POINT('',(1.00379280730637,-10.75,-1.85));
#3820=CARTESIAN_POINT('',(2.00758561461274,0.,-1.85));
#3821=CARTESIAN_POINT('Origin',(0.,-10.75,0.));
#3822=CARTESIAN_POINT('Origin',(0.,-10.75,0.));
#3823=CARTESIAN_POINT('Origin',(2.00758561461274,-18.71,1.84999843850591));
#3824=CARTESIAN_POINT('',(2.0075870528714,-18.71,1.84999843879726));
#3825=CARTESIAN_POINT('',(-2.0075870528714,-18.71,1.84999843879726));
#3826=CARTESIAN_POINT('',(1.00379280730637,-18.71,1.84999843850591));
#3827=CARTESIAN_POINT('',(2.0075870528714,-10.75,1.84999843879726));
#3828=CARTESIAN_POINT('',(2.00758705353608,0.,1.84999843850591));
#3829=CARTESIAN_POINT('',(-2.0075870528714,-10.75,1.84999843879726));
#3830=CARTESIAN_POINT('',(-1.00379280730637,-10.75,1.84999843850591));
#3831=CARTESIAN_POINT('',(-2.00758705353608,0.,1.84999843850591));
#3832=CARTESIAN_POINT('Origin',(0.,-10.75,0.));
#3833=CARTESIAN_POINT('Origin',(0.,-10.75,0.));
#3834=CARTESIAN_POINT('Origin',(0.,-18.71,0.));
#3835=CARTESIAN_POINT('Origin',(0.,-18.71,0.));
#3836=CARTESIAN_POINT('',(-2.73,-18.71,3.34328576167227E-16));
#3837=CARTESIAN_POINT('Origin',(0.,-18.71,0.));
#3838=CARTESIAN_POINT('Origin',(0.,-18.71,0.));
#3839=CARTESIAN_POINT('Origin',(-2.00758561461274,18.71,1.84999843850591));
#3840=CARTESIAN_POINT('',(-2.0075870528714,18.71,1.84999843879726));
#3841=CARTESIAN_POINT('',(2.0075870528714,18.71,1.84999843879726));
#3842=CARTESIAN_POINT('',(-1.00379280730637,18.71,1.84999843850591));
#3843=CARTESIAN_POINT('',(-2.0075870528714,10.75,1.84999843879726));
#3844=CARTESIAN_POINT('',(-2.00758705353608,0.,1.84999843850591));
#3845=CARTESIAN_POINT('',(2.0075870528714,10.75,1.84999843879726));
#3846=CARTESIAN_POINT('',(-2.00758561461274,10.75,1.84999843850591));
#3847=CARTESIAN_POINT('',(2.00758705353608,0.,1.84999843850591));
#3848=CARTESIAN_POINT('Origin',(2.77555756156289E-16,10.75,2.28999921925296));
#3849=CARTESIAN_POINT('Origin',(0.,10.75,0.));
#3850=CARTESIAN_POINT('Origin',(2.00758561461274,18.71,-1.85));
#3851=CARTESIAN_POINT('',(2.00758561461274,18.71,-1.85));
#3852=CARTESIAN_POINT('',(-2.00758561461274,18.71,-1.85));
#3853=CARTESIAN_POINT('',(1.00379280730637,18.71,-1.85));
#3854=CARTESIAN_POINT('',(2.00758561461274,10.75,-1.85));
#3855=CARTESIAN_POINT('',(2.00758561461274,0.,-1.85));
#3856=CARTESIAN_POINT('',(-2.00758561461274,10.75,-1.85));
#3857=CARTESIAN_POINT('',(-2.00758561461274,10.75,-1.85));
#3858=CARTESIAN_POINT('',(-2.00758561461274,0.,-1.85));
#3859=CARTESIAN_POINT('Origin',(-5.55111512312578E-16,10.75,-2.29));
#3860=CARTESIAN_POINT('Origin',(0.,10.75,0.));
#3861=CARTESIAN_POINT('Origin',(0.,0.,0.));
#3862=CARTESIAN_POINT('',(-2.73,18.71,3.34328576167227E-16));
#3863=CARTESIAN_POINT('Origin',(0.,18.71,0.));
#3864=CARTESIAN_POINT('Origin',(0.,18.71,0.));
#3865=CARTESIAN_POINT('Origin',(0.,18.71,0.));
#3866=CARTESIAN_POINT('',(-2.73,0.,3.34328576167227E-16));
#3867=CARTESIAN_POINT('Origin',(0.,18.71,0.));
#3868=CARTESIAN_POINT('',(0.,0.,0.));
#3869=CARTESIAN_POINT('Origin',(0.,9.47,0.));
#3870=CARTESIAN_POINT('',(-3.73517273739943E-16,9.62,-3.05));
#3871=CARTESIAN_POINT('Origin',(0.,9.62,0.));
#3872=CARTESIAN_POINT('',(-3.91886975727153E-16,9.47,-3.2));
#3873=CARTESIAN_POINT('Origin',(-3.73517273739943E-16,9.47,-3.05));
#3874=CARTESIAN_POINT('Origin',(0.,9.47,0.));
#3875=CARTESIAN_POINT('Origin',(0.,9.62,0.));
#3876=CARTESIAN_POINT('',(-2.73,9.62,3.34328576167227E-16));
#3877=CARTESIAN_POINT('Origin',(0.,9.62,0.));
#3878=CARTESIAN_POINT('Origin',(0.,11.295,11.2199984385059));
#3879=CARTESIAN_POINT('',(2.08,11.22,11.2199984385059));
#3880=CARTESIAN_POINT('Origin',(0.,11.22,11.2199984385059));
#3881=CARTESIAN_POINT('',(1.93,11.37,11.2199984385059));
#3882=CARTESIAN_POINT('',(2.005,11.295,11.2199984385059));
#3883=CARTESIAN_POINT('Origin',(0.,11.37,11.2199984385059));
#3884=CARTESIAN_POINT('Origin',(0.,9.47,11.2199984385059));
#3885=CARTESIAN_POINT('',(2.08,9.47,11.2199984385059));
#3886=CARTESIAN_POINT('',(2.08,9.47,11.2199984385059));
#3887=CARTESIAN_POINT('Origin',(0.,9.47,11.2199984385059));
#3888=CARTESIAN_POINT('Origin',(0.,11.37,11.2199984385059));
#3889=CARTESIAN_POINT('Origin',(-3.5,0.,-12.33));
#3890=CARTESIAN_POINT('',(-3.5,1.5,-11.33));
#3891=CARTESIAN_POINT('',(-2.5,1.5,-12.33));
#3892=CARTESIAN_POINT('Origin',(-3.5,1.5,-12.33));
#3893=CARTESIAN_POINT('',(-2.5,-1.5,-12.33));
#3894=CARTESIAN_POINT('',(-2.5,0.,-12.33));
#3895=CARTESIAN_POINT('',(-3.5,-1.5,-11.33));
#3896=CARTESIAN_POINT('Origin',(-3.5,-1.5,-12.33));
#3897=CARTESIAN_POINT('',(-3.5,0.,-11.33));
#3898=CARTESIAN_POINT('Origin',(-2.5,0.,-16.53));
#3899=CARTESIAN_POINT('',(-2.5,1.5,-16.53));
#3900=CARTESIAN_POINT('',(-2.5,1.5,-11.33));
#3901=CARTESIAN_POINT('',(-2.5,-1.5,-16.53));
#3902=CARTESIAN_POINT('',(-2.5,0.,-16.53));
#3903=CARTESIAN_POINT('',(-2.5,-1.5,-11.33));
#3904=CARTESIAN_POINT('Origin',(3.5,0.,-12.33));
#3905=CARTESIAN_POINT('',(3.5,-1.5,-11.33));
#3906=CARTESIAN_POINT('',(2.5,-1.5,-12.33));
#3907=CARTESIAN_POINT('Origin',(3.5,-1.5,-12.33));
#3908=CARTESIAN_POINT('',(2.5,1.5,-12.33));
#3909=CARTESIAN_POINT('',(2.5,0.,-12.33));
#3910=CARTESIAN_POINT('',(3.5,1.5,-11.33));
#3911=CARTESIAN_POINT('Origin',(3.5,1.5,-12.33));
#3912=CARTESIAN_POINT('',(3.5,0.,-11.33));
#3913=CARTESIAN_POINT('Origin',(2.5,0.,-11.33));
#3914=CARTESIAN_POINT('',(2.5,-1.5,-16.53));
#3915=CARTESIAN_POINT('',(2.5,-1.5,-16.53));
#3916=CARTESIAN_POINT('',(2.5,1.5,-16.53));
#3917=CARTESIAN_POINT('',(2.5,0.,-16.53));
#3918=CARTESIAN_POINT('',(2.5,1.5,-16.53));
#3919=CARTESIAN_POINT('Origin',(9.25,0.,-9.33));
#3920=CARTESIAN_POINT('',(9.25,9.47,-11.33));
#3921=CARTESIAN_POINT('',(11.25,9.47,-9.33));
#3922=CARTESIAN_POINT('Origin',(9.25,9.47,-9.33));
#3923=CARTESIAN_POINT('',(11.25,-9.47,-9.33));
#3924=CARTESIAN_POINT('',(11.25,0.,-9.33));
#3925=CARTESIAN_POINT('',(9.25,-9.47,-11.33));
#3926=CARTESIAN_POINT('Origin',(9.25,-9.47,-9.33));
#3927=CARTESIAN_POINT('',(9.25,0.,-11.33));
#3928=CARTESIAN_POINT('Origin',(11.25,0.,-11.33));
#3929=CARTESIAN_POINT('',(-9.25,-9.47,-11.33));
#3930=CARTESIAN_POINT('',(11.25,-9.47,-11.33));
#3931=CARTESIAN_POINT('',(-9.25,9.47,-11.33));
#3932=CARTESIAN_POINT('',(-9.25,0.,-11.33));
#3933=CARTESIAN_POINT('',(11.25,9.47,-11.33));
#3934=CARTESIAN_POINT('',(5.625,-1.5,-11.33));
#3935=CARTESIAN_POINT('',(5.625,1.5,-11.33));
#3936=CARTESIAN_POINT('Origin',(-2.22044604925031E-15,-9.47,6.97));
#3937=CARTESIAN_POINT('',(11.25,-9.47,25.27));
#3938=CARTESIAN_POINT('',(11.25,-9.47,25.27));
#3939=CARTESIAN_POINT('',(7.13249605678127,-9.47,25.27));
#3940=CARTESIAN_POINT('',(-11.25,-9.47,25.27));
#3941=CARTESIAN_POINT('',(7.13249605678127,-9.47,36.87));
#3942=CARTESIAN_POINT('',(7.13249605678127,-9.47,25.27));
#3943=CARTESIAN_POINT('',(-7.13249605678127,-9.47,36.87));
#3944=CARTESIAN_POINT('',(7.13249605678127,-9.47,36.87));
#3945=CARTESIAN_POINT('',(-7.13249605678127,-9.47,25.27));
#3946=CARTESIAN_POINT('',(-7.13249605678127,-9.47,25.27));
#3947=CARTESIAN_POINT('',(-11.25,-9.47,25.27));
#3948=CARTESIAN_POINT('',(-11.25,-9.47,25.27));
#3949=CARTESIAN_POINT('',(-11.25,-9.47,-9.33000000000001));
#3950=CARTESIAN_POINT('',(-11.25,-9.47,-11.33));
#3951=CARTESIAN_POINT('Origin',(-9.25,-9.47,-9.33000000000001));
#3952=CARTESIAN_POINT('',(2.5,-9.47,32.37));
#3953=CARTESIAN_POINT('',(2.5,-9.47,31.37));
#3954=CARTESIAN_POINT('',(2.5,-9.47,19.17));
#3955=CARTESIAN_POINT('',(3.,-9.47,31.37));
#3956=CARTESIAN_POINT('',(1.5,-9.47,31.37));
#3957=CARTESIAN_POINT('',(3.,-9.47,28.87));
#3958=CARTESIAN_POINT('',(3.,-9.47,17.92));
#3959=CARTESIAN_POINT('',(-3.,-9.47,28.87));
#3960=CARTESIAN_POINT('',(-1.5,-9.47,28.87));
#3961=CARTESIAN_POINT('',(-3.,-9.47,31.37));
#3962=CARTESIAN_POINT('',(-3.,-9.47,19.17));
#3963=CARTESIAN_POINT('',(-2.5,-9.47,31.37));
#3964=CARTESIAN_POINT('',(1.5,-9.47,31.37));
#3965=CARTESIAN_POINT('',(-2.5,-9.47,32.37));
#3966=CARTESIAN_POINT('',(-2.5,-9.47,19.17));
#3967=CARTESIAN_POINT('',(-1.11022302462516E-15,-9.47,32.37));
#3968=CARTESIAN_POINT('',(-2.73,-9.47,3.34328576167227E-16));
#3969=CARTESIAN_POINT('Origin',(0.,-9.47,0.));
#3970=CARTESIAN_POINT('',(7.25,-9.47,20.11));
#3971=CARTESIAN_POINT('Origin',(8.75,-9.47,20.11));
#3972=CARTESIAN_POINT('',(-10.25,-9.47,20.11));
#3973=CARTESIAN_POINT('Origin',(-8.75,-9.47,20.11));
#3974=CARTESIAN_POINT('Origin',(-9.25,0.,-9.33000000000001));
#3975=CARTESIAN_POINT('',(-11.25,9.47,-9.33000000000001));
#3976=CARTESIAN_POINT('Origin',(-9.25,9.47,-9.33000000000001));
#3977=CARTESIAN_POINT('',(-11.25,0.,-9.33000000000001));
#3978=CARTESIAN_POINT('Origin',(-11.25,0.,-11.33));
#3979=CARTESIAN_POINT('',(-11.25,-0.77,25.27));
#3980=CARTESIAN_POINT('',(-11.25,0.,25.27));
#3981=CARTESIAN_POINT('',(-11.25,9.47,25.27));
#3982=CARTESIAN_POINT('',(-11.25,0.,25.27));
#3983=CARTESIAN_POINT('',(-11.25,9.47,-11.33));
#3984=CARTESIAN_POINT('Origin',(-2.5,-10.97,31.37));
#3985=CARTESIAN_POINT('',(-2.5,-11.47,31.37));
#3986=CARTESIAN_POINT('',(-2.5,-9.47,31.37));
#3987=CARTESIAN_POINT('',(-2.5,-11.47,30.37));
#3988=CARTESIAN_POINT('',(-2.5,-11.47,31.37));
#3989=CARTESIAN_POINT('',(-2.5,-12.47,30.37));
#3990=CARTESIAN_POINT('',(-2.5,-11.47,30.37));
#3991=CARTESIAN_POINT('',(-2.5,-12.47,32.37));
#3992=CARTESIAN_POINT('',(-2.5,-12.47,30.37));
#3993=CARTESIAN_POINT('',(-2.5,-12.47,32.37));
#3994=CARTESIAN_POINT('Origin',(0.,-11.47,30.37));
#3995=CARTESIAN_POINT('',(2.5,-11.47,31.37));
#3996=CARTESIAN_POINT('',(0.,-11.47,31.37));
#3997=CARTESIAN_POINT('',(2.5,-11.47,30.37));
#3998=CARTESIAN_POINT('',(2.5,-11.47,31.37));
#3999=CARTESIAN_POINT('',(0.,-11.47,30.37));
#4000=CARTESIAN_POINT('Origin',(0.,-12.47,30.37));
#4001=CARTESIAN_POINT('',(2.5,-12.47,30.37));
#4002=CARTESIAN_POINT('',(2.5,-11.47,30.37));
#4003=CARTESIAN_POINT('',(0.,-12.47,30.37));
#4004=CARTESIAN_POINT('Origin',(0.,-12.47,32.37));
#4005=CARTESIAN_POINT('',(2.5,-12.47,32.37));
#4006=CARTESIAN_POINT('',(2.5,-12.47,30.37));
#4007=CARTESIAN_POINT('',(0.,-12.47,32.37));
#4008=CARTESIAN_POINT('Origin',(0.,-9.47,32.37));
#4009=CARTESIAN_POINT('',(2.5,-12.47,32.37));
#4010=CARTESIAN_POINT('Origin',(2.5,-10.97,31.37));
#4011=CARTESIAN_POINT('',(2.5,-9.47,31.37));
#4012=CARTESIAN_POINT('Origin',(-2.5,9.43,31.37));
#4013=CARTESIAN_POINT('',(-2.5,9.93,31.37));
#4014=CARTESIAN_POINT('',(-2.5,7.93,31.37));
#4015=CARTESIAN_POINT('',(-2.5,7.93,31.37));
#4016=CARTESIAN_POINT('',(-2.5,7.93,32.37));
#4017=CARTESIAN_POINT('',(-2.5,7.93,28.32));
#4018=CARTESIAN_POINT('',(-2.5,10.93,32.37));
#4019=CARTESIAN_POINT('',(-2.5,10.93,32.37));
#4020=CARTESIAN_POINT('',(-2.5,10.93,30.37));
#4021=CARTESIAN_POINT('',(-2.5,10.93,30.37));
#4022=CARTESIAN_POINT('',(-2.5,9.93,30.37));
#4023=CARTESIAN_POINT('',(-2.5,9.93,30.37));
#4024=CARTESIAN_POINT('',(-2.5,9.93,31.37));
#4025=CARTESIAN_POINT('Origin',(0.,10.93,32.37));
#4026=CARTESIAN_POINT('',(2.5,7.93,32.37));
#4027=CARTESIAN_POINT('',(3.56624802839064,7.93,32.37));
#4028=CARTESIAN_POINT('',(2.5,10.93,32.37));
#4029=CARTESIAN_POINT('',(2.5,10.93,32.37));
#4030=CARTESIAN_POINT('',(0.,10.93,32.37));
#4031=CARTESIAN_POINT('Origin',(0.,10.93,30.37));
#4032=CARTESIAN_POINT('',(2.5,10.93,30.37));
#4033=CARTESIAN_POINT('',(2.5,10.93,30.37));
#4034=CARTESIAN_POINT('',(0.,10.93,30.37));
#4035=CARTESIAN_POINT('Origin',(0.,9.93,30.37));
#4036=CARTESIAN_POINT('',(2.5,9.93,30.37));
#4037=CARTESIAN_POINT('',(2.5,9.93,30.37));
#4038=CARTESIAN_POINT('',(0.,9.93,30.37));
#4039=CARTESIAN_POINT('Origin',(0.,9.93,31.37));
#4040=CARTESIAN_POINT('',(2.5,9.93,31.37));
#4041=CARTESIAN_POINT('',(2.5,9.93,31.37));
#4042=CARTESIAN_POINT('',(0.,9.93,31.37));
#4043=CARTESIAN_POINT('Origin',(2.5,9.43,31.37));
#4044=CARTESIAN_POINT('',(2.5,7.93,31.37));
#4045=CARTESIAN_POINT('',(2.5,7.93,31.37));
#4046=CARTESIAN_POINT('',(2.5,7.93,28.32));
#4047=CARTESIAN_POINT('Origin',(7.13249605678127,7.93,25.27));
#4048=CARTESIAN_POINT('',(-7.13249605678127,7.93,25.27));
#4049=CARTESIAN_POINT('',(7.13249605678127,7.93,25.27));
#4050=CARTESIAN_POINT('',(-2.05875197160937,7.93,25.27));
#4051=CARTESIAN_POINT('',(-7.13249605678127,7.93,36.87));
#4052=CARTESIAN_POINT('',(-7.13249605678127,7.93,25.27));
#4053=CARTESIAN_POINT('',(7.13249605678127,7.93,36.87));
#4054=CARTESIAN_POINT('',(7.13249605678127,7.93,36.87));
#4055=CARTESIAN_POINT('',(7.13249605678127,7.93,25.27));
#4056=CARTESIAN_POINT('',(-3.,7.93,31.37));
#4057=CARTESIAN_POINT('',(5.06624802839063,7.93,31.37));
#4058=CARTESIAN_POINT('',(-3.,7.93,28.87));
#4059=CARTESIAN_POINT('',(-3.,7.93,28.32));
#4060=CARTESIAN_POINT('',(3.,7.93,28.87));
#4061=CARTESIAN_POINT('',(2.06624802839063,7.93,28.87));
#4062=CARTESIAN_POINT('',(3.,7.93,31.37));
#4063=CARTESIAN_POINT('',(3.,7.93,27.07));
#4064=CARTESIAN_POINT('',(5.06624802839063,7.93,31.37));
#4065=CARTESIAN_POINT('Origin',(3.,7.93,31.37));
#4066=CARTESIAN_POINT('',(-3.,6.73,31.37));
#4067=CARTESIAN_POINT('',(3.,6.73,31.37));
#4068=CARTESIAN_POINT('',(-1.76926979614715,6.73,31.37));
#4069=CARTESIAN_POINT('',(-3.,7.93,31.37));
#4070=CARTESIAN_POINT('',(3.,7.93,31.37));
#4071=CARTESIAN_POINT('Origin',(3.,7.93,31.37));
#4072=CARTESIAN_POINT('',(3.,-8.27,31.37));
#4073=CARTESIAN_POINT('',(-3.,-8.27,31.37));
#4074=CARTESIAN_POINT('',(4.76926979614714,-8.27,31.37));
#4075=CARTESIAN_POINT('',(3.,7.93,31.37));
#4076=CARTESIAN_POINT('',(-3.,7.93,31.37));
#4077=CARTESIAN_POINT('Origin',(-3.,7.93,31.37));
#4078=CARTESIAN_POINT('',(-3.,6.73,28.87));
#4079=CARTESIAN_POINT('',(-3.,6.73,28.32));
#4080=CARTESIAN_POINT('',(-3.,7.93,28.87));
#4081=CARTESIAN_POINT('Origin',(-3.,7.93,31.37));
#4082=CARTESIAN_POINT('',(-3.,-8.27,28.87));
#4083=CARTESIAN_POINT('',(-3.,-8.27,28.32));
#4084=CARTESIAN_POINT('',(-3.,7.93,28.87));
#4085=CARTESIAN_POINT('Origin',(3.,7.93,28.87));
#4086=CARTESIAN_POINT('',(3.,6.73,28.87));
#4087=CARTESIAN_POINT('',(3.,6.73,27.07));
#4088=CARTESIAN_POINT('',(3.,7.93,28.87));
#4089=CARTESIAN_POINT('Origin',(-3.,7.93,28.87));
#4090=CARTESIAN_POINT('',(-4.76926979614715,6.73,28.87));
#4091=CARTESIAN_POINT('Origin',(-3.,7.93,28.87));
#4092=CARTESIAN_POINT('',(3.,-8.27,28.87));
#4093=CARTESIAN_POINT('',(1.76926979614714,-8.27,28.87));
#4094=CARTESIAN_POINT('',(3.,7.93,28.87));
#4095=CARTESIAN_POINT('Origin',(3.,7.93,28.87));
#4096=CARTESIAN_POINT('',(3.,-8.27,27.07));
#4097=CARTESIAN_POINT('Origin',(6.53853959229429,-8.27,25.27));
#4098=CARTESIAN_POINT('',(-6.53853959229429,-8.27,25.27));
#4099=CARTESIAN_POINT('',(6.53853959229429,-8.27,25.27));
#4100=CARTESIAN_POINT('',(-2.35573020385286,-8.27,25.27));
#4101=CARTESIAN_POINT('',(-6.53853959229429,-8.27,36.87));
#4102=CARTESIAN_POINT('',(-6.53853959229429,-8.27,25.27));
#4103=CARTESIAN_POINT('',(6.53853959229429,-8.27,36.87));
#4104=CARTESIAN_POINT('',(-6.53853959229429,-8.27,36.87));
#4105=CARTESIAN_POINT('',(6.53853959229429,-8.27,25.27));
#4106=CARTESIAN_POINT('Origin',(0.,-0.77,25.27));
#4107=CARTESIAN_POINT('',(6.53853959229429,6.73,25.27));
#4108=CARTESIAN_POINT('Origin',(0.,-0.77,25.27));
#4109=CARTESIAN_POINT('',(6.53853959229429,6.73,36.87));
#4110=CARTESIAN_POINT('Origin',(0.,-0.77,36.87));
#4111=CARTESIAN_POINT('',(6.53853959229429,6.73,25.27));
#4112=CARTESIAN_POINT('Origin',(-6.53853959229429,6.73,25.27));
#4113=CARTESIAN_POINT('',(-6.53853959229429,6.73,25.27));
#4114=CARTESIAN_POINT('',(-8.89426979614715,6.73,25.27));
#4115=CARTESIAN_POINT('',(-6.53853959229429,6.73,36.87));
#4116=CARTESIAN_POINT('',(-6.53853959229429,6.73,36.87));
#4117=CARTESIAN_POINT('',(-6.53853959229429,6.73,25.27));
#4118=CARTESIAN_POINT('Origin',(0.,-0.77,25.27));
#4119=CARTESIAN_POINT('Origin',(0.,-0.77,25.27));
#4120=CARTESIAN_POINT('Origin',(0.,-0.77,36.87));
#4121=CARTESIAN_POINT('Origin',(0.,-0.77,25.27));
#4122=CARTESIAN_POINT('Origin',(0.,-0.77,25.27));
#4123=CARTESIAN_POINT('Origin',(0.,-0.77,25.27));
#4124=CARTESIAN_POINT('Origin',(0.,-0.77,36.87));
#4125=CARTESIAN_POINT('Origin',(0.,-0.77,25.27));
#4126=CARTESIAN_POINT('',(11.25,-0.77,25.27));
#4127=CARTESIAN_POINT('Origin',(0.,-0.77,25.27));
#4128=CARTESIAN_POINT('Origin',(0.,-0.77,25.27));
#4129=CARTESIAN_POINT('Origin',(0.,-0.77,36.87));
#4130=CARTESIAN_POINT('Origin',(0.,-0.77,36.87));
#4131=CARTESIAN_POINT('Origin',(-11.25,0.,25.27));
#4132=CARTESIAN_POINT('Origin',(-11.25,0.,25.27));
#4133=CARTESIAN_POINT('',(11.25,0.,25.27));
#4134=CARTESIAN_POINT('Origin',(-11.25,0.,25.27));
#4135=CARTESIAN_POINT('Origin',(0.,-1.5,-13.93));
#4136=CARTESIAN_POINT('',(-2.5,-1.5,-16.53));
#4137=CARTESIAN_POINT('',(-1.5,-1.5,-13.93));
#4138=CARTESIAN_POINT('Origin',(0.,-1.5,-13.93));
#4139=CARTESIAN_POINT('Origin',(0.,0.,-13.93));
#4140=CARTESIAN_POINT('',(-1.5,1.5,-13.93));
#4141=CARTESIAN_POINT('',(-1.5,0.,-13.93));
#4142=CARTESIAN_POINT('Origin',(0.,1.5,-13.93));
#4143=CARTESIAN_POINT('Origin',(2.5,0.,-16.53));
#4144=CARTESIAN_POINT('',(-2.5,1.5,-16.53));
#4145=CARTESIAN_POINT('Origin',(0.,1.5,-13.93));
#4146=CARTESIAN_POINT('Origin',(-8.75,0.,20.11));
#4147=CARTESIAN_POINT('',(-10.25,9.47,20.11));
#4148=CARTESIAN_POINT('',(-10.25,0.,20.11));
#4149=CARTESIAN_POINT('Origin',(-8.75,9.47,20.11));
#4150=CARTESIAN_POINT('Origin',(8.75,0.,20.11));
#4151=CARTESIAN_POINT('',(7.25,9.47,20.11));
#4152=CARTESIAN_POINT('',(7.25,0.,20.11));
#4153=CARTESIAN_POINT('Origin',(8.75,9.47,20.11));
#4154=CARTESIAN_POINT('Origin',(0.,0.,0.));
#4155=CARTESIAN_POINT('',(-2.73,0.,3.34328576167227E-16));
#4156=CARTESIAN_POINT('Origin',(-11.25,0.,25.27));
#4157=CARTESIAN_POINT('',(11.25,9.47,25.27));
#4158=CARTESIAN_POINT('',(11.25,0.,25.27));
#4159=CARTESIAN_POINT('',(-11.25,9.47,25.27));
#4160=CARTESIAN_POINT('Origin',(11.25,0.,25.27));
#4161=CARTESIAN_POINT('',(11.25,9.47,25.27));
#4162=CARTESIAN_POINT('Origin',(-2.22044604925031E-15,9.47,6.97));
#4163=CARTESIAN_POINT('',(0.,0.,0.));
#4164=CARTESIAN_POINT('Origin',(0.,-0.770000000000001,25.27));
#4165=CARTESIAN_POINT('',(-6.53853959229429,6.73,25.27));
#4166=CARTESIAN_POINT('',(-6.53853959229429,-8.27,25.27));
#4167=CARTESIAN_POINT('Origin',(0.,-0.77,25.27));
#4168=CARTESIAN_POINT('',(6.53853959229429,6.73,25.27));
#4169=CARTESIAN_POINT('',(6.53853959229429,6.73,25.27));
#4170=CARTESIAN_POINT('',(6.53853959229429,-8.27,25.27));
#4171=CARTESIAN_POINT('Origin',(0.,-0.77,25.27));
#4172=CARTESIAN_POINT('',(-6.53853959229429,-8.27,25.27));
#4173=CARTESIAN_POINT('Origin',(-6.53853959229429,-8.27,25.27));
#4174=CARTESIAN_POINT('',(-6.53853959229429,-8.27,45.27));
#4175=CARTESIAN_POINT('',(6.53853959229429,-8.27,45.27));
#4176=CARTESIAN_POINT('',(-3.26926979614715,-8.27,45.27));
#4177=CARTESIAN_POINT('',(-6.53853959229429,-8.27,25.27));
#4178=CARTESIAN_POINT('',(6.53853959229429,-8.27,25.27));
#4179=CARTESIAN_POINT('Origin',(0.,-0.77,25.27));
#4180=CARTESIAN_POINT('',(6.53853959229429,6.73,45.27));
#4181=CARTESIAN_POINT('Origin',(0.,-0.77,45.27));
#4182=CARTESIAN_POINT('',(6.53853959229429,6.73,25.27));
#4183=CARTESIAN_POINT('Origin',(6.53853959229429,6.73,25.27));
#4184=CARTESIAN_POINT('',(-6.53853959229429,6.73,45.27));
#4185=CARTESIAN_POINT('',(3.26926979614714,6.73,45.27));
#4186=CARTESIAN_POINT('',(-6.53853959229429,6.73,25.27));
#4187=CARTESIAN_POINT('Origin',(0.,-0.77,25.27));
#4188=CARTESIAN_POINT('Origin',(0.,-0.77,45.27));
#4189=CARTESIAN_POINT('Origin',(0.,-0.770000000000001,45.27));
#4190=CARTESIAN_POINT('Origin',(-3.,-3.22,50.27));
#4191=CARTESIAN_POINT('',(3.,-3.22,50.27));
#4192=CARTESIAN_POINT('',(-3.,-3.22,50.27));
#4193=CARTESIAN_POINT('',(-1.5,-3.22,50.27));
#4194=CARTESIAN_POINT('',(3.,-3.22,52.27));
#4195=CARTESIAN_POINT('',(3.,-3.22,50.27));
#4196=CARTESIAN_POINT('',(-3.,-3.22,52.27));
#4197=CARTESIAN_POINT('',(3.,-3.22,52.27));
#4198=CARTESIAN_POINT('',(-3.,-3.22,50.27));
#4199=CARTESIAN_POINT('Origin',(-3.,-4.22,50.27));
#4200=CARTESIAN_POINT('',(-3.,-4.22,50.27));
#4201=CARTESIAN_POINT('',(-3.,-2.495,50.27));
#4202=CARTESIAN_POINT('',(-3.,-4.22,52.27));
#4203=CARTESIAN_POINT('',(-3.,-3.22,52.27));
#4204=CARTESIAN_POINT('',(-3.,-4.22,50.27));
#4205=CARTESIAN_POINT('Origin',(3.,-4.22,50.27));
#4206=CARTESIAN_POINT('',(3.,-4.22,50.27));
#4207=CARTESIAN_POINT('',(1.5,-4.22,50.27));
#4208=CARTESIAN_POINT('',(3.,-4.22,52.27));
#4209=CARTESIAN_POINT('',(-3.,-4.22,52.27));
#4210=CARTESIAN_POINT('',(3.,-4.22,50.27));
#4211=CARTESIAN_POINT('Origin',(3.,-3.22,50.27));
#4212=CARTESIAN_POINT('',(3.,-1.995,50.27));
#4213=CARTESIAN_POINT('',(3.,-4.22,52.27));
#4214=CARTESIAN_POINT('Origin',(0.,-0.77,50.27));
#4215=CARTESIAN_POINT('',(-0.75,-0.77,50.27));
#4216=CARTESIAN_POINT('Origin',(0.,-0.77,50.27));
#4217=CARTESIAN_POINT('',(-0.75,-0.77,52.27));
#4218=CARTESIAN_POINT('',(-0.75,-0.77,50.27));
#4219=CARTESIAN_POINT('Origin',(0.,-0.77,52.27));
#4220=CARTESIAN_POINT('Origin',(3.22608121410481,3.05,50.27));
#4221=CARTESIAN_POINT('',(-3.22608121410481,3.05,50.27));
#4222=CARTESIAN_POINT('',(3.22608121410481,3.05,50.27));
#4223=CARTESIAN_POINT('',(1.61304060705241,3.05,50.27));
#4224=CARTESIAN_POINT('',(-3.22608121410481,3.05,52.27));
#4225=CARTESIAN_POINT('',(-3.22608121410481,3.05,50.27));
#4226=CARTESIAN_POINT('',(3.22608121410481,3.05,52.27));
#4227=CARTESIAN_POINT('',(3.22608121410481,3.05,52.27));
#4228=CARTESIAN_POINT('',(3.22608121410481,3.05,50.27));
#4229=CARTESIAN_POINT('Origin',(0.,-0.77,50.27));
#4230=CARTESIAN_POINT('Origin',(0.,-0.77,50.27));
#4231=CARTESIAN_POINT('Origin',(0.,-0.77,52.27));
#4232=CARTESIAN_POINT('Origin',(0.,-1.36,52.27));
#4233=CARTESIAN_POINT('Origin',(0.,-0.770000000000001,50.27));
#4234=CARTESIAN_POINT('',(-6.53853959229429,6.73,50.27));
#4235=CARTESIAN_POINT('',(-6.53853959229429,-8.27,50.27));
#4236=CARTESIAN_POINT('Origin',(0.,-0.77,50.27));
#4237=CARTESIAN_POINT('',(6.53853959229429,-8.27,50.27));
#4238=CARTESIAN_POINT('',(-6.53853959229429,-8.27,50.27));
#4239=CARTESIAN_POINT('',(6.53853959229429,6.73,50.27));
#4240=CARTESIAN_POINT('Origin',(0.,-0.77,50.27));
#4241=CARTESIAN_POINT('',(6.53853959229429,6.73,50.27));
#4242=CARTESIAN_POINT('Origin',(0.,-0.770000000000001,50.27));
#4243=CARTESIAN_POINT('Origin',(0.,-0.770000000000001,45.27));
#4244=CARTESIAN_POINT('',(6.53853959229429,6.73,45.27));
#4245=CARTESIAN_POINT('',(-6.53853959229429,6.73,45.27));
#4246=CARTESIAN_POINT('',(3.26926979614714,6.73,45.27));
#4247=CARTESIAN_POINT('',(6.53853959229429,-8.27,45.27));
#4248=CARTESIAN_POINT('Origin',(0.,-0.77,45.27));
#4249=CARTESIAN_POINT('',(-6.53853959229429,-8.27,45.27));
#4250=CARTESIAN_POINT('',(-3.26926979614715,-8.27,45.27));
#4251=CARTESIAN_POINT('Origin',(0.,-0.77,45.27));
#4252=CARTESIAN_POINT('Origin',(-6.53853959229429,-8.27,25.27));
#4253=CARTESIAN_POINT('',(6.53853959229429,-8.27,25.27));
#4254=CARTESIAN_POINT('',(-6.53853959229429,-8.27,25.27));
#4255=CARTESIAN_POINT('Origin',(0.,-0.77,25.27));
#4256=CARTESIAN_POINT('',(6.53853959229429,6.73,25.27));
#4257=CARTESIAN_POINT('Origin',(6.53853959229429,6.73,25.27));
#4258=CARTESIAN_POINT('',(-6.53853959229429,6.73,25.27));
#4259=CARTESIAN_POINT('Origin',(0.,-0.77,25.27));
#4260=CARTESIAN_POINT('Origin',(0.,-0.770000000000001,50.27));
#4261=CARTESIAN_POINT('Origin',(-8.09999999999994,-8.27,47.27));
#4262=CARTESIAN_POINT('',(-8.09999999999994,-8.27,47.27));
#4263=CARTESIAN_POINT('',(-8.09999999999995,-8.27,48.27));
#4264=CARTESIAN_POINT('',(-8.09999999999994,-8.27,47.27));
#4265=CARTESIAN_POINT('',(-8.09999999999995,-8.52,48.27));
#4266=CARTESIAN_POINT('',(-8.09999999999995,-8.27,48.27));
#4267=CARTESIAN_POINT('',(-8.09999999999994,-8.52,47.27));
#4268=CARTESIAN_POINT('',(-8.09999999999994,-8.52,47.27));
#4269=CARTESIAN_POINT('',(-8.09999999999994,-8.27,47.27));
#4270=CARTESIAN_POINT('Origin',(-6.09999999999995,-8.27,47.27));
#4271=CARTESIAN_POINT('',(-6.09999999999995,-8.27,47.27));
#4272=CARTESIAN_POINT('',(-6.09999999999995,-8.27,47.27));
#4273=CARTESIAN_POINT('',(-6.09999999999995,-8.52,47.27));
#4274=CARTESIAN_POINT('',(-6.09999999999995,-8.52,47.27));
#4275=CARTESIAN_POINT('',(-6.09999999999995,-8.27,47.27));
#4276=CARTESIAN_POINT('Origin',(-6.09999999999995,-8.27,48.27));
#4277=CARTESIAN_POINT('',(-6.09999999999995,-8.27,48.27));
#4278=CARTESIAN_POINT('',(-6.09999999999995,-8.27,48.27));
#4279=CARTESIAN_POINT('',(-6.09999999999995,-8.52,48.27));
#4280=CARTESIAN_POINT('',(-6.09999999999995,-8.52,48.27));
#4281=CARTESIAN_POINT('',(-6.09999999999995,-8.27,48.27));
#4282=CARTESIAN_POINT('Origin',(-8.09999999999995,-8.27,48.27));
#4283=CARTESIAN_POINT('',(-8.09999999999995,-8.27,48.27));
#4284=CARTESIAN_POINT('',(-8.09999999999995,-8.52,48.27));
#4285=CARTESIAN_POINT('Origin',(6.09999999999994,-8.27,48.27));
#4286=CARTESIAN_POINT('',(6.09999999999994,-8.27,48.27));
#4287=CARTESIAN_POINT('',(8.09999999999995,-8.27,48.27));
#4288=CARTESIAN_POINT('',(8.09999999999995,-8.27,48.27));
#4289=CARTESIAN_POINT('',(8.09999999999995,-8.52,48.27));
#4290=CARTESIAN_POINT('',(8.09999999999995,-8.27,48.27));
#4291=CARTESIAN_POINT('',(6.09999999999994,-8.52,48.27));
#4292=CARTESIAN_POINT('',(8.09999999999995,-8.52,48.27));
#4293=CARTESIAN_POINT('',(6.09999999999994,-8.27,48.27));
#4294=CARTESIAN_POINT('Origin',(6.09999999999994,-8.27,47.27));
#4295=CARTESIAN_POINT('',(6.09999999999994,-8.27,47.27));
#4296=CARTESIAN_POINT('',(6.09999999999994,-8.27,48.27));
#4297=CARTESIAN_POINT('',(6.09999999999994,-8.52,47.27));
#4298=CARTESIAN_POINT('',(6.09999999999994,-8.52,48.27));
#4299=CARTESIAN_POINT('',(6.09999999999994,-8.27,47.27));
#4300=CARTESIAN_POINT('Origin',(8.09999999999994,-8.27,47.27));
#4301=CARTESIAN_POINT('',(8.09999999999994,-8.27,47.27));
#4302=CARTESIAN_POINT('',(6.09999999999994,-8.27,47.27));
#4303=CARTESIAN_POINT('',(8.09999999999994,-8.52,47.27));
#4304=CARTESIAN_POINT('',(6.09999999999994,-8.52,47.27));
#4305=CARTESIAN_POINT('',(8.09999999999994,-8.27,47.27));
#4306=CARTESIAN_POINT('Origin',(8.09999999999995,-8.27,48.27));
#4307=CARTESIAN_POINT('',(8.09999999999994,-8.27,47.27));
#4308=CARTESIAN_POINT('',(8.09999999999994,-8.52,47.27));
#4309=CARTESIAN_POINT('Origin',(-8.60000000000006,-8.27,46.77));
#4310=CARTESIAN_POINT('',(-8.60000000000006,-8.27,46.77));
#4311=CARTESIAN_POINT('',(8.59999999999994,-8.27,46.77));
#4312=CARTESIAN_POINT('',(-8.60000000000006,-8.27,46.77));
#4313=CARTESIAN_POINT('',(8.59999999999994,-8.52,46.77));
#4314=CARTESIAN_POINT('',(8.59999999999994,-8.27,46.77));
#4315=CARTESIAN_POINT('',(-8.60000000000006,-8.52,46.77));
#4316=CARTESIAN_POINT('',(-8.60000000000006,-8.52,46.77));
#4317=CARTESIAN_POINT('',(-8.60000000000006,-8.27,46.77));
#4318=CARTESIAN_POINT('Origin',(-8.60000000000006,-8.27,48.77));
#4319=CARTESIAN_POINT('',(-8.60000000000006,-8.27,48.77));
#4320=CARTESIAN_POINT('',(-8.60000000000006,-8.27,48.77));
#4321=CARTESIAN_POINT('',(-8.60000000000006,-8.52,48.77));
#4322=CARTESIAN_POINT('',(-8.60000000000006,-8.52,48.77));
#4323=CARTESIAN_POINT('',(-8.60000000000006,-8.27,48.77));
#4324=CARTESIAN_POINT('Origin',(8.59999999999994,-8.27,48.77));
#4325=CARTESIAN_POINT('',(8.59999999999994,-8.27,48.77));
#4326=CARTESIAN_POINT('',(8.59999999999994,-8.27,48.77));
#4327=CARTESIAN_POINT('',(8.59999999999994,-8.52,48.77));
#4328=CARTESIAN_POINT('',(8.59999999999994,-8.52,48.77));
#4329=CARTESIAN_POINT('',(8.59999999999994,-8.27,48.77));
#4330=CARTESIAN_POINT('Origin',(8.59999999999994,-8.27,46.77));
#4331=CARTESIAN_POINT('',(8.59999999999994,-8.27,46.77));
#4332=CARTESIAN_POINT('',(8.59999999999994,-8.52,46.77));
#4333=CARTESIAN_POINT('Origin',(-6.10622663543836E-14,-8.52,47.77));
#4334=CARTESIAN_POINT('Origin',(-6.13562627711258E-14,-8.27,47.77));
#4335=CARTESIAN_POINT('Origin',(0.,-0.77,50.27));
#4336=CARTESIAN_POINT('',(-0.75,-0.77,52.77));
#4337=CARTESIAN_POINT('Origin',(0.,-0.77,52.77));
#4338=CARTESIAN_POINT('',(-0.75,-0.77,50.27));
#4339=CARTESIAN_POINT('',(-0.75,-0.77,50.27));
#4340=CARTESIAN_POINT('Origin',(0.,-0.77,50.27));
#4341=CARTESIAN_POINT('Origin',(0.,-0.770000000000001,52.77));
#4342=CARTESIAN_POINT('Origin',(0.,-0.770000000000001,50.27));
#4343=CARTESIAN_POINT('',(0.,0.,0.));
#4344=CARTESIAN_POINT('Origin',(-4.07,-8.52,45.77));
#4345=CARTESIAN_POINT('',(-4.07,-8.52,45.77));
#4346=CARTESIAN_POINT('',(4.07,-8.52,45.77));
#4347=CARTESIAN_POINT('',(-4.07,-8.52,45.77));
#4348=CARTESIAN_POINT('',(4.07,-9.22,45.77));
#4349=CARTESIAN_POINT('',(4.07,-8.52,45.77));
#4350=CARTESIAN_POINT('',(-4.07,-9.22,45.77));
#4351=CARTESIAN_POINT('',(-4.07,-9.22,45.77));
#4352=CARTESIAN_POINT('',(-4.07,-8.52,45.77));
#4353=CARTESIAN_POINT('Origin',(-4.07,-8.52,48.77));
#4354=CARTESIAN_POINT('',(-4.07,-8.52,48.77));
#4355=CARTESIAN_POINT('',(-4.07,-8.52,48.77));
#4356=CARTESIAN_POINT('',(-4.07,-9.22,48.77));
#4357=CARTESIAN_POINT('',(-4.07,-9.22,48.77));
#4358=CARTESIAN_POINT('',(-4.07,-8.52,48.77));
#4359=CARTESIAN_POINT('Origin',(4.07,-8.52,48.77));
#4360=CARTESIAN_POINT('',(4.07,-8.52,48.77));
#4361=CARTESIAN_POINT('',(4.07,-8.52,48.77));
#4362=CARTESIAN_POINT('',(4.07,-9.22,48.77));
#4363=CARTESIAN_POINT('',(4.07,-9.22,48.77));
#4364=CARTESIAN_POINT('',(4.07,-8.52,48.77));
#4365=CARTESIAN_POINT('Origin',(4.07,-8.52,45.77));
#4366=CARTESIAN_POINT('',(4.07,-8.52,45.77));
#4367=CARTESIAN_POINT('',(4.07,-9.22,45.77));
#4368=CARTESIAN_POINT('Origin',(-5.55111512312578E-16,-9.22,47.27));
#4369=CARTESIAN_POINT('Origin',(-5.55111512312578E-16,-8.52,47.27));
#4370=CARTESIAN_POINT('Origin',(-2.1710255617155E-15,6.43,48.97));
#4371=CARTESIAN_POINT('',(-4.1,6.43,50.47));
#4372=CARTESIAN_POINT('',(-4.1,7.93,48.97));
#4373=CARTESIAN_POINT('Origin',(-4.1,6.43,48.97));
#4374=CARTESIAN_POINT('',(4.1,7.93,48.97));
#4375=CARTESIAN_POINT('',(-2.40451107978381E-15,7.93,48.97));
#4376=CARTESIAN_POINT('',(4.1,6.43,50.47));
#4377=CARTESIAN_POINT('Origin',(4.1,6.43,48.97));
#4378=CARTESIAN_POINT('',(-2.1710255617155E-15,6.43,50.47));
#4379=CARTESIAN_POINT('Origin',(-2.34458313014627E-15,7.93,40.02));
#4380=CARTESIAN_POINT('',(-4.1,7.93,37.07));
#4381=CARTESIAN_POINT('',(-4.1,7.93,37.07));
#4382=CARTESIAN_POINT('',(-5.75,7.93,37.07));
#4383=CARTESIAN_POINT('',(-5.75,7.93,37.07));
#4384=CARTESIAN_POINT('',(-5.75,7.93,28.57));
#4385=CARTESIAN_POINT('',(-5.75,7.93,28.57));
#4386=CARTESIAN_POINT('',(5.75,7.93,28.57));
#4387=CARTESIAN_POINT('',(5.75,7.93,28.57));
#4388=CARTESIAN_POINT('',(5.75,7.93,37.07));
#4389=CARTESIAN_POINT('',(5.75,7.93,37.07));
#4390=CARTESIAN_POINT('',(4.1,7.93,37.07));
#4391=CARTESIAN_POINT('',(4.1,7.93,37.07));
#4392=CARTESIAN_POINT('',(4.1,7.93,51.47));
#4393=CARTESIAN_POINT('',(3.,7.93,35.37));
#4394=CARTESIAN_POINT('',(-3.,7.93,35.37));
#4395=CARTESIAN_POINT('',(3.,7.93,35.37));
#4396=CARTESIAN_POINT('',(3.,7.93,31.37));
#4397=CARTESIAN_POINT('',(3.,7.93,31.37));
#4398=CARTESIAN_POINT('',(-3.,7.93,31.37));
#4399=CARTESIAN_POINT('',(-3.,7.93,31.37));
#4400=CARTESIAN_POINT('',(-3.,7.93,35.37));
#4401=CARTESIAN_POINT('Origin',(-1.66533453693773E-15,-7.97,48.97));
#4402=CARTESIAN_POINT('',(-4.1,-9.47,48.97));
#4403=CARTESIAN_POINT('',(-4.1,-7.97,50.47));
#4404=CARTESIAN_POINT('Origin',(-4.1,-7.97,48.97));
#4405=CARTESIAN_POINT('',(4.1,-7.97,50.47));
#4406=CARTESIAN_POINT('',(-1.66533453693773E-15,-7.97,50.47));
#4407=CARTESIAN_POINT('',(4.1,-9.47,48.97));
#4408=CARTESIAN_POINT('Origin',(4.1,-7.97,48.97));
#4409=CARTESIAN_POINT('',(-1.66533453693773E-15,-9.47,48.97));
#4410=CARTESIAN_POINT('Origin',(-1.11022302462516E-15,-0.770000000000001,
50.47));
#4411=CARTESIAN_POINT('',(4.1,4.90362318100172,50.47));
#4412=CARTESIAN_POINT('',(4.1,7.93,50.47));
#4413=CARTESIAN_POINT('',(4.1,-6.44362318100172,50.47));
#4414=CARTESIAN_POINT('Origin',(0.,-0.77,50.47));
#4415=CARTESIAN_POINT('',(4.1,-6.44362318100172,50.47));
#4416=CARTESIAN_POINT('',(-4.1,-6.44362318100171,50.47));
#4417=CARTESIAN_POINT('',(-4.1,-9.47,50.47));
#4418=CARTESIAN_POINT('',(-4.1,4.90362318100171,50.47));
#4419=CARTESIAN_POINT('Origin',(0.,-0.77,50.47));
#4420=CARTESIAN_POINT('',(-4.1,4.90362318100171,50.47));
#4421=CARTESIAN_POINT('',(-5.,-0.770000000000001,50.47));
#4422=CARTESIAN_POINT('Origin',(0.,-0.77,50.47));
#4423=CARTESIAN_POINT('Origin',(2.05,-9.17,49.97));
#4424=CARTESIAN_POINT('',(-4.1,-9.17,51.47));
#4425=CARTESIAN_POINT('',(-4.1,-10.67,49.97));
#4426=CARTESIAN_POINT('Origin',(-4.1,-9.17,49.97));
#4427=CARTESIAN_POINT('',(4.1,-10.67,49.97));
#4428=CARTESIAN_POINT('',(2.05,-10.67,49.97));
#4429=CARTESIAN_POINT('',(4.1,-9.17,51.47));
#4430=CARTESIAN_POINT('Origin',(4.1,-9.17,49.97));
#4431=CARTESIAN_POINT('',(2.05,-9.17,51.47));
#4432=CARTESIAN_POINT('Origin',(-2.22044604925031E-15,-10.67,40.02));
#4433=CARTESIAN_POINT('',(-4.1,-10.67,37.07));
#4434=CARTESIAN_POINT('',(-4.1,-10.67,37.07));
#4435=CARTESIAN_POINT('',(-5.75,-10.67,37.07));
#4436=CARTESIAN_POINT('',(-5.75,-10.67,37.07));
#4437=CARTESIAN_POINT('',(-5.75,-10.67,28.57));
#4438=CARTESIAN_POINT('',(-5.75,-10.67,28.57));
#4439=CARTESIAN_POINT('',(5.75,-10.67,28.57));
#4440=CARTESIAN_POINT('',(5.75,-10.67,28.57));
#4441=CARTESIAN_POINT('',(5.75,-10.67,37.07));
#4442=CARTESIAN_POINT('',(5.75,-10.67,37.07));
#4443=CARTESIAN_POINT('',(4.1,-10.67,37.07));
#4444=CARTESIAN_POINT('',(4.1,-10.67,37.07));
#4445=CARTESIAN_POINT('',(4.1,-10.67,51.47));
#4446=CARTESIAN_POINT('',(3.,-10.67,31.37));
#4447=CARTESIAN_POINT('',(-3.,-10.67,31.37));
#4448=CARTESIAN_POINT('',(-3.,-10.67,31.37));
#4449=CARTESIAN_POINT('',(-3.,-10.67,35.37));
#4450=CARTESIAN_POINT('',(-3.,-10.67,35.37));
#4451=CARTESIAN_POINT('',(3.,-10.67,35.37));
#4452=CARTESIAN_POINT('',(3.,-10.67,35.37));
#4453=CARTESIAN_POINT('',(3.,-10.67,31.37));
#4454=CARTESIAN_POINT('Origin',(-4.1,-9.47,51.47));
#4455=CARTESIAN_POINT('',(-4.1,-6.44362318100171,51.47));
#4456=CARTESIAN_POINT('',(-4.1,-9.47,51.47));
#4457=CARTESIAN_POINT('',(-4.1,-6.44362318100171,51.47));
#4458=CARTESIAN_POINT('',(-4.1,-9.47,37.07));
#4459=CARTESIAN_POINT('',(-4.1,-9.47,37.07));
#4460=CARTESIAN_POINT('',(-4.1,-9.47,37.07));
#4461=CARTESIAN_POINT('Origin',(2.05,7.63,49.97));
#4462=CARTESIAN_POINT('',(4.1,7.63,51.47));
#4463=CARTESIAN_POINT('',(4.1,9.13,49.97));
#4464=CARTESIAN_POINT('Origin',(4.1,7.63,49.97));
#4465=CARTESIAN_POINT('',(-4.1,9.13,49.97));
#4466=CARTESIAN_POINT('',(2.05,9.13,49.97));
#4467=CARTESIAN_POINT('',(-4.1,7.63,51.47));
#4468=CARTESIAN_POINT('Origin',(-4.1,7.63,49.97));
#4469=CARTESIAN_POINT('',(2.05,7.63,51.47));
#4470=CARTESIAN_POINT('Origin',(-4.1,4.90362318100171,51.47));
#4471=CARTESIAN_POINT('',(-4.1,9.13,37.07));
#4472=CARTESIAN_POINT('',(-4.1,9.13,37.07));
#4473=CARTESIAN_POINT('',(-4.1,7.93,37.07));
#4474=CARTESIAN_POINT('',(-4.1,4.90362318100171,51.47));
#4475=CARTESIAN_POINT('',(-4.1,4.90362318100171,51.47));
#4476=CARTESIAN_POINT('',(-4.1,4.90362318100171,51.47));
#4477=CARTESIAN_POINT('Origin',(-2.22044604925031E-15,9.13,40.02));
#4478=CARTESIAN_POINT('',(4.1,9.13,37.07));
#4479=CARTESIAN_POINT('',(4.1,9.13,51.47));
#4480=CARTESIAN_POINT('',(5.75,9.13,37.07));
#4481=CARTESIAN_POINT('',(4.1,9.13,37.07));
#4482=CARTESIAN_POINT('',(5.75,9.13,28.57));
#4483=CARTESIAN_POINT('',(5.75,9.13,37.07));
#4484=CARTESIAN_POINT('',(-5.75,9.13,28.57));
#4485=CARTESIAN_POINT('',(5.75,9.13,28.57));
#4486=CARTESIAN_POINT('',(-5.75,9.13,37.07));
#4487=CARTESIAN_POINT('',(-5.75,9.13,28.57));
#4488=CARTESIAN_POINT('',(-5.75,9.13,37.07));
#4489=CARTESIAN_POINT('',(3.,9.13,35.37));
#4490=CARTESIAN_POINT('',(-3.,9.13,35.37));
#4491=CARTESIAN_POINT('',(3.,9.13,35.37));
#4492=CARTESIAN_POINT('',(-3.,9.13,31.37));
#4493=CARTESIAN_POINT('',(-3.,9.13,35.37));
#4494=CARTESIAN_POINT('',(3.,9.13,31.37));
#4495=CARTESIAN_POINT('',(-3.,9.13,31.37));
#4496=CARTESIAN_POINT('',(3.,9.13,31.37));
#4497=CARTESIAN_POINT('Origin',(3.,7.93,31.37));
#4498=CARTESIAN_POINT('',(3.,7.93,35.37));
#4499=CARTESIAN_POINT('',(3.,7.93,31.37));
#4500=CARTESIAN_POINT('Origin',(-3.,7.93,31.37));
#4501=CARTESIAN_POINT('',(-3.,7.93,31.37));
#4502=CARTESIAN_POINT('Origin',(-3.,7.93,35.37));
#4503=CARTESIAN_POINT('',(-3.,7.93,35.37));
#4504=CARTESIAN_POINT('Origin',(3.,7.93,35.37));
#4505=CARTESIAN_POINT('Origin',(-5.75,7.93,37.07));
#4506=CARTESIAN_POINT('',(-5.75,7.93,37.07));
#4507=CARTESIAN_POINT('Origin',(-5.75,7.93,28.57));
#4508=CARTESIAN_POINT('',(-5.75,7.93,28.57));
#4509=CARTESIAN_POINT('Origin',(5.75,7.93,28.57));
#4510=CARTESIAN_POINT('',(5.75,7.93,28.57));
#4511=CARTESIAN_POINT('Origin',(5.75,7.93,37.07));
#4512=CARTESIAN_POINT('',(5.75,7.93,37.07));
#4513=CARTESIAN_POINT('Origin',(4.1,7.93,37.07));
#4514=CARTESIAN_POINT('',(4.1,7.93,37.07));
#4515=CARTESIAN_POINT('Origin',(0.,-0.77,51.47));
#4516=CARTESIAN_POINT('',(-5.,-0.770000000000001,51.47));
#4517=CARTESIAN_POINT('Origin',(0.,-0.77,51.47));
#4518=CARTESIAN_POINT('',(-5.,-0.77,51.47));
#4519=CARTESIAN_POINT('Origin',(0.,-0.77,51.47));
#4520=CARTESIAN_POINT('',(4.1,-6.44362318100172,51.47));
#4521=CARTESIAN_POINT('',(4.1,4.90362318100172,51.47));
#4522=CARTESIAN_POINT('Origin',(0.,-0.77,51.47));
#4523=CARTESIAN_POINT('',(4.1,-6.44362318100172,51.47));
#4524=CARTESIAN_POINT('',(4.1,4.90362318100172,51.47));
#4525=CARTESIAN_POINT('Origin',(4.1,7.93,51.47));
#4526=CARTESIAN_POINT('',(4.1,7.93,51.47));
#4527=CARTESIAN_POINT('Origin',(0.,-0.77,51.47));
#4528=CARTESIAN_POINT('Origin',(0.,-0.77,51.47));
#4529=CARTESIAN_POINT('Origin',(3.,-9.47,35.37));
#4530=CARTESIAN_POINT('',(3.,-9.47,35.37));
#4531=CARTESIAN_POINT('',(3.,-9.47,31.37));
#4532=CARTESIAN_POINT('',(3.,-9.47,31.37));
#4533=CARTESIAN_POINT('',(3.,-9.47,31.37));
#4534=CARTESIAN_POINT('',(3.,-9.47,35.37));
#4535=CARTESIAN_POINT('Origin',(-3.,-9.47,35.37));
#4536=CARTESIAN_POINT('',(-3.,-9.47,35.37));
#4537=CARTESIAN_POINT('',(3.,-9.47,35.37));
#4538=CARTESIAN_POINT('',(-3.,-9.47,35.37));
#4539=CARTESIAN_POINT('Origin',(-3.,-9.47,31.37));
#4540=CARTESIAN_POINT('',(-3.,-9.47,31.37));
#4541=CARTESIAN_POINT('',(-3.,-9.47,35.37));
#4542=CARTESIAN_POINT('',(-3.,-9.47,31.37));
#4543=CARTESIAN_POINT('Origin',(3.,-9.47,31.37));
#4544=CARTESIAN_POINT('',(-3.,-9.47,31.37));
#4545=CARTESIAN_POINT('Origin',(5.75,-9.47,37.07));
#4546=CARTESIAN_POINT('',(4.1,-9.47,37.07));
#4547=CARTESIAN_POINT('',(5.75,-9.47,37.07));
#4548=CARTESIAN_POINT('',(4.1,-9.47,37.07));
#4549=CARTESIAN_POINT('',(4.1,-9.47,37.07));
#4550=CARTESIAN_POINT('',(5.75,-9.47,37.07));
#4551=CARTESIAN_POINT('Origin',(5.75,-9.47,28.57));
#4552=CARTESIAN_POINT('',(5.75,-9.47,28.57));
#4553=CARTESIAN_POINT('',(5.75,-9.47,37.07));
#4554=CARTESIAN_POINT('',(5.75,-9.47,28.57));
#4555=CARTESIAN_POINT('Origin',(-5.75,-9.47,28.57));
#4556=CARTESIAN_POINT('',(-5.75,-9.47,28.57));
#4557=CARTESIAN_POINT('',(5.75,-9.47,28.57));
#4558=CARTESIAN_POINT('',(-5.75,-9.47,28.57));
#4559=CARTESIAN_POINT('Origin',(-5.75,-9.47,37.07));
#4560=CARTESIAN_POINT('',(-5.75,-9.47,37.07));
#4561=CARTESIAN_POINT('',(-5.75,-9.47,28.57));
#4562=CARTESIAN_POINT('',(-5.75,-9.47,37.07));
#4563=CARTESIAN_POINT('Origin',(-4.1,-9.47,37.07));
#4564=CARTESIAN_POINT('',(-5.75,-9.47,37.07));
#4565=CARTESIAN_POINT('Origin',(4.1,-9.47,51.47));
#4566=CARTESIAN_POINT('',(4.1,-9.47,51.47));
#4567=CARTESIAN_POINT('Origin',(4.1,-9.47,37.07));
#4568=CARTESIAN_POINT('',(4.1,-9.47,51.47));
#4569=CARTESIAN_POINT('Origin',(-2.22044604925031E-15,-9.47,40.02));
#4570=CARTESIAN_POINT('',(0.,0.,0.));
#4571=CARTESIAN_POINT('',(0.,0.,0.));
#4572=CARTESIAN_POINT('',(0.,0.,0.));
#4573=CARTESIAN_POINT('',(0.,0.,0.));
#4574=UNCERTAINTY_MEASURE_WITH_UNIT(LENGTH_MEASURE(0.01),#4586,
'DISTANCE_ACCURACY_VALUE',
'Maximum model space distance between geometric entities at asserted c
onnectivities');
#4575=UNCERTAINTY_MEASURE_WITH_UNIT(LENGTH_MEASURE(0.01),#4586,
'DISTANCE_ACCURACY_VALUE',
'Maximum model space distance between geometric entities at asserted c
onnectivities');
#4576=UNCERTAINTY_MEASURE_WITH_UNIT(LENGTH_MEASURE(0.01),#4586,
'DISTANCE_ACCURACY_VALUE',
'Maximum model space distance between geometric entities at asserted c
onnectivities');
#4577=UNCERTAINTY_MEASURE_WITH_UNIT(LENGTH_MEASURE(0.01),#4586,
'DISTANCE_ACCURACY_VALUE',
'Maximum model space distance between geometric entities at asserted c
onnectivities');
#4578=UNCERTAINTY_MEASURE_WITH_UNIT(LENGTH_MEASURE(0.01),#4586,
'DISTANCE_ACCURACY_VALUE',
'Maximum model space distance between geometric entities at asserted c
onnectivities');
#4579=UNCERTAINTY_MEASURE_WITH_UNIT(LENGTH_MEASURE(0.01),#4586,
'DISTANCE_ACCURACY_VALUE',
'Maximum model space distance between geometric entities at asserted c
onnectivities');
#4580=(
GEOMETRIC_REPRESENTATION_CONTEXT(3)
GLOBAL_UNCERTAINTY_ASSIGNED_CONTEXT((#4574))
GLOBAL_UNIT_ASSIGNED_CONTEXT((#4586,#4588,#4589))
REPRESENTATION_CONTEXT('','3D')
);
#4581=(
GEOMETRIC_REPRESENTATION_CONTEXT(3)
GLOBAL_UNCERTAINTY_ASSIGNED_CONTEXT((#4575))
GLOBAL_UNIT_ASSIGNED_CONTEXT((#4586,#4588,#4589))
REPRESENTATION_CONTEXT('','3D')
);
#4582=(
GEOMETRIC_REPRESENTATION_CONTEXT(3)
GLOBAL_UNCERTAINTY_ASSIGNED_CONTEXT((#4576))
GLOBAL_UNIT_ASSIGNED_CONTEXT((#4586,#4588,#4589))
REPRESENTATION_CONTEXT('','3D')
);
#4583=(
GEOMETRIC_REPRESENTATION_CONTEXT(3)
GLOBAL_UNCERTAINTY_ASSIGNED_CONTEXT((#4577))
GLOBAL_UNIT_ASSIGNED_CONTEXT((#4586,#4588,#4589))
REPRESENTATION_CONTEXT('','3D')
);
#4584=(
GEOMETRIC_REPRESENTATION_CONTEXT(3)
GLOBAL_UNCERTAINTY_ASSIGNED_CONTEXT((#4578))
GLOBAL_UNIT_ASSIGNED_CONTEXT((#4586,#4588,#4589))
REPRESENTATION_CONTEXT('','3D')
);
#4585=(
GEOMETRIC_REPRESENTATION_CONTEXT(3)
GLOBAL_UNCERTAINTY_ASSIGNED_CONTEXT((#4579))
GLOBAL_UNIT_ASSIGNED_CONTEXT((#4586,#4588,#4589))
REPRESENTATION_CONTEXT('','3D')
);
#4586=(
LENGTH_UNIT()
NAMED_UNIT(*)
SI_UNIT(.MILLI.,.METRE.)
);
#4587=(
LENGTH_UNIT()
NAMED_UNIT(*)
SI_UNIT($,.METRE.)
);
#4588=(
NAMED_UNIT(*)
PLANE_ANGLE_UNIT()
SI_UNIT($,.RADIAN.)
);
#4589=(
NAMED_UNIT(*)
SI_UNIT($,.STERADIAN.)
SOLID_ANGLE_UNIT()
);
#4590=SHAPE_DEFINITION_REPRESENTATION(#4595,#4604);
#4591=SHAPE_DEFINITION_REPRESENTATION(#4596,#4605);
#4592=SHAPE_DEFINITION_REPRESENTATION(#4597,#4606);
#4593=SHAPE_DEFINITION_REPRESENTATION(#4598,#4607);
#4594=SHAPE_DEFINITION_REPRESENTATION(#4599,#4608);
#4595=PRODUCT_DEFINITION_SHAPE('',$,#4610);
#4596=PRODUCT_DEFINITION_SHAPE('',$,#4611);
#4597=PRODUCT_DEFINITION_SHAPE('',$,#4612);
#4598=PRODUCT_DEFINITION_SHAPE('',$,#4613);
#4599=PRODUCT_DEFINITION_SHAPE('',$,#4614);
#4600=PRODUCT_DEFINITION_SHAPE($,$,#23);
#4601=PRODUCT_DEFINITION_SHAPE($,$,#24);
#4602=PRODUCT_DEFINITION_SHAPE($,$,#25);
#4603=PRODUCT_DEFINITION_SHAPE($,$,#26);
#4604=SHAPE_REPRESENTATION('',(#2799,#3028,#3029,#3030,#3031),#4580);
#4605=SHAPE_REPRESENTATION('',(#2800),#4581);
#4606=SHAPE_REPRESENTATION('',(#2830),#4582);
#4607=SHAPE_REPRESENTATION('',(#2918),#4583);
#4608=SHAPE_REPRESENTATION('',(#2972),#4584);
#4609=PRODUCT_DEFINITION_CONTEXT('part definition',#4626,'design');
#4610=PRODUCT_DEFINITION('BO DC Motor','BO DC Motor v2',#4615,#4609);
#4611=PRODUCT_DEFINITION('Motor Shaft','Motor Shaft',#4616,#4609);
#4612=PRODUCT_DEFINITION('Motor Casing','Motor Casing',#4617,#4609);
#4613=PRODUCT_DEFINITION('Driving Motor','Driving Motor',#4618,#4609);
#4614=PRODUCT_DEFINITION('Fasteners','Fasteners',#4619,#4609);
#4615=PRODUCT_DEFINITION_FORMATION('',$,#4628);
#4616=PRODUCT_DEFINITION_FORMATION('',$,#4629);
#4617=PRODUCT_DEFINITION_FORMATION('',$,#4630);
#4618=PRODUCT_DEFINITION_FORMATION('',$,#4631);
#4619=PRODUCT_DEFINITION_FORMATION('',$,#4632);
#4620=PRODUCT_RELATED_PRODUCT_CATEGORY('BO DC Motor v2',
'BO DC Motor v2',(#4628));
#4621=PRODUCT_RELATED_PRODUCT_CATEGORY('Motor Shaft','Motor Shaft',(#4629));
#4622=PRODUCT_RELATED_PRODUCT_CATEGORY('Motor Casing','Motor Casing',(#4630));
#4623=PRODUCT_RELATED_PRODUCT_CATEGORY('Driving Motor','Driving Motor',
(#4631));
#4624=PRODUCT_RELATED_PRODUCT_CATEGORY('Fasteners','Fasteners',(#4632));
#4625=APPLICATION_PROTOCOL_DEFINITION('international standard',
'automotive_design',2009,#4626);
#4626=APPLICATION_CONTEXT(
'Core Data for Automotive Mechanical Design Process');
#4627=PRODUCT_CONTEXT('part definition',#4626,'mechanical');
#4628=PRODUCT('BO DC Motor','BO DC Motor v2',$,(#4627));
#4629=PRODUCT('Motor Shaft','Motor Shaft',$,(#4627));
#4630=PRODUCT('Motor Casing','Motor Casing',$,(#4627));
#4631=PRODUCT('Driving Motor','Driving Motor',$,(#4627));
#4632=PRODUCT('Fasteners','Fasteners',$,(#4627));
#4633=PRESENTATION_STYLE_ASSIGNMENT((#4642));
#4634=PRESENTATION_STYLE_ASSIGNMENT((#4643));
#4635=PRESENTATION_STYLE_ASSIGNMENT((#4644));
#4636=PRESENTATION_STYLE_ASSIGNMENT((#4645));
#4637=PRESENTATION_STYLE_ASSIGNMENT((#4646));
#4638=PRESENTATION_STYLE_ASSIGNMENT((#4647));
#4639=PRESENTATION_STYLE_ASSIGNMENT((#4648));
#4640=PRESENTATION_STYLE_ASSIGNMENT((#4649));
#4641=PRESENTATION_STYLE_ASSIGNMENT((#4650));
#4642=SURFACE_STYLE_USAGE(.BOTH.,#4651);
#4643=SURFACE_STYLE_USAGE(.BOTH.,#4652);
#4644=SURFACE_STYLE_USAGE(.BOTH.,#4653);
#4645=SURFACE_STYLE_USAGE(.BOTH.,#4654);
#4646=SURFACE_STYLE_USAGE(.BOTH.,#4655);
#4647=SURFACE_STYLE_USAGE(.BOTH.,#4656);
#4648=SURFACE_STYLE_USAGE(.BOTH.,#4657);
#4649=SURFACE_STYLE_USAGE(.BOTH.,#4658);
#4650=SURFACE_STYLE_USAGE(.BOTH.,#4659);
#4651=SURFACE_SIDE_STYLE('',(#4660));
#4652=SURFACE_SIDE_STYLE('',(#4661));
#4653=SURFACE_SIDE_STYLE('',(#4662));
#4654=SURFACE_SIDE_STYLE('',(#4663));
#4655=SURFACE_SIDE_STYLE('',(#4664));
#4656=SURFACE_SIDE_STYLE('',(#4665));
#4657=SURFACE_SIDE_STYLE('',(#4666));
#4658=SURFACE_SIDE_STYLE('',(#4667));
#4659=SURFACE_SIDE_STYLE('',(#4668));
#4660=SURFACE_STYLE_FILL_AREA(#4669);
#4661=SURFACE_STYLE_FILL_AREA(#4670);
#4662=SURFACE_STYLE_FILL_AREA(#4671);
#4663=SURFACE_STYLE_FILL_AREA(#4672);
#4664=SURFACE_STYLE_FILL_AREA(#4673);
#4665=SURFACE_STYLE_FILL_AREA(#4674);
#4666=SURFACE_STYLE_FILL_AREA(#4675);
#4667=SURFACE_STYLE_FILL_AREA(#4676);
#4668=SURFACE_STYLE_FILL_AREA(#4677);
#4669=FILL_AREA_STYLE('Steel - Satin',(#4678));
#4670=FILL_AREA_STYLE('Opaque(239,247,255)',(#4679));
#4671=FILL_AREA_STYLE('Opaque(255,237,21)',(#4680));
#4672=FILL_AREA_STYLE('Opaque(191,191,191)',(#4681));
#4673=FILL_AREA_STYLE('Opaque(25,25,25)',(#4682));
#4674=FILL_AREA_STYLE('Opaque(237,206,195)',(#4683));
#4675=FILL_AREA_STYLE('Opaque(229,229,229)',(#4684));
#4676=FILL_AREA_STYLE('Opaque(179,179,179)',(#4685));
#4677=FILL_AREA_STYLE('Opaque(246,246,243)',(#4686));
#4678=FILL_AREA_STYLE_COLOUR('Steel - Satin',#4687);
#4679=FILL_AREA_STYLE_COLOUR('Opaque(239,247,255)',#4688);
#4680=FILL_AREA_STYLE_COLOUR('Opaque(255,237,21)',#4689);
#4681=FILL_AREA_STYLE_COLOUR('Opaque(191,191,191)',#4690);
#4682=FILL_AREA_STYLE_COLOUR('Opaque(25,25,25)',#4691);
#4683=FILL_AREA_STYLE_COLOUR('Opaque(237,206,195)',#4692);
#4684=FILL_AREA_STYLE_COLOUR('Opaque(229,229,229)',#4693);
#4685=FILL_AREA_STYLE_COLOUR('Opaque(179,179,179)',#4694);
#4686=FILL_AREA_STYLE_COLOUR('Opaque(246,246,243)',#4695);
#4687=COLOUR_RGB('Steel - Satin',0.627450980392157,0.627450980392157,0.627450980392157);
#4688=COLOUR_RGB('Opaque(239,247,255)',0.937254901960784,0.968627450980392,
1.);
#4689=COLOUR_RGB('Opaque(255,237,21)',1.,0.929411764705882,0.0823529411764706);
#4690=COLOUR_RGB('Opaque(191,191,191)',0.749019607843137,0.749019607843137,
0.749019607843137);
#4691=COLOUR_RGB('Opaque(25,25,25)',0.0980392156862745,0.0980392156862745,
0.0980392156862745);
#4692=COLOUR_RGB('Opaque(237,206,195)',0.929411764705882,0.807843137254902,
0.764705882352941);
#4693=COLOUR_RGB('Opaque(229,229,229)',0.898039215686275,0.898039215686275,
0.898039215686275);
#4694=COLOUR_RGB('Opaque(179,179,179)',0.701960784313725,0.701960784313725,
0.701960784313725);
#4695=COLOUR_RGB('Opaque(246,246,243)',0.964705882352941,0.964705882352941,
0.952941176470588);
ENDSEC;
END-ISO-10303-21;
