ISO-10303-21;
HEADER;
/* Generated by software containing ST-Developer
 * from STEP Tools, Inc. (www.steptools.com) 
 */

FILE_DESCRIPTION(
/* description */ (''),
/* implementation_level */ '2;1');

FILE_NAME(
/* name */ 'Chassis.step',
/* time_stamp */ '2026-07-19T12:01:35+05:30',
/* author */ (''),
/* organization */ (''),
/* preprocessor_version */ 'ST-DEVELOPER v20.1',
/* originating_system */ 'Autodesk Translation Framework v15.8.0.0',
/* authorisation */ '');

FILE_SCHEMA (('AUTOMOTIVE_DESIGN { 1 0 10303 214 3 1 1 }'));
ENDSEC;

DATA;
#10=MECHANICAL_DESIGN_GEOMETRIC_PRESENTATION_REPRESENTATION('',(#13),#3803);
#11=SHAPE_REPRESENTATION_RELATIONSHIP('SRR','None',#3810,#12);
#12=ADVANCED_BREP_SHAPE_REPRESENTATION('',(#14),#3802);
#13=STYLED_ITEM('',(#3820),#14);
#14=MANIFOLD_SOLID_BREP('Body1',#2335);
#15=FACE_BOUND('',#294,.T.);
#16=FACE_BOUND('',#295,.T.);
#17=FACE_BOUND('',#296,.T.);
#18=FACE_BOUND('',#297,.T.);
#19=FACE_BOUND('',#298,.T.);
#20=FACE_BOUND('',#310,.T.);
#21=FACE_BOUND('',#311,.T.);
#22=FACE_BOUND('',#314,.T.);
#23=FACE_BOUND('',#315,.T.);
#24=FACE_BOUND('',#320,.T.);
#25=FACE_BOUND('',#321,.T.);
#26=FACE_BOUND('',#326,.T.);
#27=FACE_BOUND('',#327,.T.);
#28=FACE_BOUND('',#333,.T.);
#29=FACE_BOUND('',#334,.T.);
#30=FACE_BOUND('',#363,.T.);
#31=FACE_BOUND('',#364,.T.);
#32=FACE_BOUND('',#367,.T.);
#33=FACE_BOUND('',#368,.T.);
#34=FACE_BOUND('',#370,.T.);
#35=FACE_BOUND('',#371,.T.);
#36=FACE_BOUND('',#396,.T.);
#37=FACE_BOUND('',#397,.T.);
#38=FACE_BOUND('',#398,.T.);
#39=FACE_BOUND('',#399,.T.);
#40=FACE_BOUND('',#400,.T.);
#41=FACE_BOUND('',#401,.T.);
#42=FACE_BOUND('',#402,.T.);
#43=FACE_BOUND('',#403,.T.);
#44=FACE_BOUND('',#404,.T.);
#45=FACE_BOUND('',#405,.T.);
#46=FACE_BOUND('',#406,.T.);
#47=FACE_BOUND('',#407,.T.);
#48=FACE_BOUND('',#408,.T.);
#49=PLANE('',#2352);
#50=PLANE('',#2353);
#51=PLANE('',#2354);
#52=PLANE('',#2358);
#53=PLANE('',#2359);
#54=PLANE('',#2360);
#55=PLANE('',#2361);
#56=PLANE('',#2362);
#57=PLANE('',#2366);
#58=PLANE('',#2367);
#59=PLANE('',#2368);
#60=PLANE('',#2372);
#61=PLANE('',#2373);
#62=PLANE('',#2374);
#63=PLANE('',#2375);
#64=PLANE('',#2379);
#65=PLANE('',#2380);
#66=PLANE('',#2381);
#67=PLANE('',#2385);
#68=PLANE('',#2386);
#69=PLANE('',#2387);
#70=PLANE('',#2388);
#71=PLANE('',#2392);
#72=PLANE('',#2393);
#73=PLANE('',#2394);
#74=PLANE('',#2398);
#75=PLANE('',#2399);
#76=PLANE('',#2400);
#77=PLANE('',#2401);
#78=PLANE('',#2408);
#79=PLANE('',#2411);
#80=PLANE('',#2414);
#81=PLANE('',#2417);
#82=PLANE('',#2421);
#83=PLANE('',#2422);
#84=PLANE('',#2428);
#85=PLANE('',#2431);
#86=PLANE('',#2435);
#87=PLANE('',#2436);
#88=PLANE('',#2442);
#89=PLANE('',#2446);
#90=PLANE('',#2450);
#91=PLANE('',#2456);
#92=PLANE('',#2457);
#93=PLANE('',#2463);
#94=PLANE('',#2478);
#95=PLANE('',#2479);
#96=PLANE('',#2480);
#97=PLANE('',#2481);
#98=PLANE('',#2482);
#99=PLANE('',#2483);
#100=PLANE('',#2484);
#101=PLANE('',#2485);
#102=PLANE('',#2486);
#103=PLANE('',#2487);
#104=PLANE('',#2488);
#105=PLANE('',#2489);
#106=PLANE('',#2490);
#107=PLANE('',#2491);
#108=PLANE('',#2492);
#109=PLANE('',#2493);
#110=PLANE('',#2494);
#111=PLANE('',#2495);
#112=PLANE('',#2496);
#113=PLANE('',#2497);
#114=PLANE('',#2498);
#115=PLANE('',#2499);
#116=PLANE('',#2500);
#117=PLANE('',#2501);
#118=PLANE('',#2502);
#119=PLANE('',#2503);
#120=PLANE('',#2504);
#121=PLANE('',#2505);
#122=PLANE('',#2506);
#123=PLANE('',#2507);
#124=PLANE('',#2508);
#125=PLANE('',#2509);
#126=PLANE('',#2510);
#127=PLANE('',#2511);
#128=PLANE('',#2512);
#129=PLANE('',#2513);
#130=PLANE('',#2514);
#131=PLANE('',#2515);
#132=PLANE('',#2516);
#133=PLANE('',#2517);
#134=PLANE('',#2518);
#135=PLANE('',#2519);
#136=PLANE('',#2520);
#137=PLANE('',#2521);
#138=PLANE('',#2522);
#139=FACE_OUTER_BOUND('',#257,.T.);
#140=FACE_OUTER_BOUND('',#258,.T.);
#141=FACE_OUTER_BOUND('',#259,.T.);
#142=FACE_OUTER_BOUND('',#260,.T.);
#143=FACE_OUTER_BOUND('',#261,.T.);
#144=FACE_OUTER_BOUND('',#262,.T.);
#145=FACE_OUTER_BOUND('',#263,.T.);
#146=FACE_OUTER_BOUND('',#264,.T.);
#147=FACE_OUTER_BOUND('',#265,.T.);
#148=FACE_OUTER_BOUND('',#266,.T.);
#149=FACE_OUTER_BOUND('',#267,.T.);
#150=FACE_OUTER_BOUND('',#268,.T.);
#151=FACE_OUTER_BOUND('',#269,.T.);
#152=FACE_OUTER_BOUND('',#270,.T.);
#153=FACE_OUTER_BOUND('',#271,.T.);
#154=FACE_OUTER_BOUND('',#272,.T.);
#155=FACE_OUTER_BOUND('',#273,.T.);
#156=FACE_OUTER_BOUND('',#274,.T.);
#157=FACE_OUTER_BOUND('',#275,.T.);
#158=FACE_OUTER_BOUND('',#276,.T.);
#159=FACE_OUTER_BOUND('',#277,.T.);
#160=FACE_OUTER_BOUND('',#278,.T.);
#161=FACE_OUTER_BOUND('',#279,.T.);
#162=FACE_OUTER_BOUND('',#280,.T.);
#163=FACE_OUTER_BOUND('',#281,.T.);
#164=FACE_OUTER_BOUND('',#282,.T.);
#165=FACE_OUTER_BOUND('',#283,.T.);
#166=FACE_OUTER_BOUND('',#284,.T.);
#167=FACE_OUTER_BOUND('',#285,.T.);
#168=FACE_OUTER_BOUND('',#286,.T.);
#169=FACE_OUTER_BOUND('',#287,.T.);
#170=FACE_OUTER_BOUND('',#288,.T.);
#171=FACE_OUTER_BOUND('',#289,.T.);
#172=FACE_OUTER_BOUND('',#290,.T.);
#173=FACE_OUTER_BOUND('',#291,.T.);
#174=FACE_OUTER_BOUND('',#292,.T.);
#175=FACE_OUTER_BOUND('',#293,.T.);
#176=FACE_OUTER_BOUND('',#299,.T.);
#177=FACE_OUTER_BOUND('',#300,.T.);
#178=FACE_OUTER_BOUND('',#301,.T.);
#179=FACE_OUTER_BOUND('',#302,.T.);
#180=FACE_OUTER_BOUND('',#303,.T.);
#181=FACE_OUTER_BOUND('',#304,.T.);
#182=FACE_OUTER_BOUND('',#305,.T.);
#183=FACE_OUTER_BOUND('',#306,.T.);
#184=FACE_OUTER_BOUND('',#307,.T.);
#185=FACE_OUTER_BOUND('',#308,.T.);
#186=FACE_OUTER_BOUND('',#309,.T.);
#187=FACE_OUTER_BOUND('',#312,.T.);
#188=FACE_OUTER_BOUND('',#313,.T.);
#189=FACE_OUTER_BOUND('',#316,.T.);
#190=FACE_OUTER_BOUND('',#317,.T.);
#191=FACE_OUTER_BOUND('',#318,.T.);
#192=FACE_OUTER_BOUND('',#319,.T.);
#193=FACE_OUTER_BOUND('',#322,.T.);
#194=FACE_OUTER_BOUND('',#323,.T.);
#195=FACE_OUTER_BOUND('',#324,.T.);
#196=FACE_OUTER_BOUND('',#325,.T.);
#197=FACE_OUTER_BOUND('',#328,.T.);
#198=FACE_OUTER_BOUND('',#329,.T.);
#199=FACE_OUTER_BOUND('',#330,.T.);
#200=FACE_OUTER_BOUND('',#331,.T.);
#201=FACE_OUTER_BOUND('',#332,.T.);
#202=FACE_OUTER_BOUND('',#335,.T.);
#203=FACE_OUTER_BOUND('',#336,.T.);
#204=FACE_OUTER_BOUND('',#337,.T.);
#205=FACE_OUTER_BOUND('',#338,.T.);
#206=FACE_OUTER_BOUND('',#339,.T.);
#207=FACE_OUTER_BOUND('',#340,.T.);
#208=FACE_OUTER_BOUND('',#341,.T.);
#209=FACE_OUTER_BOUND('',#342,.T.);
#210=FACE_OUTER_BOUND('',#343,.T.);
#211=FACE_OUTER_BOUND('',#344,.T.);
#212=FACE_OUTER_BOUND('',#345,.T.);
#213=FACE_OUTER_BOUND('',#346,.T.);
#214=FACE_OUTER_BOUND('',#347,.T.);
#215=FACE_OUTER_BOUND('',#348,.T.);
#216=FACE_OUTER_BOUND('',#349,.T.);
#217=FACE_OUTER_BOUND('',#350,.T.);
#218=FACE_OUTER_BOUND('',#351,.T.);
#219=FACE_OUTER_BOUND('',#352,.T.);
#220=FACE_OUTER_BOUND('',#353,.T.);
#221=FACE_OUTER_BOUND('',#354,.T.);
#222=FACE_OUTER_BOUND('',#355,.T.);
#223=FACE_OUTER_BOUND('',#356,.T.);
#224=FACE_OUTER_BOUND('',#357,.T.);
#225=FACE_OUTER_BOUND('',#358,.T.);
#226=FACE_OUTER_BOUND('',#359,.T.);
#227=FACE_OUTER_BOUND('',#360,.T.);
#228=FACE_OUTER_BOUND('',#361,.T.);
#229=FACE_OUTER_BOUND('',#362,.T.);
#230=FACE_OUTER_BOUND('',#365,.T.);
#231=FACE_OUTER_BOUND('',#366,.T.);
#232=FACE_OUTER_BOUND('',#369,.T.);
#233=FACE_OUTER_BOUND('',#372,.T.);
#234=FACE_OUTER_BOUND('',#373,.T.);
#235=FACE_OUTER_BOUND('',#374,.T.);
#236=FACE_OUTER_BOUND('',#375,.T.);
#237=FACE_OUTER_BOUND('',#376,.T.);
#238=FACE_OUTER_BOUND('',#377,.T.);
#239=FACE_OUTER_BOUND('',#378,.T.);
#240=FACE_OUTER_BOUND('',#379,.T.);
#241=FACE_OUTER_BOUND('',#380,.T.);
#242=FACE_OUTER_BOUND('',#381,.T.);
#243=FACE_OUTER_BOUND('',#382,.T.);
#244=FACE_OUTER_BOUND('',#383,.T.);
#245=FACE_OUTER_BOUND('',#384,.T.);
#246=FACE_OUTER_BOUND('',#385,.T.);
#247=FACE_OUTER_BOUND('',#386,.T.);
#248=FACE_OUTER_BOUND('',#387,.T.);
#249=FACE_OUTER_BOUND('',#388,.T.);
#250=FACE_OUTER_BOUND('',#389,.T.);
#251=FACE_OUTER_BOUND('',#390,.T.);
#252=FACE_OUTER_BOUND('',#391,.T.);
#253=FACE_OUTER_BOUND('',#392,.T.);
#254=FACE_OUTER_BOUND('',#393,.T.);
#255=FACE_OUTER_BOUND('',#394,.T.);
#256=FACE_OUTER_BOUND('',#395,.T.);
#257=EDGE_LOOP('',(#1541,#1542,#1543,#1544));
#258=EDGE_LOOP('',(#1545,#1546,#1547,#1548));
#259=EDGE_LOOP('',(#1549,#1550,#1551,#1552));
#260=EDGE_LOOP('',(#1553,#1554,#1555,#1556));
#261=EDGE_LOOP('',(#1557,#1558,#1559,#1560));
#262=EDGE_LOOP('',(#1561,#1562,#1563,#1564));
#263=EDGE_LOOP('',(#1565,#1566,#1567,#1568));
#264=EDGE_LOOP('',(#1569,#1570,#1571,#1572));
#265=EDGE_LOOP('',(#1573,#1574,#1575,#1576,#1577,#1578,#1579,#1580));
#266=EDGE_LOOP('',(#1581,#1582,#1583,#1584));
#267=EDGE_LOOP('',(#1585,#1586,#1587,#1588));
#268=EDGE_LOOP('',(#1589,#1590,#1591,#1592));
#269=EDGE_LOOP('',(#1593,#1594,#1595,#1596));
#270=EDGE_LOOP('',(#1597,#1598,#1599,#1600));
#271=EDGE_LOOP('',(#1601,#1602,#1603,#1604));
#272=EDGE_LOOP('',(#1605,#1606,#1607,#1608));
#273=EDGE_LOOP('',(#1609,#1610,#1611,#1612));
#274=EDGE_LOOP('',(#1613,#1614,#1615,#1616,#1617,#1618,#1619,#1620));
#275=EDGE_LOOP('',(#1621,#1622,#1623,#1624));
#276=EDGE_LOOP('',(#1625,#1626,#1627,#1628));
#277=EDGE_LOOP('',(#1629,#1630,#1631,#1632));
#278=EDGE_LOOP('',(#1633,#1634,#1635,#1636));
#279=EDGE_LOOP('',(#1637,#1638,#1639,#1640));
#280=EDGE_LOOP('',(#1641,#1642,#1643,#1644));
#281=EDGE_LOOP('',(#1645,#1646,#1647,#1648));
#282=EDGE_LOOP('',(#1649,#1650,#1651,#1652));
#283=EDGE_LOOP('',(#1653,#1654,#1655,#1656,#1657,#1658,#1659,#1660));
#284=EDGE_LOOP('',(#1661,#1662,#1663,#1664));
#285=EDGE_LOOP('',(#1665,#1666,#1667,#1668));
#286=EDGE_LOOP('',(#1669,#1670,#1671,#1672));
#287=EDGE_LOOP('',(#1673,#1674,#1675,#1676));
#288=EDGE_LOOP('',(#1677,#1678,#1679,#1680));
#289=EDGE_LOOP('',(#1681,#1682,#1683,#1684));
#290=EDGE_LOOP('',(#1685,#1686,#1687,#1688));
#291=EDGE_LOOP('',(#1689,#1690,#1691,#1692));
#292=EDGE_LOOP('',(#1693,#1694,#1695,#1696,#1697,#1698,#1699,#1700));
#293=EDGE_LOOP('',(#1701,#1702,#1703,#1704,#1705,#1706,#1707,#1708,#1709,
#1710,#1711,#1712,#1713,#1714,#1715,#1716,#1717,#1718,#1719,#1720,#1721,
#1722,#1723,#1724));
#294=EDGE_LOOP('',(#1725,#1726,#1727,#1728));
#295=EDGE_LOOP('',(#1729,#1730,#1731,#1732));
#296=EDGE_LOOP('',(#1733,#1734,#1735,#1736));
#297=EDGE_LOOP('',(#1737,#1738,#1739,#1740));
#298=EDGE_LOOP('',(#1741,#1742,#1743,#1744));
#299=EDGE_LOOP('',(#1745,#1746,#1747,#1748));
#300=EDGE_LOOP('',(#1749,#1750,#1751,#1752));
#301=EDGE_LOOP('',(#1753,#1754,#1755,#1756));
#302=EDGE_LOOP('',(#1757,#1758,#1759,#1760));
#303=EDGE_LOOP('',(#1761,#1762,#1763,#1764));
#304=EDGE_LOOP('',(#1765,#1766,#1767,#1768));
#305=EDGE_LOOP('',(#1769,#1770,#1771,#1772));
#306=EDGE_LOOP('',(#1773,#1774,#1775,#1776));
#307=EDGE_LOOP('',(#1777,#1778,#1779,#1780));
#308=EDGE_LOOP('',(#1781,#1782,#1783,#1784));
#309=EDGE_LOOP('',(#1785,#1786,#1787,#1788,#1789,#1790));
#310=EDGE_LOOP('',(#1791));
#311=EDGE_LOOP('',(#1792));
#312=EDGE_LOOP('',(#1793,#1794,#1795,#1796));
#313=EDGE_LOOP('',(#1797,#1798,#1799,#1800,#1801,#1802));
#314=EDGE_LOOP('',(#1803));
#315=EDGE_LOOP('',(#1804));
#316=EDGE_LOOP('',(#1805,#1806,#1807,#1808));
#317=EDGE_LOOP('',(#1809,#1810,#1811,#1812));
#318=EDGE_LOOP('',(#1813,#1814,#1815,#1816));
#319=EDGE_LOOP('',(#1817,#1818,#1819,#1820,#1821,#1822));
#320=EDGE_LOOP('',(#1823));
#321=EDGE_LOOP('',(#1824));
#322=EDGE_LOOP('',(#1825,#1826,#1827,#1828));
#323=EDGE_LOOP('',(#1829,#1830,#1831,#1832));
#324=EDGE_LOOP('',(#1833,#1834,#1835,#1836));
#325=EDGE_LOOP('',(#1837,#1838,#1839,#1840,#1841,#1842));
#326=EDGE_LOOP('',(#1843));
#327=EDGE_LOOP('',(#1844));
#328=EDGE_LOOP('',(#1845,#1846,#1847,#1848));
#329=EDGE_LOOP('',(#1849,#1850,#1851,#1852));
#330=EDGE_LOOP('',(#1853,#1854,#1855,#1856));
#331=EDGE_LOOP('',(#1857,#1858,#1859,#1860));
#332=EDGE_LOOP('',(#1861,#1862,#1863,#1864,#1865,#1866));
#333=EDGE_LOOP('',(#1867));
#334=EDGE_LOOP('',(#1868));
#335=EDGE_LOOP('',(#1869,#1870,#1871,#1872));
#336=EDGE_LOOP('',(#1873,#1874,#1875,#1876));
#337=EDGE_LOOP('',(#1877,#1878,#1879,#1880));
#338=EDGE_LOOP('',(#1881,#1882,#1883,#1884));
#339=EDGE_LOOP('',(#1885,#1886,#1887,#1888));
#340=EDGE_LOOP('',(#1889,#1890,#1891,#1892));
#341=EDGE_LOOP('',(#1893,#1894,#1895,#1896));
#342=EDGE_LOOP('',(#1897,#1898,#1899,#1900));
#343=EDGE_LOOP('',(#1901,#1902,#1903,#1904));
#344=EDGE_LOOP('',(#1905,#1906,#1907,#1908));
#345=EDGE_LOOP('',(#1909,#1910,#1911,#1912));
#346=EDGE_LOOP('',(#1913,#1914,#1915,#1916));
#347=EDGE_LOOP('',(#1917,#1918,#1919,#1920));
#348=EDGE_LOOP('',(#1921,#1922,#1923,#1924));
#349=EDGE_LOOP('',(#1925,#1926,#1927,#1928));
#350=EDGE_LOOP('',(#1929,#1930,#1931,#1932));
#351=EDGE_LOOP('',(#1933,#1934,#1935,#1936));
#352=EDGE_LOOP('',(#1937,#1938,#1939,#1940));
#353=EDGE_LOOP('',(#1941,#1942,#1943,#1944));
#354=EDGE_LOOP('',(#1945,#1946,#1947,#1948));
#355=EDGE_LOOP('',(#1949,#1950,#1951,#1952));
#356=EDGE_LOOP('',(#1953,#1954,#1955,#1956));
#357=EDGE_LOOP('',(#1957,#1958,#1959,#1960));
#358=EDGE_LOOP('',(#1961,#1962,#1963,#1964));
#359=EDGE_LOOP('',(#1965,#1966,#1967,#1968));
#360=EDGE_LOOP('',(#1969,#1970,#1971,#1972));
#361=EDGE_LOOP('',(#1973,#1974,#1975,#1976));
#362=EDGE_LOOP('',(#1977,#1978,#1979,#1980,#1981,#1982));
#363=EDGE_LOOP('',(#1983));
#364=EDGE_LOOP('',(#1984));
#365=EDGE_LOOP('',(#1985,#1986,#1987,#1988));
#366=EDGE_LOOP('',(#1989,#1990,#1991,#1992,#1993,#1994));
#367=EDGE_LOOP('',(#1995));
#368=EDGE_LOOP('',(#1996));
#369=EDGE_LOOP('',(#1997,#1998,#1999,#2000,#2001,#2002));
#370=EDGE_LOOP('',(#2003));
#371=EDGE_LOOP('',(#2004));
#372=EDGE_LOOP('',(#2005,#2006,#2007,#2008));
#373=EDGE_LOOP('',(#2009,#2010,#2011,#2012));
#374=EDGE_LOOP('',(#2013,#2014,#2015,#2016));
#375=EDGE_LOOP('',(#2017,#2018,#2019,#2020));
#376=EDGE_LOOP('',(#2021,#2022,#2023,#2024));
#377=EDGE_LOOP('',(#2025,#2026,#2027,#2028));
#378=EDGE_LOOP('',(#2029,#2030,#2031,#2032));
#379=EDGE_LOOP('',(#2033,#2034,#2035,#2036));
#380=EDGE_LOOP('',(#2037,#2038,#2039,#2040));
#381=EDGE_LOOP('',(#2041,#2042,#2043,#2044));
#382=EDGE_LOOP('',(#2045,#2046,#2047,#2048));
#383=EDGE_LOOP('',(#2049,#2050,#2051,#2052));
#384=EDGE_LOOP('',(#2053,#2054,#2055,#2056));
#385=EDGE_LOOP('',(#2057,#2058,#2059,#2060));
#386=EDGE_LOOP('',(#2061,#2062,#2063,#2064));
#387=EDGE_LOOP('',(#2065,#2066,#2067,#2068));
#388=EDGE_LOOP('',(#2069,#2070,#2071,#2072));
#389=EDGE_LOOP('',(#2073,#2074,#2075,#2076));
#390=EDGE_LOOP('',(#2077,#2078,#2079,#2080));
#391=EDGE_LOOP('',(#2081,#2082,#2083,#2084));
#392=EDGE_LOOP('',(#2085,#2086,#2087,#2088));
#393=EDGE_LOOP('',(#2089,#2090,#2091,#2092));
#394=EDGE_LOOP('',(#2093,#2094,#2095,#2096));
#395=EDGE_LOOP('',(#2097,#2098,#2099,#2100,#2101,#2102,#2103,#2104,#2105,
#2106,#2107,#2108,#2109,#2110,#2111,#2112,#2113,#2114,#2115,#2116,#2117,
#2118,#2119,#2120));
#396=EDGE_LOOP('',(#2121,#2122,#2123,#2124,#2125,#2126,#2127,#2128));
#397=EDGE_LOOP('',(#2129,#2130,#2131,#2132,#2133,#2134,#2135,#2136));
#398=EDGE_LOOP('',(#2137,#2138,#2139,#2140,#2141,#2142,#2143,#2144));
#399=EDGE_LOOP('',(#2145,#2146,#2147,#2148,#2149,#2150,#2151,#2152));
#400=EDGE_LOOP('',(#2153,#2154,#2155,#2156));
#401=EDGE_LOOP('',(#2157,#2158,#2159,#2160));
#402=EDGE_LOOP('',(#2161,#2162,#2163,#2164));
#403=EDGE_LOOP('',(#2165,#2166,#2167,#2168));
#404=EDGE_LOOP('',(#2169,#2170,#2171,#2172));
#405=EDGE_LOOP('',(#2173,#2174,#2175,#2176));
#406=EDGE_LOOP('',(#2177,#2178,#2179,#2180));
#407=EDGE_LOOP('',(#2181,#2182,#2183,#2184));
#408=EDGE_LOOP('',(#2185,#2186,#2187,#2188));
#409=LINE('',#3147,#677);
#410=LINE('',#3150,#678);
#411=LINE('',#3153,#679);
#412=LINE('',#3155,#680);
#413=LINE('',#3156,#681);
#414=LINE('',#3159,#682);
#415=LINE('',#3161,#683);
#416=LINE('',#3162,#684);
#417=LINE('',#3165,#685);
#418=LINE('',#3167,#686);
#419=LINE('',#3168,#687);
#420=LINE('',#3173,#688);
#421=LINE('',#3177,#689);
#422=LINE('',#3179,#690);
#423=LINE('',#3180,#691);
#424=LINE('',#3183,#692);
#425=LINE('',#3185,#693);
#426=LINE('',#3186,#694);
#427=LINE('',#3188,#695);
#428=LINE('',#3189,#696);
#429=LINE('',#3194,#697);
#430=LINE('',#3196,#698);
#431=LINE('',#3198,#699);
#432=LINE('',#3199,#700);
#433=LINE('',#3204,#701);
#434=LINE('',#3208,#702);
#435=LINE('',#3210,#703);
#436=LINE('',#3211,#704);
#437=LINE('',#3214,#705);
#438=LINE('',#3216,#706);
#439=LINE('',#3217,#707);
#440=LINE('',#3220,#708);
#441=LINE('',#3222,#709);
#442=LINE('',#3223,#710);
#443=LINE('',#3228,#711);
#444=LINE('',#3232,#712);
#445=LINE('',#3234,#713);
#446=LINE('',#3235,#714);
#447=LINE('',#3237,#715);
#448=LINE('',#3238,#716);
#449=LINE('',#3243,#717);
#450=LINE('',#3245,#718);
#451=LINE('',#3247,#719);
#452=LINE('',#3248,#720);
#453=LINE('',#3253,#721);
#454=LINE('',#3257,#722);
#455=LINE('',#3259,#723);
#456=LINE('',#3260,#724);
#457=LINE('',#3263,#725);
#458=LINE('',#3265,#726);
#459=LINE('',#3266,#727);
#460=LINE('',#3269,#728);
#461=LINE('',#3271,#729);
#462=LINE('',#3272,#730);
#463=LINE('',#3277,#731);
#464=LINE('',#3281,#732);
#465=LINE('',#3283,#733);
#466=LINE('',#3284,#734);
#467=LINE('',#3286,#735);
#468=LINE('',#3287,#736);
#469=LINE('',#3292,#737);
#470=LINE('',#3294,#738);
#471=LINE('',#3296,#739);
#472=LINE('',#3297,#740);
#473=LINE('',#3302,#741);
#474=LINE('',#3306,#742);
#475=LINE('',#3308,#743);
#476=LINE('',#3309,#744);
#477=LINE('',#3312,#745);
#478=LINE('',#3314,#746);
#479=LINE('',#3315,#747);
#480=LINE('',#3318,#748);
#481=LINE('',#3320,#749);
#482=LINE('',#3321,#750);
#483=LINE('',#3326,#751);
#484=LINE('',#3330,#752);
#485=LINE('',#3332,#753);
#486=LINE('',#3333,#754);
#487=LINE('',#3335,#755);
#488=LINE('',#3336,#756);
#489=LINE('',#3341,#757);
#490=LINE('',#3343,#758);
#491=LINE('',#3347,#759);
#492=LINE('',#3351,#760);
#493=LINE('',#3353,#761);
#494=LINE('',#3355,#762);
#495=LINE('',#3357,#763);
#496=LINE('',#3359,#764);
#497=LINE('',#3361,#765);
#498=LINE('',#3363,#766);
#499=LINE('',#3365,#767);
#500=LINE('',#3367,#768);
#501=LINE('',#3371,#769);
#502=LINE('',#3375,#770);
#503=LINE('',#3377,#771);
#504=LINE('',#3379,#772);
#505=LINE('',#3381,#773);
#506=LINE('',#3383,#774);
#507=LINE('',#3385,#775);
#508=LINE('',#3386,#776);
#509=LINE('',#3389,#777);
#510=LINE('',#3391,#778);
#511=LINE('',#3393,#779);
#512=LINE('',#3394,#780);
#513=LINE('',#3397,#781);
#514=LINE('',#3399,#782);
#515=LINE('',#3401,#783);
#516=LINE('',#3402,#784);
#517=LINE('',#3405,#785);
#518=LINE('',#3407,#786);
#519=LINE('',#3409,#787);
#520=LINE('',#3410,#788);
#521=LINE('',#3413,#789);
#522=LINE('',#3415,#790);
#523=LINE('',#3417,#791);
#524=LINE('',#3418,#792);
#525=LINE('',#3421,#793);
#526=LINE('',#3423,#794);
#527=LINE('',#3425,#795);
#528=LINE('',#3426,#796);
#529=LINE('',#3429,#797);
#530=LINE('',#3432,#798);
#531=LINE('',#3435,#799);
#532=LINE('',#3436,#800);
#533=LINE('',#3439,#801);
#534=LINE('',#3443,#802);
#535=LINE('',#3444,#803);
#536=LINE('',#3447,#804);
#537=LINE('',#3450,#805);
#538=LINE('',#3453,#806);
#539=LINE('',#3454,#807);
#540=LINE('',#3457,#808);
#541=LINE('',#3460,#809);
#542=LINE('',#3462,#810);
#543=LINE('',#3468,#811);
#544=LINE('',#3471,#812);
#545=LINE('',#3474,#813);
#546=LINE('',#3476,#814);
#547=LINE('',#3477,#815);
#548=LINE('',#3480,#816);
#549=LINE('',#3482,#817);
#550=LINE('',#3484,#818);
#551=LINE('',#3493,#819);
#552=LINE('',#3496,#820);
#553=LINE('',#3498,#821);
#554=LINE('',#3499,#822);
#555=LINE('',#3505,#823);
#556=LINE('',#3511,#824);
#557=LINE('',#3514,#825);
#558=LINE('',#3517,#826);
#559=LINE('',#3519,#827);
#560=LINE('',#3520,#828);
#561=LINE('',#3523,#829);
#562=LINE('',#3525,#830);
#563=LINE('',#3527,#831);
#564=LINE('',#3535,#832);
#565=LINE('',#3539,#833);
#566=LINE('',#3540,#834);
#567=LINE('',#3546,#835);
#568=LINE('',#3549,#836);
#569=LINE('',#3552,#837);
#570=LINE('',#3556,#838);
#571=LINE('',#3558,#839);
#572=LINE('',#3559,#840);
#573=LINE('',#3566,#841);
#574=LINE('',#3567,#842);
#575=LINE('',#3571,#843);
#576=LINE('',#3577,#844);
#577=LINE('',#3580,#845);
#578=LINE('',#3583,#846);
#579=LINE('',#3585,#847);
#580=LINE('',#3586,#848);
#581=LINE('',#3589,#849);
#582=LINE('',#3593,#850);
#583=LINE('',#3594,#851);
#584=LINE('',#3603,#852);
#585=LINE('',#3604,#853);
#586=LINE('',#3607,#854);
#587=LINE('',#3608,#855);
#588=LINE('',#3611,#856);
#589=LINE('',#3615,#857);
#590=LINE('',#3619,#858);
#591=LINE('',#3623,#859);
#592=LINE('',#3626,#860);
#593=LINE('',#3628,#861);
#594=LINE('',#3631,#862);
#595=LINE('',#3635,#863);
#596=LINE('',#3639,#864);
#597=LINE('',#3640,#865);
#598=LINE('',#3643,#866);
#599=LINE('',#3644,#867);
#600=LINE('',#3647,#868);
#601=LINE('',#3648,#869);
#602=LINE('',#3651,#870);
#603=LINE('',#3652,#871);
#604=LINE('',#3655,#872);
#605=LINE('',#3656,#873);
#606=LINE('',#3659,#874);
#607=LINE('',#3660,#875);
#608=LINE('',#3663,#876);
#609=LINE('',#3664,#877);
#610=LINE('',#3666,#878);
#611=LINE('',#3670,#879);
#612=LINE('',#3671,#880);
#613=LINE('',#3672,#881);
#614=LINE('',#3675,#882);
#615=LINE('',#3676,#883);
#616=LINE('',#3678,#884);
#617=LINE('',#3682,#885);
#618=LINE('',#3683,#886);
#619=LINE('',#3684,#887);
#620=LINE('',#3686,#888);
#621=LINE('',#3690,#889);
#622=LINE('',#3691,#890);
#623=LINE('',#3692,#891);
#624=LINE('',#3694,#892);
#625=LINE('',#3697,#893);
#626=LINE('',#3698,#894);
#627=LINE('',#3701,#895);
#628=LINE('',#3702,#896);
#629=LINE('',#3704,#897);
#630=LINE('',#3707,#898);
#631=LINE('',#3708,#899);
#632=LINE('',#3710,#900);
#633=LINE('',#3712,#901);
#634=LINE('',#3713,#902);
#635=LINE('',#3716,#903);
#636=LINE('',#3719,#904);
#637=LINE('',#3721,#905);
#638=LINE('',#3722,#906);
#639=LINE('',#3725,#907);
#640=LINE('',#3726,#908);
#641=LINE('',#3729,#909);
#642=LINE('',#3730,#910);
#643=LINE('',#3732,#911);
#644=LINE('',#3735,#912);
#645=LINE('',#3737,#913);
#646=LINE('',#3738,#914);
#647=LINE('',#3741,#915);
#648=LINE('',#3742,#916);
#649=LINE('',#3745,#917);
#650=LINE('',#3746,#918);
#651=LINE('',#3748,#919);
#652=LINE('',#3751,#920);
#653=LINE('',#3753,#921);
#654=LINE('',#3754,#922);
#655=LINE('',#3757,#923);
#656=LINE('',#3758,#924);
#657=LINE('',#3761,#925);
#658=LINE('',#3762,#926);
#659=LINE('',#3764,#927);
#660=LINE('',#3767,#928);
#661=LINE('',#3769,#929);
#662=LINE('',#3770,#930);
#663=LINE('',#3773,#931);
#664=LINE('',#3774,#932);
#665=LINE('',#3777,#933);
#666=LINE('',#3778,#934);
#667=LINE('',#3780,#935);
#668=LINE('',#3783,#936);
#669=LINE('',#3785,#937);
#670=LINE('',#3786,#938);
#671=LINE('',#3789,#939);
#672=LINE('',#3790,#940);
#673=LINE('',#3793,#941);
#674=LINE('',#3794,#942);
#675=LINE('',#3796,#943);
#676=LINE('',#3798,#944);
#677=VECTOR('',#2529,10.);
#678=VECTOR('',#2532,10.);
#679=VECTOR('',#2535,10.);
#680=VECTOR('',#2536,10.);
#681=VECTOR('',#2537,10.);
#682=VECTOR('',#2540,10.);
#683=VECTOR('',#2541,10.);
#684=VECTOR('',#2542,10.);
#685=VECTOR('',#2545,10.);
#686=VECTOR('',#2546,10.);
#687=VECTOR('',#2547,10.);
#688=VECTOR('',#2552,10.);
#689=VECTOR('',#2557,10.);
#690=VECTOR('',#2558,10.);
#691=VECTOR('',#2559,10.);
#692=VECTOR('',#2562,10.);
#693=VECTOR('',#2563,10.);
#694=VECTOR('',#2564,10.);
#695=VECTOR('',#2567,10.);
#696=VECTOR('',#2568,10.);
#697=VECTOR('',#2573,10.);
#698=VECTOR('',#2574,10.);
#699=VECTOR('',#2575,10.);
#700=VECTOR('',#2576,10.);
#701=VECTOR('',#2581,10.);
#702=VECTOR('',#2586,10.);
#703=VECTOR('',#2587,10.);
#704=VECTOR('',#2588,10.);
#705=VECTOR('',#2591,10.);
#706=VECTOR('',#2592,10.);
#707=VECTOR('',#2593,10.);
#708=VECTOR('',#2596,10.);
#709=VECTOR('',#2597,10.);
#710=VECTOR('',#2598,10.);
#711=VECTOR('',#2603,10.);
#712=VECTOR('',#2608,10.);
#713=VECTOR('',#2609,10.);
#714=VECTOR('',#2610,10.);
#715=VECTOR('',#2613,10.);
#716=VECTOR('',#2614,10.);
#717=VECTOR('',#2619,10.);
#718=VECTOR('',#2620,10.);
#719=VECTOR('',#2621,10.);
#720=VECTOR('',#2622,10.);
#721=VECTOR('',#2627,10.);
#722=VECTOR('',#2632,10.);
#723=VECTOR('',#2633,10.);
#724=VECTOR('',#2634,10.);
#725=VECTOR('',#2637,10.);
#726=VECTOR('',#2638,10.);
#727=VECTOR('',#2639,10.);
#728=VECTOR('',#2642,10.);
#729=VECTOR('',#2643,10.);
#730=VECTOR('',#2644,10.);
#731=VECTOR('',#2649,10.);
#732=VECTOR('',#2654,10.);
#733=VECTOR('',#2655,10.);
#734=VECTOR('',#2656,10.);
#735=VECTOR('',#2659,10.);
#736=VECTOR('',#2660,10.);
#737=VECTOR('',#2665,10.);
#738=VECTOR('',#2666,10.);
#739=VECTOR('',#2667,10.);
#740=VECTOR('',#2668,10.);
#741=VECTOR('',#2673,10.);
#742=VECTOR('',#2678,10.);
#743=VECTOR('',#2679,10.);
#744=VECTOR('',#2680,10.);
#745=VECTOR('',#2683,10.);
#746=VECTOR('',#2684,10.);
#747=VECTOR('',#2685,10.);
#748=VECTOR('',#2688,10.);
#749=VECTOR('',#2689,10.);
#750=VECTOR('',#2690,10.);
#751=VECTOR('',#2695,10.);
#752=VECTOR('',#2700,10.);
#753=VECTOR('',#2701,10.);
#754=VECTOR('',#2702,10.);
#755=VECTOR('',#2705,10.);
#756=VECTOR('',#2706,10.);
#757=VECTOR('',#2711,10.);
#758=VECTOR('',#2712,10.);
#759=VECTOR('',#2715,10.);
#760=VECTOR('',#2718,10.);
#761=VECTOR('',#2719,10.);
#762=VECTOR('',#2720,10.);
#763=VECTOR('',#2721,10.);
#764=VECTOR('',#2722,10.);
#765=VECTOR('',#2723,10.);
#766=VECTOR('',#2724,10.);
#767=VECTOR('',#2725,10.);
#768=VECTOR('',#2726,10.);
#769=VECTOR('',#2729,10.);
#770=VECTOR('',#2732,10.);
#771=VECTOR('',#2733,10.);
#772=VECTOR('',#2734,10.);
#773=VECTOR('',#2735,10.);
#774=VECTOR('',#2736,10.);
#775=VECTOR('',#2737,10.);
#776=VECTOR('',#2738,10.);
#777=VECTOR('',#2739,10.);
#778=VECTOR('',#2740,10.);
#779=VECTOR('',#2741,10.);
#780=VECTOR('',#2742,10.);
#781=VECTOR('',#2743,10.);
#782=VECTOR('',#2744,10.);
#783=VECTOR('',#2745,10.);
#784=VECTOR('',#2746,10.);
#785=VECTOR('',#2747,10.);
#786=VECTOR('',#2748,10.);
#787=VECTOR('',#2749,10.);
#788=VECTOR('',#2750,10.);
#789=VECTOR('',#2751,10.);
#790=VECTOR('',#2752,10.);
#791=VECTOR('',#2753,10.);
#792=VECTOR('',#2754,10.);
#793=VECTOR('',#2755,10.);
#794=VECTOR('',#2756,10.);
#795=VECTOR('',#2757,10.);
#796=VECTOR('',#2758,10.);
#797=VECTOR('',#2761,10.);
#798=VECTOR('',#2764,10.);
#799=VECTOR('',#2767,10.);
#800=VECTOR('',#2768,10.);
#801=VECTOR('',#2771,10.);
#802=VECTOR('',#2776,10.);
#803=VECTOR('',#2777,10.);
#804=VECTOR('',#2780,10.);
#805=VECTOR('',#2783,10.);
#806=VECTOR('',#2786,10.);
#807=VECTOR('',#2787,10.);
#808=VECTOR('',#2790,10.);
#809=VECTOR('',#2793,10.);
#810=VECTOR('',#2796,10.);
#811=VECTOR('',#2801,10.);
#812=VECTOR('',#2804,10.);
#813=VECTOR('',#2807,10.);
#814=VECTOR('',#2808,10.);
#815=VECTOR('',#2809,10.);
#816=VECTOR('',#2812,10.);
#817=VECTOR('',#2813,10.);
#818=VECTOR('',#2814,10.);
#819=VECTOR('',#2825,10.);
#820=VECTOR('',#2828,10.);
#821=VECTOR('',#2829,10.);
#822=VECTOR('',#2830,10.);
#823=VECTOR('',#2837,10.);
#824=VECTOR('',#2842,10.);
#825=VECTOR('',#2845,10.);
#826=VECTOR('',#2848,10.);
#827=VECTOR('',#2849,10.);
#828=VECTOR('',#2850,10.);
#829=VECTOR('',#2853,10.);
#830=VECTOR('',#2854,10.);
#831=VECTOR('',#2855,10.);
#832=VECTOR('',#2864,10.);
#833=VECTOR('',#2869,10.);
#834=VECTOR('',#2870,10.);
#835=VECTOR('',#2875,10.);
#836=VECTOR('',#2878,10.);
#837=VECTOR('',#2881,10.);
#838=VECTOR('',#2884,10.);
#839=VECTOR('',#2885,10.);
#840=VECTOR('',#2886,10.);
#841=VECTOR('',#2893,10.);
#842=VECTOR('',#2894,10.);
#843=VECTOR('',#2899,10.);
#844=VECTOR('',#2904,10.);
#845=VECTOR('',#2907,10.);
#846=VECTOR('',#2910,10.);
#847=VECTOR('',#2911,10.);
#848=VECTOR('',#2912,10.);
#849=VECTOR('',#2915,10.);
#850=VECTOR('',#2918,10.);
#851=VECTOR('',#2919,10.);
#852=VECTOR('',#2928,10.);
#853=VECTOR('',#2929,10.);
#854=VECTOR('',#2932,10.);
#855=VECTOR('',#2933,10.);
#856=VECTOR('',#2936,1.49999999999999);
#857=VECTOR('',#2941,1.5);
#858=VECTOR('',#2946,1.49999999999999);
#859=VECTOR('',#2951,1.5);
#860=VECTOR('',#2956,1.49999999999999);
#861=VECTOR('',#2959,1.5);
#862=VECTOR('',#2962,1.5);
#863=VECTOR('',#2967,1.49999999999999);
#864=VECTOR('',#2972,10.);
#865=VECTOR('',#2973,10.);
#866=VECTOR('',#2976,10.);
#867=VECTOR('',#2977,10.);
#868=VECTOR('',#2980,10.);
#869=VECTOR('',#2981,10.);
#870=VECTOR('',#2984,10.);
#871=VECTOR('',#2985,10.);
#872=VECTOR('',#2988,10.);
#873=VECTOR('',#2989,10.);
#874=VECTOR('',#2992,10.);
#875=VECTOR('',#2993,10.);
#876=VECTOR('',#2996,10.);
#877=VECTOR('',#2997,10.);
#878=VECTOR('',#3000,10.);
#879=VECTOR('',#3003,10.);
#880=VECTOR('',#3004,10.);
#881=VECTOR('',#3005,10.);
#882=VECTOR('',#3008,10.);
#883=VECTOR('',#3009,10.);
#884=VECTOR('',#3012,10.);
#885=VECTOR('',#3015,10.);
#886=VECTOR('',#3016,10.);
#887=VECTOR('',#3017,10.);
#888=VECTOR('',#3020,10.);
#889=VECTOR('',#3023,10.);
#890=VECTOR('',#3024,10.);
#891=VECTOR('',#3025,10.);
#892=VECTOR('',#3028,10.);
#893=VECTOR('',#3031,10.);
#894=VECTOR('',#3032,10.);
#895=VECTOR('',#3035,10.);
#896=VECTOR('',#3036,10.);
#897=VECTOR('',#3039,10.);
#898=VECTOR('',#3042,10.);
#899=VECTOR('',#3043,10.);
#900=VECTOR('',#3046,10.);
#901=VECTOR('',#3049,10.);
#902=VECTOR('',#3050,10.);
#903=VECTOR('',#3055,10.);
#904=VECTOR('',#3058,10.);
#905=VECTOR('',#3059,10.);
#906=VECTOR('',#3060,10.);
#907=VECTOR('',#3063,10.);
#908=VECTOR('',#3064,10.);
#909=VECTOR('',#3067,10.);
#910=VECTOR('',#3068,10.);
#911=VECTOR('',#3071,10.);
#912=VECTOR('',#3074,10.);
#913=VECTOR('',#3075,10.);
#914=VECTOR('',#3076,10.);
#915=VECTOR('',#3079,10.);
#916=VECTOR('',#3080,10.);
#917=VECTOR('',#3083,10.);
#918=VECTOR('',#3084,10.);
#919=VECTOR('',#3087,10.);
#920=VECTOR('',#3090,10.);
#921=VECTOR('',#3091,10.);
#922=VECTOR('',#3092,10.);
#923=VECTOR('',#3095,10.);
#924=VECTOR('',#3096,10.);
#925=VECTOR('',#3099,10.);
#926=VECTOR('',#3100,10.);
#927=VECTOR('',#3103,10.);
#928=VECTOR('',#3106,10.);
#929=VECTOR('',#3107,10.);
#930=VECTOR('',#3108,10.);
#931=VECTOR('',#3111,10.);
#932=VECTOR('',#3112,10.);
#933=VECTOR('',#3115,10.);
#934=VECTOR('',#3116,10.);
#935=VECTOR('',#3119,10.);
#936=VECTOR('',#3122,10.);
#937=VECTOR('',#3123,10.);
#938=VECTOR('',#3124,10.);
#939=VECTOR('',#3127,10.);
#940=VECTOR('',#3128,10.);
#941=VECTOR('',#3131,10.);
#942=VECTOR('',#3132,10.);
#943=VECTOR('',#3135,10.);
#944=VECTOR('',#3138,10.);
#945=CIRCLE('',#2350,10.25);
#946=CIRCLE('',#2351,10.25);
#947=CIRCLE('',#2356,10.25);
#948=CIRCLE('',#2357,10.25);
#949=CIRCLE('',#2364,10.25);
#950=CIRCLE('',#2365,10.25);
#951=CIRCLE('',#2370,10.25);
#952=CIRCLE('',#2371,10.25);
#953=CIRCLE('',#2377,10.25);
#954=CIRCLE('',#2378,10.25);
#955=CIRCLE('',#2383,10.25);
#956=CIRCLE('',#2384,10.25);
#957=CIRCLE('',#2390,10.25);
#958=CIRCLE('',#2391,10.25);
#959=CIRCLE('',#2396,10.25);
#960=CIRCLE('',#2397,10.25);
#961=CIRCLE('',#2402,5.);
#962=CIRCLE('',#2403,5.);
#963=CIRCLE('',#2404,5.);
#964=CIRCLE('',#2405,5.);
#965=CIRCLE('',#2407,5.);
#966=CIRCLE('',#2410,5.);
#967=CIRCLE('',#2413,5.);
#968=CIRCLE('',#2416,5.);
#969=CIRCLE('',#2419,2.5);
#970=CIRCLE('',#2420,2.5);
#971=CIRCLE('',#2423,2.5);
#972=CIRCLE('',#2424,1.5);
#973=CIRCLE('',#2425,1.49999999999999);
#974=CIRCLE('',#2427,2.5);
#975=CIRCLE('',#2429,1.5);
#976=CIRCLE('',#2430,1.49999999999999);
#977=CIRCLE('',#2433,2.5);
#978=CIRCLE('',#2434,2.5);
#979=CIRCLE('',#2437,2.5);
#980=CIRCLE('',#2438,1.5);
#981=CIRCLE('',#2439,1.49999999999999);
#982=CIRCLE('',#2441,2.5);
#983=CIRCLE('',#2444,2.5);
#984=CIRCLE('',#2445,2.5);
#985=CIRCLE('',#2447,2.5);
#986=CIRCLE('',#2448,1.49999999999999);
#987=CIRCLE('',#2449,1.5);
#988=CIRCLE('',#2452,2.5);
#989=CIRCLE('',#2454,2.5);
#990=CIRCLE('',#2455,2.5);
#991=CIRCLE('',#2458,2.5);
#992=CIRCLE('',#2459,1.49999999999999);
#993=CIRCLE('',#2460,1.5);
#994=CIRCLE('',#2462,2.5);
#995=CIRCLE('',#2465,1.49999999999999);
#996=CIRCLE('',#2467,1.5);
#997=CIRCLE('',#2469,1.49999999999999);
#998=CIRCLE('',#2471,1.5);
#999=CIRCLE('',#2475,1.5);
#1000=CIRCLE('',#2477,1.49999999999999);
#1001=VERTEX_POINT('',#3143);
#1002=VERTEX_POINT('',#3144);
#1003=VERTEX_POINT('',#3146);
#1004=VERTEX_POINT('',#3148);
#1005=VERTEX_POINT('',#3152);
#1006=VERTEX_POINT('',#3154);
#1007=VERTEX_POINT('',#3158);
#1008=VERTEX_POINT('',#3160);
#1009=VERTEX_POINT('',#3164);
#1010=VERTEX_POINT('',#3166);
#1011=VERTEX_POINT('',#3170);
#1012=VERTEX_POINT('',#3172);
#1013=VERTEX_POINT('',#3176);
#1014=VERTEX_POINT('',#3178);
#1015=VERTEX_POINT('',#3182);
#1016=VERTEX_POINT('',#3184);
#1017=VERTEX_POINT('',#3192);
#1018=VERTEX_POINT('',#3193);
#1019=VERTEX_POINT('',#3195);
#1020=VERTEX_POINT('',#3197);
#1021=VERTEX_POINT('',#3201);
#1022=VERTEX_POINT('',#3203);
#1023=VERTEX_POINT('',#3207);
#1024=VERTEX_POINT('',#3209);
#1025=VERTEX_POINT('',#3213);
#1026=VERTEX_POINT('',#3215);
#1027=VERTEX_POINT('',#3219);
#1028=VERTEX_POINT('',#3221);
#1029=VERTEX_POINT('',#3225);
#1030=VERTEX_POINT('',#3227);
#1031=VERTEX_POINT('',#3231);
#1032=VERTEX_POINT('',#3233);
#1033=VERTEX_POINT('',#3241);
#1034=VERTEX_POINT('',#3242);
#1035=VERTEX_POINT('',#3244);
#1036=VERTEX_POINT('',#3246);
#1037=VERTEX_POINT('',#3250);
#1038=VERTEX_POINT('',#3252);
#1039=VERTEX_POINT('',#3256);
#1040=VERTEX_POINT('',#3258);
#1041=VERTEX_POINT('',#3262);
#1042=VERTEX_POINT('',#3264);
#1043=VERTEX_POINT('',#3268);
#1044=VERTEX_POINT('',#3270);
#1045=VERTEX_POINT('',#3274);
#1046=VERTEX_POINT('',#3276);
#1047=VERTEX_POINT('',#3280);
#1048=VERTEX_POINT('',#3282);
#1049=VERTEX_POINT('',#3290);
#1050=VERTEX_POINT('',#3291);
#1051=VERTEX_POINT('',#3293);
#1052=VERTEX_POINT('',#3295);
#1053=VERTEX_POINT('',#3299);
#1054=VERTEX_POINT('',#3301);
#1055=VERTEX_POINT('',#3305);
#1056=VERTEX_POINT('',#3307);
#1057=VERTEX_POINT('',#3311);
#1058=VERTEX_POINT('',#3313);
#1059=VERTEX_POINT('',#3317);
#1060=VERTEX_POINT('',#3319);
#1061=VERTEX_POINT('',#3323);
#1062=VERTEX_POINT('',#3325);
#1063=VERTEX_POINT('',#3329);
#1064=VERTEX_POINT('',#3331);
#1065=VERTEX_POINT('',#3339);
#1066=VERTEX_POINT('',#3340);
#1067=VERTEX_POINT('',#3342);
#1068=VERTEX_POINT('',#3344);
#1069=VERTEX_POINT('',#3346);
#1070=VERTEX_POINT('',#3348);
#1071=VERTEX_POINT('',#3350);
#1072=VERTEX_POINT('',#3352);
#1073=VERTEX_POINT('',#3354);
#1074=VERTEX_POINT('',#3356);
#1075=VERTEX_POINT('',#3358);
#1076=VERTEX_POINT('',#3360);
#1077=VERTEX_POINT('',#3362);
#1078=VERTEX_POINT('',#3364);
#1079=VERTEX_POINT('',#3366);
#1080=VERTEX_POINT('',#3368);
#1081=VERTEX_POINT('',#3370);
#1082=VERTEX_POINT('',#3372);
#1083=VERTEX_POINT('',#3374);
#1084=VERTEX_POINT('',#3376);
#1085=VERTEX_POINT('',#3378);
#1086=VERTEX_POINT('',#3380);
#1087=VERTEX_POINT('',#3382);
#1088=VERTEX_POINT('',#3384);
#1089=VERTEX_POINT('',#3387);
#1090=VERTEX_POINT('',#3388);
#1091=VERTEX_POINT('',#3390);
#1092=VERTEX_POINT('',#3392);
#1093=VERTEX_POINT('',#3395);
#1094=VERTEX_POINT('',#3396);
#1095=VERTEX_POINT('',#3398);
#1096=VERTEX_POINT('',#3400);
#1097=VERTEX_POINT('',#3403);
#1098=VERTEX_POINT('',#3404);
#1099=VERTEX_POINT('',#3406);
#1100=VERTEX_POINT('',#3408);
#1101=VERTEX_POINT('',#3411);
#1102=VERTEX_POINT('',#3412);
#1103=VERTEX_POINT('',#3414);
#1104=VERTEX_POINT('',#3416);
#1105=VERTEX_POINT('',#3419);
#1106=VERTEX_POINT('',#3420);
#1107=VERTEX_POINT('',#3422);
#1108=VERTEX_POINT('',#3424);
#1109=VERTEX_POINT('',#3428);
#1110=VERTEX_POINT('',#3430);
#1111=VERTEX_POINT('',#3434);
#1112=VERTEX_POINT('',#3438);
#1113=VERTEX_POINT('',#3442);
#1114=VERTEX_POINT('',#3446);
#1115=VERTEX_POINT('',#3448);
#1116=VERTEX_POINT('',#3452);
#1117=VERTEX_POINT('',#3456);
#1118=VERTEX_POINT('',#3458);
#1119=VERTEX_POINT('',#3464);
#1120=VERTEX_POINT('',#3465);
#1121=VERTEX_POINT('',#3467);
#1122=VERTEX_POINT('',#3469);
#1123=VERTEX_POINT('',#3473);
#1124=VERTEX_POINT('',#3475);
#1125=VERTEX_POINT('',#3479);
#1126=VERTEX_POINT('',#3481);
#1127=VERTEX_POINT('',#3483);
#1128=VERTEX_POINT('',#3486);
#1129=VERTEX_POINT('',#3488);
#1130=VERTEX_POINT('',#3491);
#1131=VERTEX_POINT('',#3495);
#1132=VERTEX_POINT('',#3497);
#1133=VERTEX_POINT('',#3500);
#1134=VERTEX_POINT('',#3502);
#1135=VERTEX_POINT('',#3507);
#1136=VERTEX_POINT('',#3508);
#1137=VERTEX_POINT('',#3510);
#1138=VERTEX_POINT('',#3512);
#1139=VERTEX_POINT('',#3516);
#1140=VERTEX_POINT('',#3518);
#1141=VERTEX_POINT('',#3522);
#1142=VERTEX_POINT('',#3524);
#1143=VERTEX_POINT('',#3526);
#1144=VERTEX_POINT('',#3529);
#1145=VERTEX_POINT('',#3531);
#1146=VERTEX_POINT('',#3534);
#1147=VERTEX_POINT('',#3538);
#1148=VERTEX_POINT('',#3542);
#1149=VERTEX_POINT('',#3543);
#1150=VERTEX_POINT('',#3545);
#1151=VERTEX_POINT('',#3547);
#1152=VERTEX_POINT('',#3551);
#1153=VERTEX_POINT('',#3553);
#1154=VERTEX_POINT('',#3555);
#1155=VERTEX_POINT('',#3557);
#1156=VERTEX_POINT('',#3560);
#1157=VERTEX_POINT('',#3562);
#1158=VERTEX_POINT('',#3565);
#1159=VERTEX_POINT('',#3569);
#1160=VERTEX_POINT('',#3573);
#1161=VERTEX_POINT('',#3574);
#1162=VERTEX_POINT('',#3576);
#1163=VERTEX_POINT('',#3578);
#1164=VERTEX_POINT('',#3582);
#1165=VERTEX_POINT('',#3584);
#1166=VERTEX_POINT('',#3588);
#1167=VERTEX_POINT('',#3590);
#1168=VERTEX_POINT('',#3592);
#1169=VERTEX_POINT('',#3595);
#1170=VERTEX_POINT('',#3597);
#1171=VERTEX_POINT('',#3600);
#1172=VERTEX_POINT('',#3601);
#1173=VERTEX_POINT('',#3606);
#1174=VERTEX_POINT('',#3610);
#1175=VERTEX_POINT('',#3614);
#1176=VERTEX_POINT('',#3618);
#1177=VERTEX_POINT('',#3622);
#1178=VERTEX_POINT('',#3630);
#1179=VERTEX_POINT('',#3634);
#1180=VERTEX_POINT('',#3638);
#1181=VERTEX_POINT('',#3642);
#1182=VERTEX_POINT('',#3646);
#1183=VERTEX_POINT('',#3650);
#1184=VERTEX_POINT('',#3654);
#1185=VERTEX_POINT('',#3658);
#1186=VERTEX_POINT('',#3662);
#1187=VERTEX_POINT('',#3668);
#1188=VERTEX_POINT('',#3669);
#1189=VERTEX_POINT('',#3674);
#1190=VERTEX_POINT('',#3680);
#1191=VERTEX_POINT('',#3681);
#1192=VERTEX_POINT('',#3688);
#1193=VERTEX_POINT('',#3689);
#1194=VERTEX_POINT('',#3696);
#1195=VERTEX_POINT('',#3700);
#1196=VERTEX_POINT('',#3706);
#1197=VERTEX_POINT('',#3718);
#1198=VERTEX_POINT('',#3720);
#1199=VERTEX_POINT('',#3724);
#1200=VERTEX_POINT('',#3728);
#1201=VERTEX_POINT('',#3734);
#1202=VERTEX_POINT('',#3736);
#1203=VERTEX_POINT('',#3740);
#1204=VERTEX_POINT('',#3744);
#1205=VERTEX_POINT('',#3750);
#1206=VERTEX_POINT('',#3752);
#1207=VERTEX_POINT('',#3756);
#1208=VERTEX_POINT('',#3760);
#1209=VERTEX_POINT('',#3766);
#1210=VERTEX_POINT('',#3768);
#1211=VERTEX_POINT('',#3772);
#1212=VERTEX_POINT('',#3776);
#1213=VERTEX_POINT('',#3782);
#1214=VERTEX_POINT('',#3784);
#1215=VERTEX_POINT('',#3788);
#1216=VERTEX_POINT('',#3792);
#1217=EDGE_CURVE('',#1001,#1002,#945,.T.);
#1218=EDGE_CURVE('',#1001,#1003,#409,.T.);
#1219=EDGE_CURVE('',#1003,#1004,#946,.T.);
#1220=EDGE_CURVE('',#1002,#1004,#410,.T.);
#1221=EDGE_CURVE('',#1005,#1001,#411,.T.);
#1222=EDGE_CURVE('',#1005,#1006,#412,.T.);
#1223=EDGE_CURVE('',#1006,#1003,#413,.T.);
#1224=EDGE_CURVE('',#1007,#1005,#414,.T.);
#1225=EDGE_CURVE('',#1007,#1008,#415,.T.);
#1226=EDGE_CURVE('',#1008,#1006,#416,.T.);
#1227=EDGE_CURVE('',#1009,#1007,#417,.T.);
#1228=EDGE_CURVE('',#1009,#1010,#418,.T.);
#1229=EDGE_CURVE('',#1010,#1008,#419,.T.);
#1230=EDGE_CURVE('',#1011,#1009,#947,.T.);
#1231=EDGE_CURVE('',#1011,#1012,#420,.T.);
#1232=EDGE_CURVE('',#1012,#1010,#948,.T.);
#1233=EDGE_CURVE('',#1013,#1011,#421,.T.);
#1234=EDGE_CURVE('',#1013,#1014,#422,.T.);
#1235=EDGE_CURVE('',#1014,#1012,#423,.T.);
#1236=EDGE_CURVE('',#1015,#1013,#424,.T.);
#1237=EDGE_CURVE('',#1015,#1016,#425,.T.);
#1238=EDGE_CURVE('',#1016,#1014,#426,.T.);
#1239=EDGE_CURVE('',#1002,#1015,#427,.T.);
#1240=EDGE_CURVE('',#1004,#1016,#428,.T.);
#1241=EDGE_CURVE('',#1017,#1018,#429,.T.);
#1242=EDGE_CURVE('',#1017,#1019,#430,.T.);
#1243=EDGE_CURVE('',#1019,#1020,#431,.T.);
#1244=EDGE_CURVE('',#1018,#1020,#432,.T.);
#1245=EDGE_CURVE('',#1021,#1017,#949,.T.);
#1246=EDGE_CURVE('',#1021,#1022,#433,.T.);
#1247=EDGE_CURVE('',#1022,#1019,#950,.T.);
#1248=EDGE_CURVE('',#1023,#1021,#434,.T.);
#1249=EDGE_CURVE('',#1023,#1024,#435,.T.);
#1250=EDGE_CURVE('',#1024,#1022,#436,.T.);
#1251=EDGE_CURVE('',#1025,#1023,#437,.T.);
#1252=EDGE_CURVE('',#1025,#1026,#438,.T.);
#1253=EDGE_CURVE('',#1026,#1024,#439,.T.);
#1254=EDGE_CURVE('',#1027,#1025,#440,.T.);
#1255=EDGE_CURVE('',#1027,#1028,#441,.T.);
#1256=EDGE_CURVE('',#1028,#1026,#442,.T.);
#1257=EDGE_CURVE('',#1029,#1027,#951,.T.);
#1258=EDGE_CURVE('',#1029,#1030,#443,.T.);
#1259=EDGE_CURVE('',#1030,#1028,#952,.T.);
#1260=EDGE_CURVE('',#1031,#1029,#444,.T.);
#1261=EDGE_CURVE('',#1031,#1032,#445,.T.);
#1262=EDGE_CURVE('',#1032,#1030,#446,.T.);
#1263=EDGE_CURVE('',#1018,#1031,#447,.T.);
#1264=EDGE_CURVE('',#1020,#1032,#448,.T.);
#1265=EDGE_CURVE('',#1033,#1034,#449,.T.);
#1266=EDGE_CURVE('',#1033,#1035,#450,.T.);
#1267=EDGE_CURVE('',#1035,#1036,#451,.T.);
#1268=EDGE_CURVE('',#1034,#1036,#452,.T.);
#1269=EDGE_CURVE('',#1037,#1033,#953,.T.);
#1270=EDGE_CURVE('',#1037,#1038,#453,.T.);
#1271=EDGE_CURVE('',#1038,#1035,#954,.T.);
#1272=EDGE_CURVE('',#1039,#1037,#454,.T.);
#1273=EDGE_CURVE('',#1039,#1040,#455,.T.);
#1274=EDGE_CURVE('',#1040,#1038,#456,.T.);
#1275=EDGE_CURVE('',#1041,#1039,#457,.T.);
#1276=EDGE_CURVE('',#1041,#1042,#458,.T.);
#1277=EDGE_CURVE('',#1042,#1040,#459,.T.);
#1278=EDGE_CURVE('',#1043,#1041,#460,.T.);
#1279=EDGE_CURVE('',#1043,#1044,#461,.T.);
#1280=EDGE_CURVE('',#1044,#1042,#462,.T.);
#1281=EDGE_CURVE('',#1045,#1043,#955,.T.);
#1282=EDGE_CURVE('',#1045,#1046,#463,.T.);
#1283=EDGE_CURVE('',#1046,#1044,#956,.T.);
#1284=EDGE_CURVE('',#1047,#1045,#464,.T.);
#1285=EDGE_CURVE('',#1047,#1048,#465,.T.);
#1286=EDGE_CURVE('',#1048,#1046,#466,.T.);
#1287=EDGE_CURVE('',#1034,#1047,#467,.T.);
#1288=EDGE_CURVE('',#1036,#1048,#468,.T.);
#1289=EDGE_CURVE('',#1049,#1050,#469,.T.);
#1290=EDGE_CURVE('',#1049,#1051,#470,.T.);
#1291=EDGE_CURVE('',#1051,#1052,#471,.T.);
#1292=EDGE_CURVE('',#1050,#1052,#472,.T.);
#1293=EDGE_CURVE('',#1053,#1049,#957,.T.);
#1294=EDGE_CURVE('',#1053,#1054,#473,.T.);
#1295=EDGE_CURVE('',#1054,#1051,#958,.T.);
#1296=EDGE_CURVE('',#1055,#1053,#474,.T.);
#1297=EDGE_CURVE('',#1055,#1056,#475,.T.);
#1298=EDGE_CURVE('',#1056,#1054,#476,.T.);
#1299=EDGE_CURVE('',#1057,#1055,#477,.T.);
#1300=EDGE_CURVE('',#1057,#1058,#478,.T.);
#1301=EDGE_CURVE('',#1058,#1056,#479,.T.);
#1302=EDGE_CURVE('',#1059,#1057,#480,.T.);
#1303=EDGE_CURVE('',#1059,#1060,#481,.T.);
#1304=EDGE_CURVE('',#1060,#1058,#482,.T.);
#1305=EDGE_CURVE('',#1061,#1059,#959,.T.);
#1306=EDGE_CURVE('',#1061,#1062,#483,.T.);
#1307=EDGE_CURVE('',#1062,#1060,#960,.T.);
#1308=EDGE_CURVE('',#1063,#1061,#484,.T.);
#1309=EDGE_CURVE('',#1063,#1064,#485,.T.);
#1310=EDGE_CURVE('',#1064,#1062,#486,.T.);
#1311=EDGE_CURVE('',#1050,#1063,#487,.T.);
#1312=EDGE_CURVE('',#1052,#1064,#488,.T.);
#1313=EDGE_CURVE('',#1065,#1066,#489,.T.);
#1314=EDGE_CURVE('',#1066,#1067,#490,.T.);
#1315=EDGE_CURVE('',#1067,#1068,#961,.T.);
#1316=EDGE_CURVE('',#1068,#1069,#491,.T.);
#1317=EDGE_CURVE('',#1069,#1070,#962,.T.);
#1318=EDGE_CURVE('',#1070,#1071,#492,.T.);
#1319=EDGE_CURVE('',#1071,#1072,#493,.T.);
#1320=EDGE_CURVE('',#1072,#1073,#494,.T.);
#1321=EDGE_CURVE('',#1073,#1074,#495,.T.);
#1322=EDGE_CURVE('',#1074,#1075,#496,.T.);
#1323=EDGE_CURVE('',#1075,#1076,#497,.T.);
#1324=EDGE_CURVE('',#1076,#1077,#498,.T.);
#1325=EDGE_CURVE('',#1077,#1078,#499,.T.);
#1326=EDGE_CURVE('',#1078,#1079,#500,.T.);
#1327=EDGE_CURVE('',#1079,#1080,#963,.T.);
#1328=EDGE_CURVE('',#1080,#1081,#501,.T.);
#1329=EDGE_CURVE('',#1081,#1082,#964,.T.);
#1330=EDGE_CURVE('',#1082,#1083,#502,.T.);
#1331=EDGE_CURVE('',#1083,#1084,#503,.T.);
#1332=EDGE_CURVE('',#1084,#1085,#504,.T.);
#1333=EDGE_CURVE('',#1085,#1086,#505,.T.);
#1334=EDGE_CURVE('',#1086,#1087,#506,.T.);
#1335=EDGE_CURVE('',#1087,#1088,#507,.T.);
#1336=EDGE_CURVE('',#1088,#1065,#508,.T.);
#1337=EDGE_CURVE('',#1089,#1090,#509,.T.);
#1338=EDGE_CURVE('',#1090,#1091,#510,.T.);
#1339=EDGE_CURVE('',#1091,#1092,#511,.T.);
#1340=EDGE_CURVE('',#1092,#1089,#512,.T.);
#1341=EDGE_CURVE('',#1093,#1094,#513,.T.);
#1342=EDGE_CURVE('',#1094,#1095,#514,.T.);
#1343=EDGE_CURVE('',#1095,#1096,#515,.T.);
#1344=EDGE_CURVE('',#1096,#1093,#516,.T.);
#1345=EDGE_CURVE('',#1097,#1098,#517,.T.);
#1346=EDGE_CURVE('',#1098,#1099,#518,.T.);
#1347=EDGE_CURVE('',#1099,#1100,#519,.T.);
#1348=EDGE_CURVE('',#1100,#1097,#520,.T.);
#1349=EDGE_CURVE('',#1101,#1102,#521,.T.);
#1350=EDGE_CURVE('',#1102,#1103,#522,.T.);
#1351=EDGE_CURVE('',#1103,#1104,#523,.T.);
#1352=EDGE_CURVE('',#1104,#1101,#524,.T.);
#1353=EDGE_CURVE('',#1105,#1106,#525,.T.);
#1354=EDGE_CURVE('',#1106,#1107,#526,.T.);
#1355=EDGE_CURVE('',#1107,#1108,#527,.T.);
#1356=EDGE_CURVE('',#1108,#1105,#528,.T.);
#1357=EDGE_CURVE('',#1081,#1109,#529,.T.);
#1358=EDGE_CURVE('',#1109,#1110,#965,.T.);
#1359=EDGE_CURVE('',#1110,#1082,#530,.T.);
#1360=EDGE_CURVE('',#1111,#1080,#531,.T.);
#1361=EDGE_CURVE('',#1109,#1111,#532,.T.);
#1362=EDGE_CURVE('',#1079,#1112,#533,.T.);
#1363=EDGE_CURVE('',#1112,#1111,#966,.T.);
#1364=EDGE_CURVE('',#1113,#1078,#534,.T.);
#1365=EDGE_CURVE('',#1112,#1113,#535,.T.);
#1366=EDGE_CURVE('',#1114,#1067,#536,.T.);
#1367=EDGE_CURVE('',#1114,#1115,#967,.T.);
#1368=EDGE_CURVE('',#1115,#1068,#537,.T.);
#1369=EDGE_CURVE('',#1116,#1066,#538,.T.);
#1370=EDGE_CURVE('',#1114,#1116,#539,.T.);
#1371=EDGE_CURVE('',#1117,#1069,#540,.T.);
#1372=EDGE_CURVE('',#1117,#1118,#968,.T.);
#1373=EDGE_CURVE('',#1118,#1070,#541,.T.);
#1374=EDGE_CURVE('',#1117,#1115,#542,.T.);
#1375=EDGE_CURVE('',#1119,#1120,#969,.T.);
#1376=EDGE_CURVE('',#1120,#1121,#543,.T.);
#1377=EDGE_CURVE('',#1121,#1122,#970,.T.);
#1378=EDGE_CURVE('',#1122,#1119,#544,.T.);
#1379=EDGE_CURVE('',#1120,#1123,#545,.T.);
#1380=EDGE_CURVE('',#1124,#1123,#546,.T.);
#1381=EDGE_CURVE('',#1124,#1121,#547,.T.);
#1382=EDGE_CURVE('',#1125,#1119,#548,.T.);
#1383=EDGE_CURVE('',#1126,#1125,#549,.T.);
#1384=EDGE_CURVE('',#1126,#1127,#550,.T.);
#1385=EDGE_CURVE('',#1123,#1127,#971,.T.);
#1386=EDGE_CURVE('',#1128,#1128,#972,.T.);
#1387=EDGE_CURVE('',#1129,#1129,#973,.T.);
#1388=EDGE_CURVE('',#1130,#1124,#974,.T.);
#1389=EDGE_CURVE('',#1127,#1130,#551,.T.);
#1390=EDGE_CURVE('',#1131,#1130,#552,.T.);
#1391=EDGE_CURVE('',#1132,#1131,#553,.T.);
#1392=EDGE_CURVE('',#1132,#1122,#554,.T.);
#1393=EDGE_CURVE('',#1133,#1133,#975,.T.);
#1394=EDGE_CURVE('',#1134,#1134,#976,.T.);
#1395=EDGE_CURVE('',#1131,#1126,#555,.T.);
#1396=EDGE_CURVE('',#1135,#1136,#977,.T.);
#1397=EDGE_CURVE('',#1136,#1137,#556,.T.);
#1398=EDGE_CURVE('',#1137,#1138,#978,.T.);
#1399=EDGE_CURVE('',#1138,#1135,#557,.T.);
#1400=EDGE_CURVE('',#1139,#1138,#558,.T.);
#1401=EDGE_CURVE('',#1140,#1139,#559,.T.);
#1402=EDGE_CURVE('',#1135,#1140,#560,.T.);
#1403=EDGE_CURVE('',#1141,#1137,#561,.T.);
#1404=EDGE_CURVE('',#1142,#1141,#562,.T.);
#1405=EDGE_CURVE('',#1142,#1143,#563,.T.);
#1406=EDGE_CURVE('',#1139,#1143,#979,.T.);
#1407=EDGE_CURVE('',#1144,#1144,#980,.T.);
#1408=EDGE_CURVE('',#1145,#1145,#981,.T.);
#1409=EDGE_CURVE('',#1143,#1146,#564,.T.);
#1410=EDGE_CURVE('',#1146,#1140,#982,.T.);
#1411=EDGE_CURVE('',#1147,#1142,#565,.T.);
#1412=EDGE_CURVE('',#1147,#1146,#566,.T.);
#1413=EDGE_CURVE('',#1148,#1149,#983,.T.);
#1414=EDGE_CURVE('',#1149,#1150,#567,.T.);
#1415=EDGE_CURVE('',#1150,#1151,#984,.T.);
#1416=EDGE_CURVE('',#1151,#1148,#568,.T.);
#1417=EDGE_CURVE('',#1152,#1150,#569,.T.);
#1418=EDGE_CURVE('',#1153,#1152,#985,.T.);
#1419=EDGE_CURVE('',#1154,#1153,#570,.T.);
#1420=EDGE_CURVE('',#1155,#1154,#571,.T.);
#1421=EDGE_CURVE('',#1155,#1151,#572,.T.);
#1422=EDGE_CURVE('',#1156,#1156,#986,.T.);
#1423=EDGE_CURVE('',#1157,#1157,#987,.T.);
#1424=EDGE_CURVE('',#1149,#1158,#573,.T.);
#1425=EDGE_CURVE('',#1152,#1158,#574,.T.);
#1426=EDGE_CURVE('',#1158,#1159,#988,.T.);
#1427=EDGE_CURVE('',#1159,#1153,#575,.T.);
#1428=EDGE_CURVE('',#1160,#1161,#989,.T.);
#1429=EDGE_CURVE('',#1161,#1162,#576,.T.);
#1430=EDGE_CURVE('',#1162,#1163,#990,.T.);
#1431=EDGE_CURVE('',#1163,#1160,#577,.T.);
#1432=EDGE_CURVE('',#1164,#1161,#578,.T.);
#1433=EDGE_CURVE('',#1165,#1164,#579,.T.);
#1434=EDGE_CURVE('',#1165,#1162,#580,.T.);
#1435=EDGE_CURVE('',#1160,#1166,#581,.T.);
#1436=EDGE_CURVE('',#1167,#1166,#991,.T.);
#1437=EDGE_CURVE('',#1168,#1167,#582,.T.);
#1438=EDGE_CURVE('',#1164,#1168,#583,.T.);
#1439=EDGE_CURVE('',#1169,#1169,#992,.T.);
#1440=EDGE_CURVE('',#1170,#1170,#993,.T.);
#1441=EDGE_CURVE('',#1171,#1172,#994,.T.);
#1442=EDGE_CURVE('',#1172,#1167,#584,.T.);
#1443=EDGE_CURVE('',#1166,#1171,#585,.T.);
#1444=EDGE_CURVE('',#1173,#1172,#586,.T.);
#1445=EDGE_CURVE('',#1168,#1173,#587,.T.);
#1446=EDGE_CURVE('',#1169,#1174,#588,.T.);
#1447=EDGE_CURVE('',#1174,#1174,#995,.T.);
#1448=EDGE_CURVE('',#1170,#1175,#589,.T.);
#1449=EDGE_CURVE('',#1175,#1175,#996,.T.);
#1450=EDGE_CURVE('',#1156,#1176,#590,.T.);
#1451=EDGE_CURVE('',#1176,#1176,#997,.T.);
#1452=EDGE_CURVE('',#1157,#1177,#591,.T.);
#1453=EDGE_CURVE('',#1177,#1177,#998,.T.);
#1454=EDGE_CURVE('',#1129,#1134,#592,.T.);
#1455=EDGE_CURVE('',#1128,#1133,#593,.T.);
#1456=EDGE_CURVE('',#1144,#1178,#594,.T.);
#1457=EDGE_CURVE('',#1178,#1178,#999,.T.);
#1458=EDGE_CURVE('',#1145,#1179,#595,.T.);
#1459=EDGE_CURVE('',#1179,#1179,#1000,.T.);
#1460=EDGE_CURVE('',#1180,#1116,#596,.T.);
#1461=EDGE_CURVE('',#1180,#1065,#597,.T.);
#1462=EDGE_CURVE('',#1181,#1088,#598,.T.);
#1463=EDGE_CURVE('',#1180,#1181,#599,.T.);
#1464=EDGE_CURVE('',#1182,#1181,#600,.T.);
#1465=EDGE_CURVE('',#1182,#1087,#601,.T.);
#1466=EDGE_CURVE('',#1183,#1086,#602,.T.);
#1467=EDGE_CURVE('',#1182,#1183,#603,.T.);
#1468=EDGE_CURVE('',#1184,#1183,#604,.T.);
#1469=EDGE_CURVE('',#1184,#1085,#605,.T.);
#1470=EDGE_CURVE('',#1185,#1084,#606,.T.);
#1471=EDGE_CURVE('',#1184,#1185,#607,.T.);
#1472=EDGE_CURVE('',#1186,#1185,#608,.T.);
#1473=EDGE_CURVE('',#1186,#1083,#609,.T.);
#1474=EDGE_CURVE('',#1186,#1110,#610,.T.);
#1475=EDGE_CURVE('',#1187,#1188,#611,.T.);
#1476=EDGE_CURVE('',#1188,#1076,#612,.T.);
#1477=EDGE_CURVE('',#1075,#1187,#613,.T.);
#1478=EDGE_CURVE('',#1189,#1188,#614,.T.);
#1479=EDGE_CURVE('',#1077,#1189,#615,.T.);
#1480=EDGE_CURVE('',#1189,#1113,#616,.T.);
#1481=EDGE_CURVE('',#1190,#1191,#617,.T.);
#1482=EDGE_CURVE('',#1191,#1072,#618,.T.);
#1483=EDGE_CURVE('',#1071,#1190,#619,.T.);
#1484=EDGE_CURVE('',#1190,#1118,#620,.T.);
#1485=EDGE_CURVE('',#1192,#1193,#621,.T.);
#1486=EDGE_CURVE('',#1193,#1074,#622,.T.);
#1487=EDGE_CURVE('',#1073,#1192,#623,.T.);
#1488=EDGE_CURVE('',#1187,#1193,#624,.T.);
#1489=EDGE_CURVE('',#1194,#1155,#625,.T.);
#1490=EDGE_CURVE('',#1194,#1148,#626,.T.);
#1491=EDGE_CURVE('',#1195,#1159,#627,.T.);
#1492=EDGE_CURVE('',#1154,#1195,#628,.T.);
#1493=EDGE_CURVE('',#1195,#1194,#629,.T.);
#1494=EDGE_CURVE('',#1196,#1136,#630,.T.);
#1495=EDGE_CURVE('',#1141,#1196,#631,.T.);
#1496=EDGE_CURVE('',#1196,#1147,#632,.T.);
#1497=EDGE_CURVE('',#1173,#1165,#633,.T.);
#1498=EDGE_CURVE('',#1171,#1163,#634,.T.);
#1499=EDGE_CURVE('',#1125,#1132,#635,.T.);
#1500=EDGE_CURVE('',#1197,#1091,#636,.T.);
#1501=EDGE_CURVE('',#1198,#1197,#637,.T.);
#1502=EDGE_CURVE('',#1198,#1092,#638,.T.);
#1503=EDGE_CURVE('',#1199,#1198,#639,.T.);
#1504=EDGE_CURVE('',#1199,#1089,#640,.T.);
#1505=EDGE_CURVE('',#1200,#1199,#641,.T.);
#1506=EDGE_CURVE('',#1200,#1090,#642,.T.);
#1507=EDGE_CURVE('',#1197,#1200,#643,.T.);
#1508=EDGE_CURVE('',#1201,#1095,#644,.T.);
#1509=EDGE_CURVE('',#1202,#1201,#645,.T.);
#1510=EDGE_CURVE('',#1202,#1096,#646,.T.);
#1511=EDGE_CURVE('',#1203,#1202,#647,.T.);
#1512=EDGE_CURVE('',#1203,#1093,#648,.T.);
#1513=EDGE_CURVE('',#1204,#1203,#649,.T.);
#1514=EDGE_CURVE('',#1204,#1094,#650,.T.);
#1515=EDGE_CURVE('',#1201,#1204,#651,.T.);
#1516=EDGE_CURVE('',#1205,#1099,#652,.T.);
#1517=EDGE_CURVE('',#1206,#1205,#653,.T.);
#1518=EDGE_CURVE('',#1206,#1100,#654,.T.);
#1519=EDGE_CURVE('',#1207,#1206,#655,.T.);
#1520=EDGE_CURVE('',#1207,#1097,#656,.T.);
#1521=EDGE_CURVE('',#1208,#1207,#657,.T.);
#1522=EDGE_CURVE('',#1208,#1098,#658,.T.);
#1523=EDGE_CURVE('',#1205,#1208,#659,.T.);
#1524=EDGE_CURVE('',#1209,#1103,#660,.T.);
#1525=EDGE_CURVE('',#1210,#1209,#661,.T.);
#1526=EDGE_CURVE('',#1210,#1104,#662,.T.);
#1527=EDGE_CURVE('',#1211,#1210,#663,.T.);
#1528=EDGE_CURVE('',#1211,#1101,#664,.T.);
#1529=EDGE_CURVE('',#1212,#1211,#665,.T.);
#1530=EDGE_CURVE('',#1212,#1102,#666,.T.);
#1531=EDGE_CURVE('',#1209,#1212,#667,.T.);
#1532=EDGE_CURVE('',#1213,#1107,#668,.T.);
#1533=EDGE_CURVE('',#1214,#1213,#669,.T.);
#1534=EDGE_CURVE('',#1214,#1108,#670,.T.);
#1535=EDGE_CURVE('',#1215,#1214,#671,.T.);
#1536=EDGE_CURVE('',#1215,#1105,#672,.T.);
#1537=EDGE_CURVE('',#1216,#1215,#673,.T.);
#1538=EDGE_CURVE('',#1216,#1106,#674,.T.);
#1539=EDGE_CURVE('',#1213,#1216,#675,.T.);
#1540=EDGE_CURVE('',#1192,#1191,#676,.T.);
#1541=ORIENTED_EDGE('',*,*,#1217,.F.);
#1542=ORIENTED_EDGE('',*,*,#1218,.T.);
#1543=ORIENTED_EDGE('',*,*,#1219,.T.);
#1544=ORIENTED_EDGE('',*,*,#1220,.F.);
#1545=ORIENTED_EDGE('',*,*,#1221,.F.);
#1546=ORIENTED_EDGE('',*,*,#1222,.T.);
#1547=ORIENTED_EDGE('',*,*,#1223,.T.);
#1548=ORIENTED_EDGE('',*,*,#1218,.F.);
#1549=ORIENTED_EDGE('',*,*,#1224,.F.);
#1550=ORIENTED_EDGE('',*,*,#1225,.T.);
#1551=ORIENTED_EDGE('',*,*,#1226,.T.);
#1552=ORIENTED_EDGE('',*,*,#1222,.F.);
#1553=ORIENTED_EDGE('',*,*,#1227,.F.);
#1554=ORIENTED_EDGE('',*,*,#1228,.T.);
#1555=ORIENTED_EDGE('',*,*,#1229,.T.);
#1556=ORIENTED_EDGE('',*,*,#1225,.F.);
#1557=ORIENTED_EDGE('',*,*,#1230,.F.);
#1558=ORIENTED_EDGE('',*,*,#1231,.T.);
#1559=ORIENTED_EDGE('',*,*,#1232,.T.);
#1560=ORIENTED_EDGE('',*,*,#1228,.F.);
#1561=ORIENTED_EDGE('',*,*,#1233,.F.);
#1562=ORIENTED_EDGE('',*,*,#1234,.T.);
#1563=ORIENTED_EDGE('',*,*,#1235,.T.);
#1564=ORIENTED_EDGE('',*,*,#1231,.F.);
#1565=ORIENTED_EDGE('',*,*,#1236,.F.);
#1566=ORIENTED_EDGE('',*,*,#1237,.T.);
#1567=ORIENTED_EDGE('',*,*,#1238,.T.);
#1568=ORIENTED_EDGE('',*,*,#1234,.F.);
#1569=ORIENTED_EDGE('',*,*,#1239,.F.);
#1570=ORIENTED_EDGE('',*,*,#1220,.T.);
#1571=ORIENTED_EDGE('',*,*,#1240,.T.);
#1572=ORIENTED_EDGE('',*,*,#1237,.F.);
#1573=ORIENTED_EDGE('',*,*,#1240,.F.);
#1574=ORIENTED_EDGE('',*,*,#1219,.F.);
#1575=ORIENTED_EDGE('',*,*,#1223,.F.);
#1576=ORIENTED_EDGE('',*,*,#1226,.F.);
#1577=ORIENTED_EDGE('',*,*,#1229,.F.);
#1578=ORIENTED_EDGE('',*,*,#1232,.F.);
#1579=ORIENTED_EDGE('',*,*,#1235,.F.);
#1580=ORIENTED_EDGE('',*,*,#1238,.F.);
#1581=ORIENTED_EDGE('',*,*,#1241,.F.);
#1582=ORIENTED_EDGE('',*,*,#1242,.T.);
#1583=ORIENTED_EDGE('',*,*,#1243,.T.);
#1584=ORIENTED_EDGE('',*,*,#1244,.F.);
#1585=ORIENTED_EDGE('',*,*,#1245,.F.);
#1586=ORIENTED_EDGE('',*,*,#1246,.T.);
#1587=ORIENTED_EDGE('',*,*,#1247,.T.);
#1588=ORIENTED_EDGE('',*,*,#1242,.F.);
#1589=ORIENTED_EDGE('',*,*,#1248,.F.);
#1590=ORIENTED_EDGE('',*,*,#1249,.T.);
#1591=ORIENTED_EDGE('',*,*,#1250,.T.);
#1592=ORIENTED_EDGE('',*,*,#1246,.F.);
#1593=ORIENTED_EDGE('',*,*,#1251,.F.);
#1594=ORIENTED_EDGE('',*,*,#1252,.T.);
#1595=ORIENTED_EDGE('',*,*,#1253,.T.);
#1596=ORIENTED_EDGE('',*,*,#1249,.F.);
#1597=ORIENTED_EDGE('',*,*,#1254,.F.);
#1598=ORIENTED_EDGE('',*,*,#1255,.T.);
#1599=ORIENTED_EDGE('',*,*,#1256,.T.);
#1600=ORIENTED_EDGE('',*,*,#1252,.F.);
#1601=ORIENTED_EDGE('',*,*,#1257,.F.);
#1602=ORIENTED_EDGE('',*,*,#1258,.T.);
#1603=ORIENTED_EDGE('',*,*,#1259,.T.);
#1604=ORIENTED_EDGE('',*,*,#1255,.F.);
#1605=ORIENTED_EDGE('',*,*,#1260,.F.);
#1606=ORIENTED_EDGE('',*,*,#1261,.T.);
#1607=ORIENTED_EDGE('',*,*,#1262,.T.);
#1608=ORIENTED_EDGE('',*,*,#1258,.F.);
#1609=ORIENTED_EDGE('',*,*,#1263,.F.);
#1610=ORIENTED_EDGE('',*,*,#1244,.T.);
#1611=ORIENTED_EDGE('',*,*,#1264,.T.);
#1612=ORIENTED_EDGE('',*,*,#1261,.F.);
#1613=ORIENTED_EDGE('',*,*,#1264,.F.);
#1614=ORIENTED_EDGE('',*,*,#1243,.F.);
#1615=ORIENTED_EDGE('',*,*,#1247,.F.);
#1616=ORIENTED_EDGE('',*,*,#1250,.F.);
#1617=ORIENTED_EDGE('',*,*,#1253,.F.);
#1618=ORIENTED_EDGE('',*,*,#1256,.F.);
#1619=ORIENTED_EDGE('',*,*,#1259,.F.);
#1620=ORIENTED_EDGE('',*,*,#1262,.F.);
#1621=ORIENTED_EDGE('',*,*,#1265,.F.);
#1622=ORIENTED_EDGE('',*,*,#1266,.T.);
#1623=ORIENTED_EDGE('',*,*,#1267,.T.);
#1624=ORIENTED_EDGE('',*,*,#1268,.F.);
#1625=ORIENTED_EDGE('',*,*,#1269,.F.);
#1626=ORIENTED_EDGE('',*,*,#1270,.T.);
#1627=ORIENTED_EDGE('',*,*,#1271,.T.);
#1628=ORIENTED_EDGE('',*,*,#1266,.F.);
#1629=ORIENTED_EDGE('',*,*,#1272,.F.);
#1630=ORIENTED_EDGE('',*,*,#1273,.T.);
#1631=ORIENTED_EDGE('',*,*,#1274,.T.);
#1632=ORIENTED_EDGE('',*,*,#1270,.F.);
#1633=ORIENTED_EDGE('',*,*,#1275,.F.);
#1634=ORIENTED_EDGE('',*,*,#1276,.T.);
#1635=ORIENTED_EDGE('',*,*,#1277,.T.);
#1636=ORIENTED_EDGE('',*,*,#1273,.F.);
#1637=ORIENTED_EDGE('',*,*,#1278,.F.);
#1638=ORIENTED_EDGE('',*,*,#1279,.T.);
#1639=ORIENTED_EDGE('',*,*,#1280,.T.);
#1640=ORIENTED_EDGE('',*,*,#1276,.F.);
#1641=ORIENTED_EDGE('',*,*,#1281,.F.);
#1642=ORIENTED_EDGE('',*,*,#1282,.T.);
#1643=ORIENTED_EDGE('',*,*,#1283,.T.);
#1644=ORIENTED_EDGE('',*,*,#1279,.F.);
#1645=ORIENTED_EDGE('',*,*,#1284,.F.);
#1646=ORIENTED_EDGE('',*,*,#1285,.T.);
#1647=ORIENTED_EDGE('',*,*,#1286,.T.);
#1648=ORIENTED_EDGE('',*,*,#1282,.F.);
#1649=ORIENTED_EDGE('',*,*,#1287,.F.);
#1650=ORIENTED_EDGE('',*,*,#1268,.T.);
#1651=ORIENTED_EDGE('',*,*,#1288,.T.);
#1652=ORIENTED_EDGE('',*,*,#1285,.F.);
#1653=ORIENTED_EDGE('',*,*,#1288,.F.);
#1654=ORIENTED_EDGE('',*,*,#1267,.F.);
#1655=ORIENTED_EDGE('',*,*,#1271,.F.);
#1656=ORIENTED_EDGE('',*,*,#1274,.F.);
#1657=ORIENTED_EDGE('',*,*,#1277,.F.);
#1658=ORIENTED_EDGE('',*,*,#1280,.F.);
#1659=ORIENTED_EDGE('',*,*,#1283,.F.);
#1660=ORIENTED_EDGE('',*,*,#1286,.F.);
#1661=ORIENTED_EDGE('',*,*,#1289,.F.);
#1662=ORIENTED_EDGE('',*,*,#1290,.T.);
#1663=ORIENTED_EDGE('',*,*,#1291,.T.);
#1664=ORIENTED_EDGE('',*,*,#1292,.F.);
#1665=ORIENTED_EDGE('',*,*,#1293,.F.);
#1666=ORIENTED_EDGE('',*,*,#1294,.T.);
#1667=ORIENTED_EDGE('',*,*,#1295,.T.);
#1668=ORIENTED_EDGE('',*,*,#1290,.F.);
#1669=ORIENTED_EDGE('',*,*,#1296,.F.);
#1670=ORIENTED_EDGE('',*,*,#1297,.T.);
#1671=ORIENTED_EDGE('',*,*,#1298,.T.);
#1672=ORIENTED_EDGE('',*,*,#1294,.F.);
#1673=ORIENTED_EDGE('',*,*,#1299,.F.);
#1674=ORIENTED_EDGE('',*,*,#1300,.T.);
#1675=ORIENTED_EDGE('',*,*,#1301,.T.);
#1676=ORIENTED_EDGE('',*,*,#1297,.F.);
#1677=ORIENTED_EDGE('',*,*,#1302,.F.);
#1678=ORIENTED_EDGE('',*,*,#1303,.T.);
#1679=ORIENTED_EDGE('',*,*,#1304,.T.);
#1680=ORIENTED_EDGE('',*,*,#1300,.F.);
#1681=ORIENTED_EDGE('',*,*,#1305,.F.);
#1682=ORIENTED_EDGE('',*,*,#1306,.T.);
#1683=ORIENTED_EDGE('',*,*,#1307,.T.);
#1684=ORIENTED_EDGE('',*,*,#1303,.F.);
#1685=ORIENTED_EDGE('',*,*,#1308,.F.);
#1686=ORIENTED_EDGE('',*,*,#1309,.T.);
#1687=ORIENTED_EDGE('',*,*,#1310,.T.);
#1688=ORIENTED_EDGE('',*,*,#1306,.F.);
#1689=ORIENTED_EDGE('',*,*,#1311,.F.);
#1690=ORIENTED_EDGE('',*,*,#1292,.T.);
#1691=ORIENTED_EDGE('',*,*,#1312,.T.);
#1692=ORIENTED_EDGE('',*,*,#1309,.F.);
#1693=ORIENTED_EDGE('',*,*,#1312,.F.);
#1694=ORIENTED_EDGE('',*,*,#1291,.F.);
#1695=ORIENTED_EDGE('',*,*,#1295,.F.);
#1696=ORIENTED_EDGE('',*,*,#1298,.F.);
#1697=ORIENTED_EDGE('',*,*,#1301,.F.);
#1698=ORIENTED_EDGE('',*,*,#1304,.F.);
#1699=ORIENTED_EDGE('',*,*,#1307,.F.);
#1700=ORIENTED_EDGE('',*,*,#1310,.F.);
#1701=ORIENTED_EDGE('',*,*,#1313,.T.);
#1702=ORIENTED_EDGE('',*,*,#1314,.T.);
#1703=ORIENTED_EDGE('',*,*,#1315,.T.);
#1704=ORIENTED_EDGE('',*,*,#1316,.T.);
#1705=ORIENTED_EDGE('',*,*,#1317,.T.);
#1706=ORIENTED_EDGE('',*,*,#1318,.T.);
#1707=ORIENTED_EDGE('',*,*,#1319,.T.);
#1708=ORIENTED_EDGE('',*,*,#1320,.T.);
#1709=ORIENTED_EDGE('',*,*,#1321,.T.);
#1710=ORIENTED_EDGE('',*,*,#1322,.T.);
#1711=ORIENTED_EDGE('',*,*,#1323,.T.);
#1712=ORIENTED_EDGE('',*,*,#1324,.T.);
#1713=ORIENTED_EDGE('',*,*,#1325,.T.);
#1714=ORIENTED_EDGE('',*,*,#1326,.T.);
#1715=ORIENTED_EDGE('',*,*,#1327,.T.);
#1716=ORIENTED_EDGE('',*,*,#1328,.T.);
#1717=ORIENTED_EDGE('',*,*,#1329,.T.);
#1718=ORIENTED_EDGE('',*,*,#1330,.T.);
#1719=ORIENTED_EDGE('',*,*,#1331,.T.);
#1720=ORIENTED_EDGE('',*,*,#1332,.T.);
#1721=ORIENTED_EDGE('',*,*,#1333,.T.);
#1722=ORIENTED_EDGE('',*,*,#1334,.T.);
#1723=ORIENTED_EDGE('',*,*,#1335,.T.);
#1724=ORIENTED_EDGE('',*,*,#1336,.T.);
#1725=ORIENTED_EDGE('',*,*,#1337,.T.);
#1726=ORIENTED_EDGE('',*,*,#1338,.T.);
#1727=ORIENTED_EDGE('',*,*,#1339,.T.);
#1728=ORIENTED_EDGE('',*,*,#1340,.T.);
#1729=ORIENTED_EDGE('',*,*,#1341,.T.);
#1730=ORIENTED_EDGE('',*,*,#1342,.T.);
#1731=ORIENTED_EDGE('',*,*,#1343,.T.);
#1732=ORIENTED_EDGE('',*,*,#1344,.T.);
#1733=ORIENTED_EDGE('',*,*,#1345,.T.);
#1734=ORIENTED_EDGE('',*,*,#1346,.T.);
#1735=ORIENTED_EDGE('',*,*,#1347,.T.);
#1736=ORIENTED_EDGE('',*,*,#1348,.T.);
#1737=ORIENTED_EDGE('',*,*,#1349,.T.);
#1738=ORIENTED_EDGE('',*,*,#1350,.T.);
#1739=ORIENTED_EDGE('',*,*,#1351,.T.);
#1740=ORIENTED_EDGE('',*,*,#1352,.T.);
#1741=ORIENTED_EDGE('',*,*,#1353,.T.);
#1742=ORIENTED_EDGE('',*,*,#1354,.T.);
#1743=ORIENTED_EDGE('',*,*,#1355,.T.);
#1744=ORIENTED_EDGE('',*,*,#1356,.T.);
#1745=ORIENTED_EDGE('',*,*,#1357,.T.);
#1746=ORIENTED_EDGE('',*,*,#1358,.T.);
#1747=ORIENTED_EDGE('',*,*,#1359,.T.);
#1748=ORIENTED_EDGE('',*,*,#1329,.F.);
#1749=ORIENTED_EDGE('',*,*,#1357,.F.);
#1750=ORIENTED_EDGE('',*,*,#1328,.F.);
#1751=ORIENTED_EDGE('',*,*,#1360,.F.);
#1752=ORIENTED_EDGE('',*,*,#1361,.F.);
#1753=ORIENTED_EDGE('',*,*,#1362,.T.);
#1754=ORIENTED_EDGE('',*,*,#1363,.T.);
#1755=ORIENTED_EDGE('',*,*,#1360,.T.);
#1756=ORIENTED_EDGE('',*,*,#1327,.F.);
#1757=ORIENTED_EDGE('',*,*,#1362,.F.);
#1758=ORIENTED_EDGE('',*,*,#1326,.F.);
#1759=ORIENTED_EDGE('',*,*,#1364,.F.);
#1760=ORIENTED_EDGE('',*,*,#1365,.F.);
#1761=ORIENTED_EDGE('',*,*,#1366,.F.);
#1762=ORIENTED_EDGE('',*,*,#1367,.T.);
#1763=ORIENTED_EDGE('',*,*,#1368,.T.);
#1764=ORIENTED_EDGE('',*,*,#1315,.F.);
#1765=ORIENTED_EDGE('',*,*,#1366,.T.);
#1766=ORIENTED_EDGE('',*,*,#1314,.F.);
#1767=ORIENTED_EDGE('',*,*,#1369,.F.);
#1768=ORIENTED_EDGE('',*,*,#1370,.F.);
#1769=ORIENTED_EDGE('',*,*,#1371,.F.);
#1770=ORIENTED_EDGE('',*,*,#1372,.T.);
#1771=ORIENTED_EDGE('',*,*,#1373,.T.);
#1772=ORIENTED_EDGE('',*,*,#1317,.F.);
#1773=ORIENTED_EDGE('',*,*,#1368,.F.);
#1774=ORIENTED_EDGE('',*,*,#1374,.F.);
#1775=ORIENTED_EDGE('',*,*,#1371,.T.);
#1776=ORIENTED_EDGE('',*,*,#1316,.F.);
#1777=ORIENTED_EDGE('',*,*,#1375,.T.);
#1778=ORIENTED_EDGE('',*,*,#1376,.T.);
#1779=ORIENTED_EDGE('',*,*,#1377,.T.);
#1780=ORIENTED_EDGE('',*,*,#1378,.T.);
#1781=ORIENTED_EDGE('',*,*,#1376,.F.);
#1782=ORIENTED_EDGE('',*,*,#1379,.T.);
#1783=ORIENTED_EDGE('',*,*,#1380,.F.);
#1784=ORIENTED_EDGE('',*,*,#1381,.T.);
#1785=ORIENTED_EDGE('',*,*,#1375,.F.);
#1786=ORIENTED_EDGE('',*,*,#1382,.F.);
#1787=ORIENTED_EDGE('',*,*,#1383,.F.);
#1788=ORIENTED_EDGE('',*,*,#1384,.T.);
#1789=ORIENTED_EDGE('',*,*,#1385,.F.);
#1790=ORIENTED_EDGE('',*,*,#1379,.F.);
#1791=ORIENTED_EDGE('',*,*,#1386,.T.);
#1792=ORIENTED_EDGE('',*,*,#1387,.T.);
#1793=ORIENTED_EDGE('',*,*,#1388,.T.);
#1794=ORIENTED_EDGE('',*,*,#1380,.T.);
#1795=ORIENTED_EDGE('',*,*,#1385,.T.);
#1796=ORIENTED_EDGE('',*,*,#1389,.T.);
#1797=ORIENTED_EDGE('',*,*,#1377,.F.);
#1798=ORIENTED_EDGE('',*,*,#1381,.F.);
#1799=ORIENTED_EDGE('',*,*,#1388,.F.);
#1800=ORIENTED_EDGE('',*,*,#1390,.F.);
#1801=ORIENTED_EDGE('',*,*,#1391,.F.);
#1802=ORIENTED_EDGE('',*,*,#1392,.T.);
#1803=ORIENTED_EDGE('',*,*,#1393,.T.);
#1804=ORIENTED_EDGE('',*,*,#1394,.T.);
#1805=ORIENTED_EDGE('',*,*,#1389,.F.);
#1806=ORIENTED_EDGE('',*,*,#1384,.F.);
#1807=ORIENTED_EDGE('',*,*,#1395,.F.);
#1808=ORIENTED_EDGE('',*,*,#1390,.T.);
#1809=ORIENTED_EDGE('',*,*,#1396,.T.);
#1810=ORIENTED_EDGE('',*,*,#1397,.T.);
#1811=ORIENTED_EDGE('',*,*,#1398,.T.);
#1812=ORIENTED_EDGE('',*,*,#1399,.T.);
#1813=ORIENTED_EDGE('',*,*,#1399,.F.);
#1814=ORIENTED_EDGE('',*,*,#1400,.F.);
#1815=ORIENTED_EDGE('',*,*,#1401,.F.);
#1816=ORIENTED_EDGE('',*,*,#1402,.F.);
#1817=ORIENTED_EDGE('',*,*,#1398,.F.);
#1818=ORIENTED_EDGE('',*,*,#1403,.F.);
#1819=ORIENTED_EDGE('',*,*,#1404,.F.);
#1820=ORIENTED_EDGE('',*,*,#1405,.T.);
#1821=ORIENTED_EDGE('',*,*,#1406,.F.);
#1822=ORIENTED_EDGE('',*,*,#1400,.T.);
#1823=ORIENTED_EDGE('',*,*,#1407,.T.);
#1824=ORIENTED_EDGE('',*,*,#1408,.T.);
#1825=ORIENTED_EDGE('',*,*,#1406,.T.);
#1826=ORIENTED_EDGE('',*,*,#1409,.T.);
#1827=ORIENTED_EDGE('',*,*,#1410,.T.);
#1828=ORIENTED_EDGE('',*,*,#1401,.T.);
#1829=ORIENTED_EDGE('',*,*,#1409,.F.);
#1830=ORIENTED_EDGE('',*,*,#1405,.F.);
#1831=ORIENTED_EDGE('',*,*,#1411,.F.);
#1832=ORIENTED_EDGE('',*,*,#1412,.T.);
#1833=ORIENTED_EDGE('',*,*,#1413,.T.);
#1834=ORIENTED_EDGE('',*,*,#1414,.T.);
#1835=ORIENTED_EDGE('',*,*,#1415,.T.);
#1836=ORIENTED_EDGE('',*,*,#1416,.T.);
#1837=ORIENTED_EDGE('',*,*,#1415,.F.);
#1838=ORIENTED_EDGE('',*,*,#1417,.F.);
#1839=ORIENTED_EDGE('',*,*,#1418,.F.);
#1840=ORIENTED_EDGE('',*,*,#1419,.F.);
#1841=ORIENTED_EDGE('',*,*,#1420,.F.);
#1842=ORIENTED_EDGE('',*,*,#1421,.T.);
#1843=ORIENTED_EDGE('',*,*,#1422,.T.);
#1844=ORIENTED_EDGE('',*,*,#1423,.T.);
#1845=ORIENTED_EDGE('',*,*,#1414,.F.);
#1846=ORIENTED_EDGE('',*,*,#1424,.T.);
#1847=ORIENTED_EDGE('',*,*,#1425,.F.);
#1848=ORIENTED_EDGE('',*,*,#1417,.T.);
#1849=ORIENTED_EDGE('',*,*,#1418,.T.);
#1850=ORIENTED_EDGE('',*,*,#1425,.T.);
#1851=ORIENTED_EDGE('',*,*,#1426,.T.);
#1852=ORIENTED_EDGE('',*,*,#1427,.T.);
#1853=ORIENTED_EDGE('',*,*,#1428,.T.);
#1854=ORIENTED_EDGE('',*,*,#1429,.T.);
#1855=ORIENTED_EDGE('',*,*,#1430,.T.);
#1856=ORIENTED_EDGE('',*,*,#1431,.T.);
#1857=ORIENTED_EDGE('',*,*,#1429,.F.);
#1858=ORIENTED_EDGE('',*,*,#1432,.F.);
#1859=ORIENTED_EDGE('',*,*,#1433,.F.);
#1860=ORIENTED_EDGE('',*,*,#1434,.T.);
#1861=ORIENTED_EDGE('',*,*,#1428,.F.);
#1862=ORIENTED_EDGE('',*,*,#1435,.T.);
#1863=ORIENTED_EDGE('',*,*,#1436,.F.);
#1864=ORIENTED_EDGE('',*,*,#1437,.F.);
#1865=ORIENTED_EDGE('',*,*,#1438,.F.);
#1866=ORIENTED_EDGE('',*,*,#1432,.T.);
#1867=ORIENTED_EDGE('',*,*,#1439,.T.);
#1868=ORIENTED_EDGE('',*,*,#1440,.T.);
#1869=ORIENTED_EDGE('',*,*,#1441,.T.);
#1870=ORIENTED_EDGE('',*,*,#1442,.T.);
#1871=ORIENTED_EDGE('',*,*,#1436,.T.);
#1872=ORIENTED_EDGE('',*,*,#1443,.T.);
#1873=ORIENTED_EDGE('',*,*,#1442,.F.);
#1874=ORIENTED_EDGE('',*,*,#1444,.F.);
#1875=ORIENTED_EDGE('',*,*,#1445,.F.);
#1876=ORIENTED_EDGE('',*,*,#1437,.T.);
#1877=ORIENTED_EDGE('',*,*,#1439,.F.);
#1878=ORIENTED_EDGE('',*,*,#1446,.T.);
#1879=ORIENTED_EDGE('',*,*,#1447,.F.);
#1880=ORIENTED_EDGE('',*,*,#1446,.F.);
#1881=ORIENTED_EDGE('',*,*,#1440,.F.);
#1882=ORIENTED_EDGE('',*,*,#1448,.T.);
#1883=ORIENTED_EDGE('',*,*,#1449,.F.);
#1884=ORIENTED_EDGE('',*,*,#1448,.F.);
#1885=ORIENTED_EDGE('',*,*,#1422,.F.);
#1886=ORIENTED_EDGE('',*,*,#1450,.T.);
#1887=ORIENTED_EDGE('',*,*,#1451,.F.);
#1888=ORIENTED_EDGE('',*,*,#1450,.F.);
#1889=ORIENTED_EDGE('',*,*,#1423,.F.);
#1890=ORIENTED_EDGE('',*,*,#1452,.T.);
#1891=ORIENTED_EDGE('',*,*,#1453,.F.);
#1892=ORIENTED_EDGE('',*,*,#1452,.F.);
#1893=ORIENTED_EDGE('',*,*,#1387,.F.);
#1894=ORIENTED_EDGE('',*,*,#1454,.T.);
#1895=ORIENTED_EDGE('',*,*,#1394,.F.);
#1896=ORIENTED_EDGE('',*,*,#1454,.F.);
#1897=ORIENTED_EDGE('',*,*,#1386,.F.);
#1898=ORIENTED_EDGE('',*,*,#1455,.T.);
#1899=ORIENTED_EDGE('',*,*,#1393,.F.);
#1900=ORIENTED_EDGE('',*,*,#1455,.F.);
#1901=ORIENTED_EDGE('',*,*,#1407,.F.);
#1902=ORIENTED_EDGE('',*,*,#1456,.T.);
#1903=ORIENTED_EDGE('',*,*,#1457,.F.);
#1904=ORIENTED_EDGE('',*,*,#1456,.F.);
#1905=ORIENTED_EDGE('',*,*,#1408,.F.);
#1906=ORIENTED_EDGE('',*,*,#1458,.T.);
#1907=ORIENTED_EDGE('',*,*,#1459,.F.);
#1908=ORIENTED_EDGE('',*,*,#1458,.F.);
#1909=ORIENTED_EDGE('',*,*,#1460,.T.);
#1910=ORIENTED_EDGE('',*,*,#1369,.T.);
#1911=ORIENTED_EDGE('',*,*,#1313,.F.);
#1912=ORIENTED_EDGE('',*,*,#1461,.F.);
#1913=ORIENTED_EDGE('',*,*,#1461,.T.);
#1914=ORIENTED_EDGE('',*,*,#1336,.F.);
#1915=ORIENTED_EDGE('',*,*,#1462,.F.);
#1916=ORIENTED_EDGE('',*,*,#1463,.F.);
#1917=ORIENTED_EDGE('',*,*,#1464,.T.);
#1918=ORIENTED_EDGE('',*,*,#1462,.T.);
#1919=ORIENTED_EDGE('',*,*,#1335,.F.);
#1920=ORIENTED_EDGE('',*,*,#1465,.F.);
#1921=ORIENTED_EDGE('',*,*,#1465,.T.);
#1922=ORIENTED_EDGE('',*,*,#1334,.F.);
#1923=ORIENTED_EDGE('',*,*,#1466,.F.);
#1924=ORIENTED_EDGE('',*,*,#1467,.F.);
#1925=ORIENTED_EDGE('',*,*,#1468,.T.);
#1926=ORIENTED_EDGE('',*,*,#1466,.T.);
#1927=ORIENTED_EDGE('',*,*,#1333,.F.);
#1928=ORIENTED_EDGE('',*,*,#1469,.F.);
#1929=ORIENTED_EDGE('',*,*,#1469,.T.);
#1930=ORIENTED_EDGE('',*,*,#1332,.F.);
#1931=ORIENTED_EDGE('',*,*,#1470,.F.);
#1932=ORIENTED_EDGE('',*,*,#1471,.F.);
#1933=ORIENTED_EDGE('',*,*,#1472,.T.);
#1934=ORIENTED_EDGE('',*,*,#1470,.T.);
#1935=ORIENTED_EDGE('',*,*,#1331,.F.);
#1936=ORIENTED_EDGE('',*,*,#1473,.F.);
#1937=ORIENTED_EDGE('',*,*,#1359,.F.);
#1938=ORIENTED_EDGE('',*,*,#1474,.F.);
#1939=ORIENTED_EDGE('',*,*,#1473,.T.);
#1940=ORIENTED_EDGE('',*,*,#1330,.F.);
#1941=ORIENTED_EDGE('',*,*,#1475,.T.);
#1942=ORIENTED_EDGE('',*,*,#1476,.T.);
#1943=ORIENTED_EDGE('',*,*,#1323,.F.);
#1944=ORIENTED_EDGE('',*,*,#1477,.T.);
#1945=ORIENTED_EDGE('',*,*,#1476,.F.);
#1946=ORIENTED_EDGE('',*,*,#1478,.F.);
#1947=ORIENTED_EDGE('',*,*,#1479,.F.);
#1948=ORIENTED_EDGE('',*,*,#1324,.F.);
#1949=ORIENTED_EDGE('',*,*,#1480,.T.);
#1950=ORIENTED_EDGE('',*,*,#1364,.T.);
#1951=ORIENTED_EDGE('',*,*,#1325,.F.);
#1952=ORIENTED_EDGE('',*,*,#1479,.T.);
#1953=ORIENTED_EDGE('',*,*,#1481,.T.);
#1954=ORIENTED_EDGE('',*,*,#1482,.T.);
#1955=ORIENTED_EDGE('',*,*,#1319,.F.);
#1956=ORIENTED_EDGE('',*,*,#1483,.T.);
#1957=ORIENTED_EDGE('',*,*,#1373,.F.);
#1958=ORIENTED_EDGE('',*,*,#1484,.F.);
#1959=ORIENTED_EDGE('',*,*,#1483,.F.);
#1960=ORIENTED_EDGE('',*,*,#1318,.F.);
#1961=ORIENTED_EDGE('',*,*,#1485,.T.);
#1962=ORIENTED_EDGE('',*,*,#1486,.T.);
#1963=ORIENTED_EDGE('',*,*,#1321,.F.);
#1964=ORIENTED_EDGE('',*,*,#1487,.T.);
#1965=ORIENTED_EDGE('',*,*,#1477,.F.);
#1966=ORIENTED_EDGE('',*,*,#1322,.F.);
#1967=ORIENTED_EDGE('',*,*,#1486,.F.);
#1968=ORIENTED_EDGE('',*,*,#1488,.F.);
#1969=ORIENTED_EDGE('',*,*,#1416,.F.);
#1970=ORIENTED_EDGE('',*,*,#1421,.F.);
#1971=ORIENTED_EDGE('',*,*,#1489,.F.);
#1972=ORIENTED_EDGE('',*,*,#1490,.T.);
#1973=ORIENTED_EDGE('',*,*,#1427,.F.);
#1974=ORIENTED_EDGE('',*,*,#1491,.F.);
#1975=ORIENTED_EDGE('',*,*,#1492,.F.);
#1976=ORIENTED_EDGE('',*,*,#1419,.T.);
#1977=ORIENTED_EDGE('',*,*,#1413,.F.);
#1978=ORIENTED_EDGE('',*,*,#1490,.F.);
#1979=ORIENTED_EDGE('',*,*,#1493,.F.);
#1980=ORIENTED_EDGE('',*,*,#1491,.T.);
#1981=ORIENTED_EDGE('',*,*,#1426,.F.);
#1982=ORIENTED_EDGE('',*,*,#1424,.F.);
#1983=ORIENTED_EDGE('',*,*,#1451,.T.);
#1984=ORIENTED_EDGE('',*,*,#1453,.T.);
#1985=ORIENTED_EDGE('',*,*,#1397,.F.);
#1986=ORIENTED_EDGE('',*,*,#1494,.F.);
#1987=ORIENTED_EDGE('',*,*,#1495,.F.);
#1988=ORIENTED_EDGE('',*,*,#1403,.T.);
#1989=ORIENTED_EDGE('',*,*,#1396,.F.);
#1990=ORIENTED_EDGE('',*,*,#1402,.T.);
#1991=ORIENTED_EDGE('',*,*,#1410,.F.);
#1992=ORIENTED_EDGE('',*,*,#1412,.F.);
#1993=ORIENTED_EDGE('',*,*,#1496,.F.);
#1994=ORIENTED_EDGE('',*,*,#1494,.T.);
#1995=ORIENTED_EDGE('',*,*,#1457,.T.);
#1996=ORIENTED_EDGE('',*,*,#1459,.T.);
#1997=ORIENTED_EDGE('',*,*,#1430,.F.);
#1998=ORIENTED_EDGE('',*,*,#1434,.F.);
#1999=ORIENTED_EDGE('',*,*,#1497,.F.);
#2000=ORIENTED_EDGE('',*,*,#1444,.T.);
#2001=ORIENTED_EDGE('',*,*,#1441,.F.);
#2002=ORIENTED_EDGE('',*,*,#1498,.T.);
#2003=ORIENTED_EDGE('',*,*,#1447,.T.);
#2004=ORIENTED_EDGE('',*,*,#1449,.T.);
#2005=ORIENTED_EDGE('',*,*,#1431,.F.);
#2006=ORIENTED_EDGE('',*,*,#1498,.F.);
#2007=ORIENTED_EDGE('',*,*,#1443,.F.);
#2008=ORIENTED_EDGE('',*,*,#1435,.F.);
#2009=ORIENTED_EDGE('',*,*,#1378,.F.);
#2010=ORIENTED_EDGE('',*,*,#1392,.F.);
#2011=ORIENTED_EDGE('',*,*,#1499,.F.);
#2012=ORIENTED_EDGE('',*,*,#1382,.T.);
#2013=ORIENTED_EDGE('',*,*,#1500,.F.);
#2014=ORIENTED_EDGE('',*,*,#1501,.F.);
#2015=ORIENTED_EDGE('',*,*,#1502,.T.);
#2016=ORIENTED_EDGE('',*,*,#1339,.F.);
#2017=ORIENTED_EDGE('',*,*,#1502,.F.);
#2018=ORIENTED_EDGE('',*,*,#1503,.F.);
#2019=ORIENTED_EDGE('',*,*,#1504,.T.);
#2020=ORIENTED_EDGE('',*,*,#1340,.F.);
#2021=ORIENTED_EDGE('',*,*,#1504,.F.);
#2022=ORIENTED_EDGE('',*,*,#1505,.F.);
#2023=ORIENTED_EDGE('',*,*,#1506,.T.);
#2024=ORIENTED_EDGE('',*,*,#1337,.F.);
#2025=ORIENTED_EDGE('',*,*,#1506,.F.);
#2026=ORIENTED_EDGE('',*,*,#1507,.F.);
#2027=ORIENTED_EDGE('',*,*,#1500,.T.);
#2028=ORIENTED_EDGE('',*,*,#1338,.F.);
#2029=ORIENTED_EDGE('',*,*,#1508,.F.);
#2030=ORIENTED_EDGE('',*,*,#1509,.F.);
#2031=ORIENTED_EDGE('',*,*,#1510,.T.);
#2032=ORIENTED_EDGE('',*,*,#1343,.F.);
#2033=ORIENTED_EDGE('',*,*,#1510,.F.);
#2034=ORIENTED_EDGE('',*,*,#1511,.F.);
#2035=ORIENTED_EDGE('',*,*,#1512,.T.);
#2036=ORIENTED_EDGE('',*,*,#1344,.F.);
#2037=ORIENTED_EDGE('',*,*,#1512,.F.);
#2038=ORIENTED_EDGE('',*,*,#1513,.F.);
#2039=ORIENTED_EDGE('',*,*,#1514,.T.);
#2040=ORIENTED_EDGE('',*,*,#1341,.F.);
#2041=ORIENTED_EDGE('',*,*,#1514,.F.);
#2042=ORIENTED_EDGE('',*,*,#1515,.F.);
#2043=ORIENTED_EDGE('',*,*,#1508,.T.);
#2044=ORIENTED_EDGE('',*,*,#1342,.F.);
#2045=ORIENTED_EDGE('',*,*,#1516,.F.);
#2046=ORIENTED_EDGE('',*,*,#1517,.F.);
#2047=ORIENTED_EDGE('',*,*,#1518,.T.);
#2048=ORIENTED_EDGE('',*,*,#1347,.F.);
#2049=ORIENTED_EDGE('',*,*,#1518,.F.);
#2050=ORIENTED_EDGE('',*,*,#1519,.F.);
#2051=ORIENTED_EDGE('',*,*,#1520,.T.);
#2052=ORIENTED_EDGE('',*,*,#1348,.F.);
#2053=ORIENTED_EDGE('',*,*,#1520,.F.);
#2054=ORIENTED_EDGE('',*,*,#1521,.F.);
#2055=ORIENTED_EDGE('',*,*,#1522,.T.);
#2056=ORIENTED_EDGE('',*,*,#1345,.F.);
#2057=ORIENTED_EDGE('',*,*,#1522,.F.);
#2058=ORIENTED_EDGE('',*,*,#1523,.F.);
#2059=ORIENTED_EDGE('',*,*,#1516,.T.);
#2060=ORIENTED_EDGE('',*,*,#1346,.F.);
#2061=ORIENTED_EDGE('',*,*,#1524,.F.);
#2062=ORIENTED_EDGE('',*,*,#1525,.F.);
#2063=ORIENTED_EDGE('',*,*,#1526,.T.);
#2064=ORIENTED_EDGE('',*,*,#1351,.F.);
#2065=ORIENTED_EDGE('',*,*,#1526,.F.);
#2066=ORIENTED_EDGE('',*,*,#1527,.F.);
#2067=ORIENTED_EDGE('',*,*,#1528,.T.);
#2068=ORIENTED_EDGE('',*,*,#1352,.F.);
#2069=ORIENTED_EDGE('',*,*,#1528,.F.);
#2070=ORIENTED_EDGE('',*,*,#1529,.F.);
#2071=ORIENTED_EDGE('',*,*,#1530,.T.);
#2072=ORIENTED_EDGE('',*,*,#1349,.F.);
#2073=ORIENTED_EDGE('',*,*,#1530,.F.);
#2074=ORIENTED_EDGE('',*,*,#1531,.F.);
#2075=ORIENTED_EDGE('',*,*,#1524,.T.);
#2076=ORIENTED_EDGE('',*,*,#1350,.F.);
#2077=ORIENTED_EDGE('',*,*,#1532,.F.);
#2078=ORIENTED_EDGE('',*,*,#1533,.F.);
#2079=ORIENTED_EDGE('',*,*,#1534,.T.);
#2080=ORIENTED_EDGE('',*,*,#1355,.F.);
#2081=ORIENTED_EDGE('',*,*,#1534,.F.);
#2082=ORIENTED_EDGE('',*,*,#1535,.F.);
#2083=ORIENTED_EDGE('',*,*,#1536,.T.);
#2084=ORIENTED_EDGE('',*,*,#1356,.F.);
#2085=ORIENTED_EDGE('',*,*,#1536,.F.);
#2086=ORIENTED_EDGE('',*,*,#1537,.F.);
#2087=ORIENTED_EDGE('',*,*,#1538,.T.);
#2088=ORIENTED_EDGE('',*,*,#1353,.F.);
#2089=ORIENTED_EDGE('',*,*,#1538,.F.);
#2090=ORIENTED_EDGE('',*,*,#1539,.F.);
#2091=ORIENTED_EDGE('',*,*,#1532,.T.);
#2092=ORIENTED_EDGE('',*,*,#1354,.F.);
#2093=ORIENTED_EDGE('',*,*,#1482,.F.);
#2094=ORIENTED_EDGE('',*,*,#1540,.F.);
#2095=ORIENTED_EDGE('',*,*,#1487,.F.);
#2096=ORIENTED_EDGE('',*,*,#1320,.F.);
#2097=ORIENTED_EDGE('',*,*,#1460,.F.);
#2098=ORIENTED_EDGE('',*,*,#1463,.T.);
#2099=ORIENTED_EDGE('',*,*,#1464,.F.);
#2100=ORIENTED_EDGE('',*,*,#1467,.T.);
#2101=ORIENTED_EDGE('',*,*,#1468,.F.);
#2102=ORIENTED_EDGE('',*,*,#1471,.T.);
#2103=ORIENTED_EDGE('',*,*,#1472,.F.);
#2104=ORIENTED_EDGE('',*,*,#1474,.T.);
#2105=ORIENTED_EDGE('',*,*,#1358,.F.);
#2106=ORIENTED_EDGE('',*,*,#1361,.T.);
#2107=ORIENTED_EDGE('',*,*,#1363,.F.);
#2108=ORIENTED_EDGE('',*,*,#1365,.T.);
#2109=ORIENTED_EDGE('',*,*,#1480,.F.);
#2110=ORIENTED_EDGE('',*,*,#1478,.T.);
#2111=ORIENTED_EDGE('',*,*,#1475,.F.);
#2112=ORIENTED_EDGE('',*,*,#1488,.T.);
#2113=ORIENTED_EDGE('',*,*,#1485,.F.);
#2114=ORIENTED_EDGE('',*,*,#1540,.T.);
#2115=ORIENTED_EDGE('',*,*,#1481,.F.);
#2116=ORIENTED_EDGE('',*,*,#1484,.T.);
#2117=ORIENTED_EDGE('',*,*,#1372,.F.);
#2118=ORIENTED_EDGE('',*,*,#1374,.T.);
#2119=ORIENTED_EDGE('',*,*,#1367,.F.);
#2120=ORIENTED_EDGE('',*,*,#1370,.T.);
#2121=ORIENTED_EDGE('',*,*,#1217,.T.);
#2122=ORIENTED_EDGE('',*,*,#1239,.T.);
#2123=ORIENTED_EDGE('',*,*,#1236,.T.);
#2124=ORIENTED_EDGE('',*,*,#1233,.T.);
#2125=ORIENTED_EDGE('',*,*,#1230,.T.);
#2126=ORIENTED_EDGE('',*,*,#1227,.T.);
#2127=ORIENTED_EDGE('',*,*,#1224,.T.);
#2128=ORIENTED_EDGE('',*,*,#1221,.T.);
#2129=ORIENTED_EDGE('',*,*,#1241,.T.);
#2130=ORIENTED_EDGE('',*,*,#1263,.T.);
#2131=ORIENTED_EDGE('',*,*,#1260,.T.);
#2132=ORIENTED_EDGE('',*,*,#1257,.T.);
#2133=ORIENTED_EDGE('',*,*,#1254,.T.);
#2134=ORIENTED_EDGE('',*,*,#1251,.T.);
#2135=ORIENTED_EDGE('',*,*,#1248,.T.);
#2136=ORIENTED_EDGE('',*,*,#1245,.T.);
#2137=ORIENTED_EDGE('',*,*,#1265,.T.);
#2138=ORIENTED_EDGE('',*,*,#1287,.T.);
#2139=ORIENTED_EDGE('',*,*,#1284,.T.);
#2140=ORIENTED_EDGE('',*,*,#1281,.T.);
#2141=ORIENTED_EDGE('',*,*,#1278,.T.);
#2142=ORIENTED_EDGE('',*,*,#1275,.T.);
#2143=ORIENTED_EDGE('',*,*,#1272,.T.);
#2144=ORIENTED_EDGE('',*,*,#1269,.T.);
#2145=ORIENTED_EDGE('',*,*,#1289,.T.);
#2146=ORIENTED_EDGE('',*,*,#1311,.T.);
#2147=ORIENTED_EDGE('',*,*,#1308,.T.);
#2148=ORIENTED_EDGE('',*,*,#1305,.T.);
#2149=ORIENTED_EDGE('',*,*,#1302,.T.);
#2150=ORIENTED_EDGE('',*,*,#1299,.T.);
#2151=ORIENTED_EDGE('',*,*,#1296,.T.);
#2152=ORIENTED_EDGE('',*,*,#1293,.T.);
#2153=ORIENTED_EDGE('',*,*,#1489,.T.);
#2154=ORIENTED_EDGE('',*,*,#1420,.T.);
#2155=ORIENTED_EDGE('',*,*,#1492,.T.);
#2156=ORIENTED_EDGE('',*,*,#1493,.T.);
#2157=ORIENTED_EDGE('',*,*,#1495,.T.);
#2158=ORIENTED_EDGE('',*,*,#1496,.T.);
#2159=ORIENTED_EDGE('',*,*,#1411,.T.);
#2160=ORIENTED_EDGE('',*,*,#1404,.T.);
#2161=ORIENTED_EDGE('',*,*,#1445,.T.);
#2162=ORIENTED_EDGE('',*,*,#1497,.T.);
#2163=ORIENTED_EDGE('',*,*,#1433,.T.);
#2164=ORIENTED_EDGE('',*,*,#1438,.T.);
#2165=ORIENTED_EDGE('',*,*,#1395,.T.);
#2166=ORIENTED_EDGE('',*,*,#1383,.T.);
#2167=ORIENTED_EDGE('',*,*,#1499,.T.);
#2168=ORIENTED_EDGE('',*,*,#1391,.T.);
#2169=ORIENTED_EDGE('',*,*,#1505,.T.);
#2170=ORIENTED_EDGE('',*,*,#1503,.T.);
#2171=ORIENTED_EDGE('',*,*,#1501,.T.);
#2172=ORIENTED_EDGE('',*,*,#1507,.T.);
#2173=ORIENTED_EDGE('',*,*,#1513,.T.);
#2174=ORIENTED_EDGE('',*,*,#1511,.T.);
#2175=ORIENTED_EDGE('',*,*,#1509,.T.);
#2176=ORIENTED_EDGE('',*,*,#1515,.T.);
#2177=ORIENTED_EDGE('',*,*,#1521,.T.);
#2178=ORIENTED_EDGE('',*,*,#1519,.T.);
#2179=ORIENTED_EDGE('',*,*,#1517,.T.);
#2180=ORIENTED_EDGE('',*,*,#1523,.T.);
#2181=ORIENTED_EDGE('',*,*,#1529,.T.);
#2182=ORIENTED_EDGE('',*,*,#1527,.T.);
#2183=ORIENTED_EDGE('',*,*,#1525,.T.);
#2184=ORIENTED_EDGE('',*,*,#1531,.T.);
#2185=ORIENTED_EDGE('',*,*,#1537,.T.);
#2186=ORIENTED_EDGE('',*,*,#1535,.T.);
#2187=ORIENTED_EDGE('',*,*,#1533,.T.);
#2188=ORIENTED_EDGE('',*,*,#1539,.T.);
#2189=CYLINDRICAL_SURFACE('',#2349,10.25);
#2190=CYLINDRICAL_SURFACE('',#2355,10.25);
#2191=CYLINDRICAL_SURFACE('',#2363,10.25);
#2192=CYLINDRICAL_SURFACE('',#2369,10.25);
#2193=CYLINDRICAL_SURFACE('',#2376,10.25);
#2194=CYLINDRICAL_SURFACE('',#2382,10.25);
#2195=CYLINDRICAL_SURFACE('',#2389,10.25);
#2196=CYLINDRICAL_SURFACE('',#2395,10.25);
#2197=CYLINDRICAL_SURFACE('',#2406,5.);
#2198=CYLINDRICAL_SURFACE('',#2409,5.);
#2199=CYLINDRICAL_SURFACE('',#2412,5.);
#2200=CYLINDRICAL_SURFACE('',#2415,5.);
#2201=CYLINDRICAL_SURFACE('',#2418,2.5);
#2202=CYLINDRICAL_SURFACE('',#2426,2.5);
#2203=CYLINDRICAL_SURFACE('',#2432,2.5);
#2204=CYLINDRICAL_SURFACE('',#2440,2.5);
#2205=CYLINDRICAL_SURFACE('',#2443,2.5);
#2206=CYLINDRICAL_SURFACE('',#2451,2.5);
#2207=CYLINDRICAL_SURFACE('',#2453,2.5);
#2208=CYLINDRICAL_SURFACE('',#2461,2.5);
#2209=CYLINDRICAL_SURFACE('',#2464,1.49999999999999);
#2210=CYLINDRICAL_SURFACE('',#2466,1.5);
#2211=CYLINDRICAL_SURFACE('',#2468,1.49999999999999);
#2212=CYLINDRICAL_SURFACE('',#2470,1.5);
#2213=CYLINDRICAL_SURFACE('',#2472,1.49999999999999);
#2214=CYLINDRICAL_SURFACE('',#2473,1.5);
#2215=CYLINDRICAL_SURFACE('',#2474,1.5);
#2216=CYLINDRICAL_SURFACE('',#2476,1.49999999999999);
#2217=ADVANCED_FACE('',(#139),#2189,.F.);
#2218=ADVANCED_FACE('',(#140),#49,.F.);
#2219=ADVANCED_FACE('',(#141),#50,.F.);
#2220=ADVANCED_FACE('',(#142),#51,.F.);
#2221=ADVANCED_FACE('',(#143),#2190,.F.);
#2222=ADVANCED_FACE('',(#144),#52,.F.);
#2223=ADVANCED_FACE('',(#145),#53,.F.);
#2224=ADVANCED_FACE('',(#146),#54,.F.);
#2225=ADVANCED_FACE('',(#147),#55,.T.);
#2226=ADVANCED_FACE('',(#148),#56,.F.);
#2227=ADVANCED_FACE('',(#149),#2191,.F.);
#2228=ADVANCED_FACE('',(#150),#57,.F.);
#2229=ADVANCED_FACE('',(#151),#58,.F.);
#2230=ADVANCED_FACE('',(#152),#59,.F.);
#2231=ADVANCED_FACE('',(#153),#2192,.F.);
#2232=ADVANCED_FACE('',(#154),#60,.F.);
#2233=ADVANCED_FACE('',(#155),#61,.F.);
#2234=ADVANCED_FACE('',(#156),#62,.T.);
#2235=ADVANCED_FACE('',(#157),#63,.F.);
#2236=ADVANCED_FACE('',(#158),#2193,.F.);
#2237=ADVANCED_FACE('',(#159),#64,.F.);
#2238=ADVANCED_FACE('',(#160),#65,.F.);
#2239=ADVANCED_FACE('',(#161),#66,.F.);
#2240=ADVANCED_FACE('',(#162),#2194,.F.);
#2241=ADVANCED_FACE('',(#163),#67,.F.);
#2242=ADVANCED_FACE('',(#164),#68,.F.);
#2243=ADVANCED_FACE('',(#165),#69,.T.);
#2244=ADVANCED_FACE('',(#166),#70,.F.);
#2245=ADVANCED_FACE('',(#167),#2195,.F.);
#2246=ADVANCED_FACE('',(#168),#71,.F.);
#2247=ADVANCED_FACE('',(#169),#72,.F.);
#2248=ADVANCED_FACE('',(#170),#73,.F.);
#2249=ADVANCED_FACE('',(#171),#2196,.F.);
#2250=ADVANCED_FACE('',(#172),#74,.F.);
#2251=ADVANCED_FACE('',(#173),#75,.F.);
#2252=ADVANCED_FACE('',(#174),#76,.T.);
#2253=ADVANCED_FACE('',(#175,#15,#16,#17,#18,#19),#77,.F.);
#2254=ADVANCED_FACE('',(#176),#2197,.F.);
#2255=ADVANCED_FACE('',(#177),#78,.T.);
#2256=ADVANCED_FACE('',(#178),#2198,.F.);
#2257=ADVANCED_FACE('',(#179),#79,.T.);
#2258=ADVANCED_FACE('',(#180),#2199,.F.);
#2259=ADVANCED_FACE('',(#181),#80,.T.);
#2260=ADVANCED_FACE('',(#182),#2200,.F.);
#2261=ADVANCED_FACE('',(#183),#81,.T.);
#2262=ADVANCED_FACE('',(#184),#2201,.T.);
#2263=ADVANCED_FACE('',(#185),#82,.T.);
#2264=ADVANCED_FACE('',(#186,#20,#21),#83,.T.);
#2265=ADVANCED_FACE('',(#187),#2202,.T.);
#2266=ADVANCED_FACE('',(#188,#22,#23),#84,.T.);
#2267=ADVANCED_FACE('',(#189),#85,.T.);
#2268=ADVANCED_FACE('',(#190),#2203,.T.);
#2269=ADVANCED_FACE('',(#191),#86,.F.);
#2270=ADVANCED_FACE('',(#192,#24,#25),#87,.F.);
#2271=ADVANCED_FACE('',(#193),#2204,.T.);
#2272=ADVANCED_FACE('',(#194),#88,.F.);
#2273=ADVANCED_FACE('',(#195),#2205,.T.);
#2274=ADVANCED_FACE('',(#196,#26,#27),#89,.T.);
#2275=ADVANCED_FACE('',(#197),#90,.T.);
#2276=ADVANCED_FACE('',(#198),#2206,.T.);
#2277=ADVANCED_FACE('',(#199),#2207,.T.);
#2278=ADVANCED_FACE('',(#200),#91,.F.);
#2279=ADVANCED_FACE('',(#201,#28,#29),#92,.F.);
#2280=ADVANCED_FACE('',(#202),#2208,.T.);
#2281=ADVANCED_FACE('',(#203),#93,.F.);
#2282=ADVANCED_FACE('',(#204),#2209,.F.);
#2283=ADVANCED_FACE('',(#205),#2210,.F.);
#2284=ADVANCED_FACE('',(#206),#2211,.F.);
#2285=ADVANCED_FACE('',(#207),#2212,.F.);
#2286=ADVANCED_FACE('',(#208),#2213,.F.);
#2287=ADVANCED_FACE('',(#209),#2214,.F.);
#2288=ADVANCED_FACE('',(#210),#2215,.F.);
#2289=ADVANCED_FACE('',(#211),#2216,.F.);
#2290=ADVANCED_FACE('',(#212),#94,.T.);
#2291=ADVANCED_FACE('',(#213),#95,.T.);
#2292=ADVANCED_FACE('',(#214),#96,.T.);
#2293=ADVANCED_FACE('',(#215),#97,.T.);
#2294=ADVANCED_FACE('',(#216),#98,.T.);
#2295=ADVANCED_FACE('',(#217),#99,.T.);
#2296=ADVANCED_FACE('',(#218),#100,.T.);
#2297=ADVANCED_FACE('',(#219),#101,.T.);
#2298=ADVANCED_FACE('',(#220),#102,.T.);
#2299=ADVANCED_FACE('',(#221),#103,.T.);
#2300=ADVANCED_FACE('',(#222),#104,.T.);
#2301=ADVANCED_FACE('',(#223),#105,.T.);
#2302=ADVANCED_FACE('',(#224),#106,.T.);
#2303=ADVANCED_FACE('',(#225),#107,.T.);
#2304=ADVANCED_FACE('',(#226),#108,.T.);
#2305=ADVANCED_FACE('',(#227),#109,.T.);
#2306=ADVANCED_FACE('',(#228),#110,.T.);
#2307=ADVANCED_FACE('',(#229,#30,#31),#111,.T.);
#2308=ADVANCED_FACE('',(#230),#112,.F.);
#2309=ADVANCED_FACE('',(#231,#32,#33),#113,.F.);
#2310=ADVANCED_FACE('',(#232,#34,#35),#114,.F.);
#2311=ADVANCED_FACE('',(#233),#115,.F.);
#2312=ADVANCED_FACE('',(#234),#116,.T.);
#2313=ADVANCED_FACE('',(#235),#117,.F.);
#2314=ADVANCED_FACE('',(#236),#118,.F.);
#2315=ADVANCED_FACE('',(#237),#119,.F.);
#2316=ADVANCED_FACE('',(#238),#120,.F.);
#2317=ADVANCED_FACE('',(#239),#121,.F.);
#2318=ADVANCED_FACE('',(#240),#122,.F.);
#2319=ADVANCED_FACE('',(#241),#123,.F.);
#2320=ADVANCED_FACE('',(#242),#124,.F.);
#2321=ADVANCED_FACE('',(#243),#125,.F.);
#2322=ADVANCED_FACE('',(#244),#126,.F.);
#2323=ADVANCED_FACE('',(#245),#127,.F.);
#2324=ADVANCED_FACE('',(#246),#128,.F.);
#2325=ADVANCED_FACE('',(#247),#129,.F.);
#2326=ADVANCED_FACE('',(#248),#130,.F.);
#2327=ADVANCED_FACE('',(#249),#131,.F.);
#2328=ADVANCED_FACE('',(#250),#132,.F.);
#2329=ADVANCED_FACE('',(#251),#133,.F.);
#2330=ADVANCED_FACE('',(#252),#134,.F.);
#2331=ADVANCED_FACE('',(#253),#135,.F.);
#2332=ADVANCED_FACE('',(#254),#136,.F.);
#2333=ADVANCED_FACE('',(#255),#137,.T.);
#2334=ADVANCED_FACE('',(#256,#36,#37,#38,#39,#40,#41,#42,#43,#44,#45,#46,
#47,#48),#138,.T.);
#2335=CLOSED_SHELL('',(#2217,#2218,#2219,#2220,#2221,#2222,#2223,#2224,
#2225,#2226,#2227,#2228,#2229,#2230,#2231,#2232,#2233,#2234,#2235,#2236,
#2237,#2238,#2239,#2240,#2241,#2242,#2243,#2244,#2245,#2246,#2247,#2248,
#2249,#2250,#2251,#2252,#2253,#2254,#2255,#2256,#2257,#2258,#2259,#2260,
#2261,#2262,#2263,#2264,#2265,#2266,#2267,#2268,#2269,#2270,#2271,#2272,
#2273,#2274,#2275,#2276,#2277,#2278,#2279,#2280,#2281,#2282,#2283,#2284,
#2285,#2286,#2287,#2288,#2289,#2290,#2291,#2292,#2293,#2294,#2295,#2296,
#2297,#2298,#2299,#2300,#2301,#2302,#2303,#2304,#2305,#2306,#2307,#2308,
#2309,#2310,#2311,#2312,#2313,#2314,#2315,#2316,#2317,#2318,#2319,#2320,
#2321,#2322,#2323,#2324,#2325,#2326,#2327,#2328,#2329,#2330,#2331,#2332,
#2333,#2334));
#2336=DERIVED_UNIT_ELEMENT(#2338,1.);
#2337=DERIVED_UNIT_ELEMENT(#3805,-3.);
#2338=(
MASS_UNIT()
NAMED_UNIT(*)
SI_UNIT(.KILO.,.GRAM.)
);
#2339=DERIVED_UNIT((#2336,#2337));
#2340=MEASURE_REPRESENTATION_ITEM('density measure',
POSITIVE_RATIO_MEASURE(7850.),#2339);
#2341=PROPERTY_DEFINITION_REPRESENTATION(#2346,#2343);
#2342=PROPERTY_DEFINITION_REPRESENTATION(#2347,#2344);
#2343=REPRESENTATION('material name',(#2345),#3802);
#2344=REPRESENTATION('density',(#2340),#3802);
#2345=DESCRIPTIVE_REPRESENTATION_ITEM('Steel','Steel');
#2346=PROPERTY_DEFINITION('material property','material name',#3812);
#2347=PROPERTY_DEFINITION('material property','density of part',#3812);
#2348=AXIS2_PLACEMENT_3D('',#3141,#2523,#2524);
#2349=AXIS2_PLACEMENT_3D('',#3142,#2525,#2526);
#2350=AXIS2_PLACEMENT_3D('',#3145,#2527,#2528);
#2351=AXIS2_PLACEMENT_3D('',#3149,#2530,#2531);
#2352=AXIS2_PLACEMENT_3D('',#3151,#2533,#2534);
#2353=AXIS2_PLACEMENT_3D('',#3157,#2538,#2539);
#2354=AXIS2_PLACEMENT_3D('',#3163,#2543,#2544);
#2355=AXIS2_PLACEMENT_3D('',#3169,#2548,#2549);
#2356=AXIS2_PLACEMENT_3D('',#3171,#2550,#2551);
#2357=AXIS2_PLACEMENT_3D('',#3174,#2553,#2554);
#2358=AXIS2_PLACEMENT_3D('',#3175,#2555,#2556);
#2359=AXIS2_PLACEMENT_3D('',#3181,#2560,#2561);
#2360=AXIS2_PLACEMENT_3D('',#3187,#2565,#2566);
#2361=AXIS2_PLACEMENT_3D('',#3190,#2569,#2570);
#2362=AXIS2_PLACEMENT_3D('',#3191,#2571,#2572);
#2363=AXIS2_PLACEMENT_3D('',#3200,#2577,#2578);
#2364=AXIS2_PLACEMENT_3D('',#3202,#2579,#2580);
#2365=AXIS2_PLACEMENT_3D('',#3205,#2582,#2583);
#2366=AXIS2_PLACEMENT_3D('',#3206,#2584,#2585);
#2367=AXIS2_PLACEMENT_3D('',#3212,#2589,#2590);
#2368=AXIS2_PLACEMENT_3D('',#3218,#2594,#2595);
#2369=AXIS2_PLACEMENT_3D('',#3224,#2599,#2600);
#2370=AXIS2_PLACEMENT_3D('',#3226,#2601,#2602);
#2371=AXIS2_PLACEMENT_3D('',#3229,#2604,#2605);
#2372=AXIS2_PLACEMENT_3D('',#3230,#2606,#2607);
#2373=AXIS2_PLACEMENT_3D('',#3236,#2611,#2612);
#2374=AXIS2_PLACEMENT_3D('',#3239,#2615,#2616);
#2375=AXIS2_PLACEMENT_3D('',#3240,#2617,#2618);
#2376=AXIS2_PLACEMENT_3D('',#3249,#2623,#2624);
#2377=AXIS2_PLACEMENT_3D('',#3251,#2625,#2626);
#2378=AXIS2_PLACEMENT_3D('',#3254,#2628,#2629);
#2379=AXIS2_PLACEMENT_3D('',#3255,#2630,#2631);
#2380=AXIS2_PLACEMENT_3D('',#3261,#2635,#2636);
#2381=AXIS2_PLACEMENT_3D('',#3267,#2640,#2641);
#2382=AXIS2_PLACEMENT_3D('',#3273,#2645,#2646);
#2383=AXIS2_PLACEMENT_3D('',#3275,#2647,#2648);
#2384=AXIS2_PLACEMENT_3D('',#3278,#2650,#2651);
#2385=AXIS2_PLACEMENT_3D('',#3279,#2652,#2653);
#2386=AXIS2_PLACEMENT_3D('',#3285,#2657,#2658);
#2387=AXIS2_PLACEMENT_3D('',#3288,#2661,#2662);
#2388=AXIS2_PLACEMENT_3D('',#3289,#2663,#2664);
#2389=AXIS2_PLACEMENT_3D('',#3298,#2669,#2670);
#2390=AXIS2_PLACEMENT_3D('',#3300,#2671,#2672);
#2391=AXIS2_PLACEMENT_3D('',#3303,#2674,#2675);
#2392=AXIS2_PLACEMENT_3D('',#3304,#2676,#2677);
#2393=AXIS2_PLACEMENT_3D('',#3310,#2681,#2682);
#2394=AXIS2_PLACEMENT_3D('',#3316,#2686,#2687);
#2395=AXIS2_PLACEMENT_3D('',#3322,#2691,#2692);
#2396=AXIS2_PLACEMENT_3D('',#3324,#2693,#2694);
#2397=AXIS2_PLACEMENT_3D('',#3327,#2696,#2697);
#2398=AXIS2_PLACEMENT_3D('',#3328,#2698,#2699);
#2399=AXIS2_PLACEMENT_3D('',#3334,#2703,#2704);
#2400=AXIS2_PLACEMENT_3D('',#3337,#2707,#2708);
#2401=AXIS2_PLACEMENT_3D('',#3338,#2709,#2710);
#2402=AXIS2_PLACEMENT_3D('',#3345,#2713,#2714);
#2403=AXIS2_PLACEMENT_3D('',#3349,#2716,#2717);
#2404=AXIS2_PLACEMENT_3D('',#3369,#2727,#2728);
#2405=AXIS2_PLACEMENT_3D('',#3373,#2730,#2731);
#2406=AXIS2_PLACEMENT_3D('',#3427,#2759,#2760);
#2407=AXIS2_PLACEMENT_3D('',#3431,#2762,#2763);
#2408=AXIS2_PLACEMENT_3D('',#3433,#2765,#2766);
#2409=AXIS2_PLACEMENT_3D('',#3437,#2769,#2770);
#2410=AXIS2_PLACEMENT_3D('',#3440,#2772,#2773);
#2411=AXIS2_PLACEMENT_3D('',#3441,#2774,#2775);
#2412=AXIS2_PLACEMENT_3D('',#3445,#2778,#2779);
#2413=AXIS2_PLACEMENT_3D('',#3449,#2781,#2782);
#2414=AXIS2_PLACEMENT_3D('',#3451,#2784,#2785);
#2415=AXIS2_PLACEMENT_3D('',#3455,#2788,#2789);
#2416=AXIS2_PLACEMENT_3D('',#3459,#2791,#2792);
#2417=AXIS2_PLACEMENT_3D('',#3461,#2794,#2795);
#2418=AXIS2_PLACEMENT_3D('',#3463,#2797,#2798);
#2419=AXIS2_PLACEMENT_3D('',#3466,#2799,#2800);
#2420=AXIS2_PLACEMENT_3D('',#3470,#2802,#2803);
#2421=AXIS2_PLACEMENT_3D('',#3472,#2805,#2806);
#2422=AXIS2_PLACEMENT_3D('',#3478,#2810,#2811);
#2423=AXIS2_PLACEMENT_3D('',#3485,#2815,#2816);
#2424=AXIS2_PLACEMENT_3D('',#3487,#2817,#2818);
#2425=AXIS2_PLACEMENT_3D('',#3489,#2819,#2820);
#2426=AXIS2_PLACEMENT_3D('',#3490,#2821,#2822);
#2427=AXIS2_PLACEMENT_3D('',#3492,#2823,#2824);
#2428=AXIS2_PLACEMENT_3D('',#3494,#2826,#2827);
#2429=AXIS2_PLACEMENT_3D('',#3501,#2831,#2832);
#2430=AXIS2_PLACEMENT_3D('',#3503,#2833,#2834);
#2431=AXIS2_PLACEMENT_3D('',#3504,#2835,#2836);
#2432=AXIS2_PLACEMENT_3D('',#3506,#2838,#2839);
#2433=AXIS2_PLACEMENT_3D('',#3509,#2840,#2841);
#2434=AXIS2_PLACEMENT_3D('',#3513,#2843,#2844);
#2435=AXIS2_PLACEMENT_3D('',#3515,#2846,#2847);
#2436=AXIS2_PLACEMENT_3D('',#3521,#2851,#2852);
#2437=AXIS2_PLACEMENT_3D('',#3528,#2856,#2857);
#2438=AXIS2_PLACEMENT_3D('',#3530,#2858,#2859);
#2439=AXIS2_PLACEMENT_3D('',#3532,#2860,#2861);
#2440=AXIS2_PLACEMENT_3D('',#3533,#2862,#2863);
#2441=AXIS2_PLACEMENT_3D('',#3536,#2865,#2866);
#2442=AXIS2_PLACEMENT_3D('',#3537,#2867,#2868);
#2443=AXIS2_PLACEMENT_3D('',#3541,#2871,#2872);
#2444=AXIS2_PLACEMENT_3D('',#3544,#2873,#2874);
#2445=AXIS2_PLACEMENT_3D('',#3548,#2876,#2877);
#2446=AXIS2_PLACEMENT_3D('',#3550,#2879,#2880);
#2447=AXIS2_PLACEMENT_3D('',#3554,#2882,#2883);
#2448=AXIS2_PLACEMENT_3D('',#3561,#2887,#2888);
#2449=AXIS2_PLACEMENT_3D('',#3563,#2889,#2890);
#2450=AXIS2_PLACEMENT_3D('',#3564,#2891,#2892);
#2451=AXIS2_PLACEMENT_3D('',#3568,#2895,#2896);
#2452=AXIS2_PLACEMENT_3D('',#3570,#2897,#2898);
#2453=AXIS2_PLACEMENT_3D('',#3572,#2900,#2901);
#2454=AXIS2_PLACEMENT_3D('',#3575,#2902,#2903);
#2455=AXIS2_PLACEMENT_3D('',#3579,#2905,#2906);
#2456=AXIS2_PLACEMENT_3D('',#3581,#2908,#2909);
#2457=AXIS2_PLACEMENT_3D('',#3587,#2913,#2914);
#2458=AXIS2_PLACEMENT_3D('',#3591,#2916,#2917);
#2459=AXIS2_PLACEMENT_3D('',#3596,#2920,#2921);
#2460=AXIS2_PLACEMENT_3D('',#3598,#2922,#2923);
#2461=AXIS2_PLACEMENT_3D('',#3599,#2924,#2925);
#2462=AXIS2_PLACEMENT_3D('',#3602,#2926,#2927);
#2463=AXIS2_PLACEMENT_3D('',#3605,#2930,#2931);
#2464=AXIS2_PLACEMENT_3D('',#3609,#2934,#2935);
#2465=AXIS2_PLACEMENT_3D('',#3612,#2937,#2938);
#2466=AXIS2_PLACEMENT_3D('',#3613,#2939,#2940);
#2467=AXIS2_PLACEMENT_3D('',#3616,#2942,#2943);
#2468=AXIS2_PLACEMENT_3D('',#3617,#2944,#2945);
#2469=AXIS2_PLACEMENT_3D('',#3620,#2947,#2948);
#2470=AXIS2_PLACEMENT_3D('',#3621,#2949,#2950);
#2471=AXIS2_PLACEMENT_3D('',#3624,#2952,#2953);
#2472=AXIS2_PLACEMENT_3D('',#3625,#2954,#2955);
#2473=AXIS2_PLACEMENT_3D('',#3627,#2957,#2958);
#2474=AXIS2_PLACEMENT_3D('',#3629,#2960,#2961);
#2475=AXIS2_PLACEMENT_3D('',#3632,#2963,#2964);
#2476=AXIS2_PLACEMENT_3D('',#3633,#2965,#2966);
#2477=AXIS2_PLACEMENT_3D('',#3636,#2968,#2969);
#2478=AXIS2_PLACEMENT_3D('',#3637,#2970,#2971);
#2479=AXIS2_PLACEMENT_3D('',#3641,#2974,#2975);
#2480=AXIS2_PLACEMENT_3D('',#3645,#2978,#2979);
#2481=AXIS2_PLACEMENT_3D('',#3649,#2982,#2983);
#2482=AXIS2_PLACEMENT_3D('',#3653,#2986,#2987);
#2483=AXIS2_PLACEMENT_3D('',#3657,#2990,#2991);
#2484=AXIS2_PLACEMENT_3D('',#3661,#2994,#2995);
#2485=AXIS2_PLACEMENT_3D('',#3665,#2998,#2999);
#2486=AXIS2_PLACEMENT_3D('',#3667,#3001,#3002);
#2487=AXIS2_PLACEMENT_3D('',#3673,#3006,#3007);
#2488=AXIS2_PLACEMENT_3D('',#3677,#3010,#3011);
#2489=AXIS2_PLACEMENT_3D('',#3679,#3013,#3014);
#2490=AXIS2_PLACEMENT_3D('',#3685,#3018,#3019);
#2491=AXIS2_PLACEMENT_3D('',#3687,#3021,#3022);
#2492=AXIS2_PLACEMENT_3D('',#3693,#3026,#3027);
#2493=AXIS2_PLACEMENT_3D('',#3695,#3029,#3030);
#2494=AXIS2_PLACEMENT_3D('',#3699,#3033,#3034);
#2495=AXIS2_PLACEMENT_3D('',#3703,#3037,#3038);
#2496=AXIS2_PLACEMENT_3D('',#3705,#3040,#3041);
#2497=AXIS2_PLACEMENT_3D('',#3709,#3044,#3045);
#2498=AXIS2_PLACEMENT_3D('',#3711,#3047,#3048);
#2499=AXIS2_PLACEMENT_3D('',#3714,#3051,#3052);
#2500=AXIS2_PLACEMENT_3D('',#3715,#3053,#3054);
#2501=AXIS2_PLACEMENT_3D('',#3717,#3056,#3057);
#2502=AXIS2_PLACEMENT_3D('',#3723,#3061,#3062);
#2503=AXIS2_PLACEMENT_3D('',#3727,#3065,#3066);
#2504=AXIS2_PLACEMENT_3D('',#3731,#3069,#3070);
#2505=AXIS2_PLACEMENT_3D('',#3733,#3072,#3073);
#2506=AXIS2_PLACEMENT_3D('',#3739,#3077,#3078);
#2507=AXIS2_PLACEMENT_3D('',#3743,#3081,#3082);
#2508=AXIS2_PLACEMENT_3D('',#3747,#3085,#3086);
#2509=AXIS2_PLACEMENT_3D('',#3749,#3088,#3089);
#2510=AXIS2_PLACEMENT_3D('',#3755,#3093,#3094);
#2511=AXIS2_PLACEMENT_3D('',#3759,#3097,#3098);
#2512=AXIS2_PLACEMENT_3D('',#3763,#3101,#3102);
#2513=AXIS2_PLACEMENT_3D('',#3765,#3104,#3105);
#2514=AXIS2_PLACEMENT_3D('',#3771,#3109,#3110);
#2515=AXIS2_PLACEMENT_3D('',#3775,#3113,#3114);
#2516=AXIS2_PLACEMENT_3D('',#3779,#3117,#3118);
#2517=AXIS2_PLACEMENT_3D('',#3781,#3120,#3121);
#2518=AXIS2_PLACEMENT_3D('',#3787,#3125,#3126);
#2519=AXIS2_PLACEMENT_3D('',#3791,#3129,#3130);
#2520=AXIS2_PLACEMENT_3D('',#3795,#3133,#3134);
#2521=AXIS2_PLACEMENT_3D('',#3797,#3136,#3137);
#2522=AXIS2_PLACEMENT_3D('',#3799,#3139,#3140);
#2523=DIRECTION('axis',(0.,0.,1.));
#2524=DIRECTION('refdir',(1.,0.,0.));
#2525=DIRECTION('center_axis',(0.,0.,-1.));
#2526=DIRECTION('ref_axis',(-0.96333746596994,-0.268292613872644,0.));
#2527=DIRECTION('center_axis',(0.,0.,-1.));
#2528=DIRECTION('ref_axis',(-0.96333746596994,-0.268292613872644,0.));
#2529=DIRECTION('',(0.,0.,-1.));
#2530=DIRECTION('center_axis',(0.,0.,-1.));
#2531=DIRECTION('ref_axis',(-0.96333746596994,-0.268292613872644,0.));
#2532=DIRECTION('',(0.,0.,-1.));
#2533=DIRECTION('center_axis',(5.75721803165199E-13,-1.,0.));
#2534=DIRECTION('ref_axis',(-1.,-5.75721803165199E-13,0.));
#2535=DIRECTION('',(-1.,-5.75721803165199E-13,0.));
#2536=DIRECTION('',(0.,0.,-1.));
#2537=DIRECTION('',(-1.,-5.75721803165199E-13,0.));
#2538=DIRECTION('center_axis',(1.,5.55515222250783E-13,0.));
#2539=DIRECTION('ref_axis',(5.55515222250783E-13,-1.,0.));
#2540=DIRECTION('',(5.55515222250783E-13,-1.,0.));
#2541=DIRECTION('',(0.,0.,-1.));
#2542=DIRECTION('',(5.55515222250783E-13,-1.,0.));
#2543=DIRECTION('center_axis',(-5.79460157743107E-13,1.,0.));
#2544=DIRECTION('ref_axis',(1.,5.79460157743107E-13,0.));
#2545=DIRECTION('',(1.,5.79460157743107E-13,0.));
#2546=DIRECTION('',(0.,0.,-1.));
#2547=DIRECTION('',(1.,5.79460157743107E-13,0.));
#2548=DIRECTION('center_axis',(0.,0.,-1.));
#2549=DIRECTION('ref_axis',(0.963337426493945,0.268292755615994,0.));
#2550=DIRECTION('center_axis',(0.,0.,-1.));
#2551=DIRECTION('ref_axis',(0.963337426493945,0.268292755615994,0.));
#2552=DIRECTION('',(0.,0.,-1.));
#2553=DIRECTION('center_axis',(0.,0.,-1.));
#2554=DIRECTION('ref_axis',(0.963337426493945,0.268292755615994,0.));
#2555=DIRECTION('center_axis',(3.73845263060055E-15,1.,0.));
#2556=DIRECTION('ref_axis',(1.,-3.73845263060055E-15,0.));
#2557=DIRECTION('',(1.,-3.73845263060055E-15,0.));
#2558=DIRECTION('',(0.,0.,-1.));
#2559=DIRECTION('',(1.,-3.73845263060055E-15,0.));
#2560=DIRECTION('center_axis',(-1.,6.45947941599992E-15,0.));
#2561=DIRECTION('ref_axis',(6.45947941599992E-15,1.,0.));
#2562=DIRECTION('',(6.45947941599992E-15,1.,0.));
#2563=DIRECTION('',(0.,0.,-1.));
#2564=DIRECTION('',(6.45947941599992E-15,1.,0.));
#2565=DIRECTION('center_axis',(0.,-1.,0.));
#2566=DIRECTION('ref_axis',(-1.,0.,0.));
#2567=DIRECTION('',(-1.,0.,0.));
#2568=DIRECTION('',(-1.,0.,0.));
#2569=DIRECTION('center_axis',(0.,0.,1.));
#2570=DIRECTION('ref_axis',(-1.,0.,0.));
#2571=DIRECTION('center_axis',(0.,1.,0.));
#2572=DIRECTION('ref_axis',(1.,0.,0.));
#2573=DIRECTION('',(1.,0.,0.));
#2574=DIRECTION('',(0.,0.,-1.));
#2575=DIRECTION('',(1.,0.,0.));
#2576=DIRECTION('',(0.,0.,-1.));
#2577=DIRECTION('center_axis',(0.,0.,-1.));
#2578=DIRECTION('ref_axis',(0.963337426494093,0.268292755615461,0.));
#2579=DIRECTION('center_axis',(0.,0.,-1.));
#2580=DIRECTION('ref_axis',(0.963337426494093,0.268292755615461,0.));
#2581=DIRECTION('',(0.,0.,-1.));
#2582=DIRECTION('center_axis',(0.,0.,-1.));
#2583=DIRECTION('ref_axis',(0.963337426494093,0.268292755615461,0.));
#2584=DIRECTION('center_axis',(5.83198610373708E-13,1.,0.));
#2585=DIRECTION('ref_axis',(1.,-5.83198610373708E-13,0.));
#2586=DIRECTION('',(1.,-5.83198610373708E-13,0.));
#2587=DIRECTION('',(0.,0.,-1.));
#2588=DIRECTION('',(1.,-5.83198610373708E-13,0.));
#2589=DIRECTION('center_axis',(-1.,5.94272106272045E-13,0.));
#2590=DIRECTION('ref_axis',(5.94272106272045E-13,1.,0.));
#2591=DIRECTION('',(5.94272106272045E-13,1.,0.));
#2592=DIRECTION('',(0.,0.,-1.));
#2593=DIRECTION('',(5.94272106272045E-13,1.,0.));
#2594=DIRECTION('center_axis',(-5.79460256432505E-13,-1.,0.));
#2595=DIRECTION('ref_axis',(-1.,5.79460256432505E-13,0.));
#2596=DIRECTION('',(-1.,5.79460256432505E-13,0.));
#2597=DIRECTION('',(0.,0.,-1.));
#2598=DIRECTION('',(-1.,5.79460256432505E-13,0.));
#2599=DIRECTION('center_axis',(0.,0.,-1.));
#2600=DIRECTION('ref_axis',(-0.963337465970088,-0.268292613872109,0.));
#2601=DIRECTION('center_axis',(0.,0.,-1.));
#2602=DIRECTION('ref_axis',(-0.963337465970088,-0.268292613872109,0.));
#2603=DIRECTION('',(0.,0.,-1.));
#2604=DIRECTION('center_axis',(0.,0.,-1.));
#2605=DIRECTION('ref_axis',(-0.963337465970088,-0.268292613872109,0.));
#2606=DIRECTION('center_axis',(-3.73845326730654E-15,-1.,0.));
#2607=DIRECTION('ref_axis',(-1.,3.73845326730654E-15,0.));
#2608=DIRECTION('',(-1.,3.73845326730654E-15,0.));
#2609=DIRECTION('',(0.,0.,-1.));
#2610=DIRECTION('',(-1.,3.73845326730654E-15,0.));
#2611=DIRECTION('center_axis',(1.,0.,0.));
#2612=DIRECTION('ref_axis',(0.,-1.,0.));
#2613=DIRECTION('',(0.,-1.,0.));
#2614=DIRECTION('',(0.,-1.,0.));
#2615=DIRECTION('center_axis',(0.,0.,1.));
#2616=DIRECTION('ref_axis',(-1.,0.,0.));
#2617=DIRECTION('center_axis',(3.73845263060055E-15,-1.,0.));
#2618=DIRECTION('ref_axis',(-1.,-3.73845263060055E-15,0.));
#2619=DIRECTION('',(-1.,-3.73845263060055E-15,0.));
#2620=DIRECTION('',(0.,0.,-1.));
#2621=DIRECTION('',(-1.,-3.73845263060055E-15,0.));
#2622=DIRECTION('',(0.,0.,-1.));
#2623=DIRECTION('center_axis',(0.,0.,-1.));
#2624=DIRECTION('ref_axis',(-0.963337426494092,-0.268292755615464,0.));
#2625=DIRECTION('center_axis',(0.,0.,-1.));
#2626=DIRECTION('ref_axis',(-0.963337426494092,-0.268292755615464,0.));
#2627=DIRECTION('',(0.,0.,-1.));
#2628=DIRECTION('center_axis',(0.,0.,-1.));
#2629=DIRECTION('ref_axis',(-0.963337426494092,-0.268292755615464,0.));
#2630=DIRECTION('center_axis',(-5.79460157743107E-13,-1.,0.));
#2631=DIRECTION('ref_axis',(-1.,5.79460157743107E-13,0.));
#2632=DIRECTION('',(-1.,5.79460157743107E-13,0.));
#2633=DIRECTION('',(0.,0.,-1.));
#2634=DIRECTION('',(-1.,5.79460157743107E-13,0.));
#2635=DIRECTION('center_axis',(1.,-5.94272106272045E-13,0.));
#2636=DIRECTION('ref_axis',(-5.94272106272045E-13,-1.,0.));
#2637=DIRECTION('',(-5.94272106272045E-13,-1.,0.));
#2638=DIRECTION('',(0.,0.,-1.));
#2639=DIRECTION('',(-5.94272106272045E-13,-1.,0.));
#2640=DIRECTION('center_axis',(5.75721803165199E-13,1.,0.));
#2641=DIRECTION('ref_axis',(1.,-5.75721803165199E-13,0.));
#2642=DIRECTION('',(1.,-5.75721803165199E-13,0.));
#2643=DIRECTION('',(0.,0.,-1.));
#2644=DIRECTION('',(1.,-5.75721803165199E-13,0.));
#2645=DIRECTION('center_axis',(0.,0.,-1.));
#2646=DIRECTION('ref_axis',(0.963337465970088,0.268292613872111,0.));
#2647=DIRECTION('center_axis',(0.,0.,-1.));
#2648=DIRECTION('ref_axis',(0.963337465970088,0.268292613872111,0.));
#2649=DIRECTION('',(0.,0.,-1.));
#2650=DIRECTION('center_axis',(0.,0.,-1.));
#2651=DIRECTION('ref_axis',(0.963337465970088,0.268292613872111,0.));
#2652=DIRECTION('center_axis',(0.,1.,0.));
#2653=DIRECTION('ref_axis',(1.,0.,0.));
#2654=DIRECTION('',(1.,0.,0.));
#2655=DIRECTION('',(0.,0.,-1.));
#2656=DIRECTION('',(1.,0.,0.));
#2657=DIRECTION('center_axis',(-1.,0.,0.));
#2658=DIRECTION('ref_axis',(0.,1.,0.));
#2659=DIRECTION('',(0.,1.,0.));
#2660=DIRECTION('',(0.,1.,0.));
#2661=DIRECTION('center_axis',(0.,0.,1.));
#2662=DIRECTION('ref_axis',(-1.,0.,0.));
#2663=DIRECTION('center_axis',(3.73845326730654E-15,1.,0.));
#2664=DIRECTION('ref_axis',(1.,-3.73845326730654E-15,0.));
#2665=DIRECTION('',(1.,-3.73845326730654E-15,0.));
#2666=DIRECTION('',(0.,0.,-1.));
#2667=DIRECTION('',(1.,-3.73845326730654E-15,0.));
#2668=DIRECTION('',(0.,0.,-1.));
#2669=DIRECTION('center_axis',(0.,0.,-1.));
#2670=DIRECTION('ref_axis',(0.96333746596994,0.268292613872641,0.));
#2671=DIRECTION('center_axis',(0.,0.,-1.));
#2672=DIRECTION('ref_axis',(0.96333746596994,0.268292613872641,0.));
#2673=DIRECTION('',(0.,0.,-1.));
#2674=DIRECTION('center_axis',(0.,0.,-1.));
#2675=DIRECTION('ref_axis',(0.96333746596994,0.268292613872641,0.));
#2676=DIRECTION('center_axis',(-5.71983349897892E-13,1.,0.));
#2677=DIRECTION('ref_axis',(1.,5.71983349897892E-13,0.));
#2678=DIRECTION('',(1.,5.71983349897892E-13,0.));
#2679=DIRECTION('',(0.,0.,-1.));
#2680=DIRECTION('',(1.,5.71983349897892E-13,0.));
#2681=DIRECTION('center_axis',(-1.,-5.42596263593788E-13,0.));
#2682=DIRECTION('ref_axis',(-5.42596263593788E-13,1.,0.));
#2683=DIRECTION('',(-5.42596263593788E-13,1.,0.));
#2684=DIRECTION('',(0.,0.,-1.));
#2685=DIRECTION('',(-5.42596263593788E-13,1.,0.));
#2686=DIRECTION('center_axis',(5.75721705112506E-13,-1.,0.));
#2687=DIRECTION('ref_axis',(-1.,-5.75721705112506E-13,0.));
#2688=DIRECTION('',(-1.,-5.75721705112506E-13,0.));
#2689=DIRECTION('',(0.,0.,-1.));
#2690=DIRECTION('',(-1.,-5.75721705112506E-13,0.));
#2691=DIRECTION('center_axis',(0.,0.,-1.));
#2692=DIRECTION('ref_axis',(-0.963337426493945,-0.268292755615992,0.));
#2693=DIRECTION('center_axis',(0.,0.,-1.));
#2694=DIRECTION('ref_axis',(-0.963337426493945,-0.268292755615992,0.));
#2695=DIRECTION('',(0.,0.,-1.));
#2696=DIRECTION('center_axis',(0.,0.,-1.));
#2697=DIRECTION('ref_axis',(-0.963337426493945,-0.268292755615992,0.));
#2698=DIRECTION('center_axis',(-7.4769052612011E-15,-1.,0.));
#2699=DIRECTION('ref_axis',(-1.,7.4769052612011E-15,0.));
#2700=DIRECTION('',(-1.,7.4769052612011E-15,0.));
#2701=DIRECTION('',(0.,0.,-1.));
#2702=DIRECTION('',(-1.,7.4769052612011E-15,0.));
#2703=DIRECTION('center_axis',(1.,-1.29189588319998E-14,0.));
#2704=DIRECTION('ref_axis',(-1.29189588319998E-14,-1.,0.));
#2705=DIRECTION('',(-1.29189588319998E-14,-1.,0.));
#2706=DIRECTION('',(-1.29189588319998E-14,-1.,0.));
#2707=DIRECTION('center_axis',(0.,0.,1.));
#2708=DIRECTION('ref_axis',(-1.,0.,0.));
#2709=DIRECTION('center_axis',(0.,0.,1.));
#2710=DIRECTION('ref_axis',(1.,0.,0.));
#2711=DIRECTION('',(-0.707106781186548,0.707106781186548,0.));
#2712=DIRECTION('',(9.84131212964128E-16,1.,0.));
#2713=DIRECTION('center_axis',(0.,0.,1.));
#2714=DIRECTION('ref_axis',(0.707106781186534,0.707106781186561,0.));
#2715=DIRECTION('',(-1.,-4.15776098654385E-14,0.));
#2716=DIRECTION('center_axis',(0.,0.,1.));
#2717=DIRECTION('ref_axis',(-0.707106781186563,0.707106781186532,0.));
#2718=DIRECTION('',(6.88891849074889E-16,-1.,0.));
#2719=DIRECTION('',(-0.707106781186547,-0.707106781186548,0.));
#2720=DIRECTION('',(-1.,0.,0.));
#2721=DIRECTION('',(-0.707106781186548,0.707106781186548,0.));
#2722=DIRECTION('',(4.92065606482064E-17,1.,0.));
#2723=DIRECTION('',(0.707106781186548,0.707106781186548,0.));
#2724=DIRECTION('',(1.,-8.35932630306003E-16,0.));
#2725=DIRECTION('',(0.707106781186548,-0.707106781186547,0.));
#2726=DIRECTION('',(6.88891849074889E-16,-1.,0.));
#2727=DIRECTION('center_axis',(0.,0.,1.));
#2728=DIRECTION('ref_axis',(-0.707106781188017,-0.707106781185078,0.));
#2729=DIRECTION('',(1.,-4.15667500418973E-12,0.));
#2730=DIRECTION('center_axis',(0.,0.,1.));
#2731=DIRECTION('ref_axis',(0.707106781185078,-0.707106781188017,0.));
#2732=DIRECTION('',(9.84131212964128E-16,1.,0.));
#2733=DIRECTION('',(0.707106781186548,0.707106781186547,0.));
#2734=DIRECTION('',(1.,4.17966315153001E-16,0.));
#2735=DIRECTION('',(0.707106781186548,-0.707106781186548,0.));
#2736=DIRECTION('',(0.,-1.,0.));
#2737=DIRECTION('',(-0.707106781186548,-0.707106781186548,0.));
#2738=DIRECTION('',(-1.,8.35932630305999E-16,0.));
#2739=DIRECTION('',(-1.,0.,0.));
#2740=DIRECTION('',(-8.88178419700144E-17,-1.,0.));
#2741=DIRECTION('',(1.,0.,0.));
#2742=DIRECTION('',(0.,1.,0.));
#2743=DIRECTION('',(-1.,0.,0.));
#2744=DIRECTION('',(-8.88178419700144E-17,-1.,0.));
#2745=DIRECTION('',(1.,0.,0.));
#2746=DIRECTION('',(0.,1.,0.));
#2747=DIRECTION('',(-1.,0.,0.));
#2748=DIRECTION('',(-8.88178419700144E-17,-1.,0.));
#2749=DIRECTION('',(1.,0.,0.));
#2750=DIRECTION('',(0.,1.,0.));
#2751=DIRECTION('',(-1.,0.,0.));
#2752=DIRECTION('',(-8.88178419700144E-17,-1.,0.));
#2753=DIRECTION('',(1.,0.,0.));
#2754=DIRECTION('',(0.,1.,0.));
#2755=DIRECTION('',(-1.,0.,0.));
#2756=DIRECTION('',(-8.88178419700144E-17,-1.,0.));
#2757=DIRECTION('',(1.,0.,0.));
#2758=DIRECTION('',(0.,1.,0.));
#2759=DIRECTION('center_axis',(0.,0.,1.));
#2760=DIRECTION('ref_axis',(0.707106781185078,-0.707106781188017,0.));
#2761=DIRECTION('',(0.,0.,1.));
#2762=DIRECTION('center_axis',(0.,0.,1.));
#2763=DIRECTION('ref_axis',(0.707106781185078,-0.707106781188017,0.));
#2764=DIRECTION('',(0.,0.,-1.));
#2765=DIRECTION('center_axis',(4.15667500418973E-12,1.,0.));
#2766=DIRECTION('ref_axis',(-1.,4.15667500418973E-12,0.));
#2767=DIRECTION('',(0.,0.,-1.));
#2768=DIRECTION('',(-1.,4.15667500418973E-12,0.));
#2769=DIRECTION('center_axis',(0.,0.,1.));
#2770=DIRECTION('ref_axis',(-0.707106781188017,-0.707106781185078,0.));
#2771=DIRECTION('',(0.,0.,1.));
#2772=DIRECTION('center_axis',(0.,0.,1.));
#2773=DIRECTION('ref_axis',(-0.707106781188017,-0.707106781185078,0.));
#2774=DIRECTION('center_axis',(1.,6.88891849074889E-16,0.));
#2775=DIRECTION('ref_axis',(-6.88891849074889E-16,1.,0.));
#2776=DIRECTION('',(0.,0.,-1.));
#2777=DIRECTION('',(-6.88891849074889E-16,1.,0.));
#2778=DIRECTION('center_axis',(0.,0.,1.));
#2779=DIRECTION('ref_axis',(0.707106781186534,0.707106781186561,0.));
#2780=DIRECTION('',(0.,0.,-1.));
#2781=DIRECTION('center_axis',(0.,0.,1.));
#2782=DIRECTION('ref_axis',(0.707106781186534,0.707106781186561,0.));
#2783=DIRECTION('',(0.,0.,-1.));
#2784=DIRECTION('center_axis',(-1.,9.84131212964128E-16,0.));
#2785=DIRECTION('ref_axis',(-9.84131212964128E-16,-1.,0.));
#2786=DIRECTION('',(0.,0.,-1.));
#2787=DIRECTION('',(-9.84131212964128E-16,-1.,0.));
#2788=DIRECTION('center_axis',(0.,0.,1.));
#2789=DIRECTION('ref_axis',(-0.707106781186563,0.707106781186532,0.));
#2790=DIRECTION('',(0.,0.,-1.));
#2791=DIRECTION('center_axis',(0.,0.,1.));
#2792=DIRECTION('ref_axis',(-0.707106781186563,0.707106781186532,0.));
#2793=DIRECTION('',(0.,0.,-1.));
#2794=DIRECTION('center_axis',(4.15776098654385E-14,-1.,0.));
#2795=DIRECTION('ref_axis',(1.,4.15776098654385E-14,0.));
#2796=DIRECTION('',(1.,4.15776098654385E-14,0.));
#2797=DIRECTION('center_axis',(0.,1.,0.));
#2798=DIRECTION('ref_axis',(0.707106781186547,0.,0.707106781186547));
#2799=DIRECTION('center_axis',(-1.06581410364015E-14,-1.,0.));
#2800=DIRECTION('ref_axis',(0.707106781186547,0.,0.707106781186547));
#2801=DIRECTION('',(0.,-1.,0.));
#2802=DIRECTION('center_axis',(0.,1.,0.));
#2803=DIRECTION('ref_axis',(0.707106781186547,0.,0.707106781186547));
#2804=DIRECTION('',(0.,1.,0.));
#2805=DIRECTION('center_axis',(0.,0.,1.));
#2806=DIRECTION('ref_axis',(1.,0.,0.));
#2807=DIRECTION('',(-1.,1.06581410364015E-14,0.));
#2808=DIRECTION('',(0.,1.,0.));
#2809=DIRECTION('',(1.,0.,0.));
#2810=DIRECTION('center_axis',(1.06581410364015E-14,1.,0.));
#2811=DIRECTION('ref_axis',(-1.,1.06581410364015E-14,0.));
#2812=DIRECTION('',(0.,0.,1.));
#2813=DIRECTION('',(1.,-1.06581410364015E-14,0.));
#2814=DIRECTION('',(0.,0.,1.));
#2815=DIRECTION('center_axis',(-1.06581410364015E-14,-1.,0.));
#2816=DIRECTION('ref_axis',(-0.707106781186547,0.,0.707106781186547));
#2817=DIRECTION('center_axis',(-1.06581410364015E-14,-1.,0.));
#2818=DIRECTION('ref_axis',(1.,8.3155219730877E-14,0.));
#2819=DIRECTION('center_axis',(-1.06581410364015E-14,-1.,0.));
#2820=DIRECTION('ref_axis',(1.,8.3155219730877E-14,0.));
#2821=DIRECTION('center_axis',(0.,-1.,0.));
#2822=DIRECTION('ref_axis',(-0.707106781186547,0.,0.707106781186547));
#2823=DIRECTION('center_axis',(0.,1.,0.));
#2824=DIRECTION('ref_axis',(-0.707106781186547,0.,0.707106781186547));
#2825=DIRECTION('',(0.,-1.,0.));
#2826=DIRECTION('center_axis',(0.,-1.,0.));
#2827=DIRECTION('ref_axis',(1.,0.,0.));
#2828=DIRECTION('',(0.,0.,1.));
#2829=DIRECTION('',(-1.,0.,0.));
#2830=DIRECTION('',(0.,0.,1.));
#2831=DIRECTION('center_axis',(0.,1.,0.));
#2832=DIRECTION('ref_axis',(1.,8.3155219730877E-14,0.));
#2833=DIRECTION('center_axis',(0.,1.,0.));
#2834=DIRECTION('ref_axis',(1.,8.3155219730877E-14,0.));
#2835=DIRECTION('center_axis',(-1.,0.,0.));
#2836=DIRECTION('ref_axis',(0.,-1.,0.));
#2837=DIRECTION('',(0.,1.,0.));
#2838=DIRECTION('center_axis',(0.,1.,0.));
#2839=DIRECTION('ref_axis',(-0.707106781186547,0.,0.707106781186547));
#2840=DIRECTION('center_axis',(0.,-1.,0.));
#2841=DIRECTION('ref_axis',(-0.707106781186547,0.,0.707106781186547));
#2842=DIRECTION('',(0.,-1.,0.));
#2843=DIRECTION('center_axis',(-1.06581410364015E-14,1.,0.));
#2844=DIRECTION('ref_axis',(-0.707106781186547,0.,0.707106781186547));
#2845=DIRECTION('',(0.,1.,0.));
#2846=DIRECTION('center_axis',(0.,0.,-1.));
#2847=DIRECTION('ref_axis',(1.,0.,0.));
#2848=DIRECTION('',(-1.,-1.06581410364015E-14,0.));
#2849=DIRECTION('',(0.,-1.,0.));
#2850=DIRECTION('',(1.,0.,0.));
#2851=DIRECTION('center_axis',(-1.06581410364015E-14,1.,0.));
#2852=DIRECTION('ref_axis',(-1.,-1.06581410364015E-14,0.));
#2853=DIRECTION('',(0.,0.,1.));
#2854=DIRECTION('',(-1.,-1.06581410364015E-14,0.));
#2855=DIRECTION('',(0.,0.,1.));
#2856=DIRECTION('center_axis',(-1.06581410364015E-14,1.,0.));
#2857=DIRECTION('ref_axis',(0.707106781186547,0.,0.707106781186547));
#2858=DIRECTION('center_axis',(-1.06581410364015E-14,1.,0.));
#2859=DIRECTION('ref_axis',(1.,0.,0.));
#2860=DIRECTION('center_axis',(-1.06581410364015E-14,1.,0.));
#2861=DIRECTION('ref_axis',(1.,0.,0.));
#2862=DIRECTION('center_axis',(0.,-1.,0.));
#2863=DIRECTION('ref_axis',(0.707106781186547,0.,0.707106781186547));
#2864=DIRECTION('',(0.,1.,0.));
#2865=DIRECTION('center_axis',(0.,-1.,0.));
#2866=DIRECTION('ref_axis',(0.707106781186547,0.,0.707106781186547));
#2867=DIRECTION('center_axis',(-1.,0.,0.));
#2868=DIRECTION('ref_axis',(0.,-1.,0.));
#2869=DIRECTION('',(0.,-1.,0.));
#2870=DIRECTION('',(0.,0.,1.));
#2871=DIRECTION('center_axis',(0.,1.,0.));
#2872=DIRECTION('ref_axis',(0.707106781186547,0.,0.707106781186547));
#2873=DIRECTION('center_axis',(0.,-1.,0.));
#2874=DIRECTION('ref_axis',(0.707106781186547,0.,0.707106781186547));
#2875=DIRECTION('',(0.,-1.,0.));
#2876=DIRECTION('center_axis',(1.06581410364015E-14,1.,0.));
#2877=DIRECTION('ref_axis',(0.707106781186547,0.,0.707106781186547));
#2878=DIRECTION('',(0.,1.,0.));
#2879=DIRECTION('center_axis',(-1.06581410364015E-14,-1.,0.));
#2880=DIRECTION('ref_axis',(1.,-1.06581410364015E-14,0.));
#2881=DIRECTION('',(1.,-1.06581410364015E-14,0.));
#2882=DIRECTION('center_axis',(1.06581410364015E-14,1.,0.));
#2883=DIRECTION('ref_axis',(-0.707106781186547,0.,0.707106781186547));
#2884=DIRECTION('',(0.,0.,1.));
#2885=DIRECTION('',(-1.,1.06581410364015E-14,0.));
#2886=DIRECTION('',(0.,0.,1.));
#2887=DIRECTION('center_axis',(1.06581410364015E-14,1.,0.));
#2888=DIRECTION('ref_axis',(-1.,0.,0.));
#2889=DIRECTION('center_axis',(1.06581410364015E-14,1.,0.));
#2890=DIRECTION('ref_axis',(-1.,0.,0.));
#2891=DIRECTION('center_axis',(0.,0.,1.));
#2892=DIRECTION('ref_axis',(-1.,0.,0.));
#2893=DIRECTION('',(-1.,0.,0.));
#2894=DIRECTION('',(0.,1.,0.));
#2895=DIRECTION('center_axis',(0.,-1.,0.));
#2896=DIRECTION('ref_axis',(-0.707106781186547,0.,0.707106781186547));
#2897=DIRECTION('center_axis',(0.,-1.,0.));
#2898=DIRECTION('ref_axis',(-0.707106781186547,0.,0.707106781186547));
#2899=DIRECTION('',(0.,-1.,0.));
#2900=DIRECTION('center_axis',(0.,1.,0.));
#2901=DIRECTION('ref_axis',(-0.707106781186547,0.,0.707106781186547));
#2902=DIRECTION('center_axis',(1.06581410364015E-14,-1.,0.));
#2903=DIRECTION('ref_axis',(-0.707106781186547,0.,0.707106781186547));
#2904=DIRECTION('',(0.,-1.,0.));
#2905=DIRECTION('center_axis',(0.,1.,0.));
#2906=DIRECTION('ref_axis',(-0.707106781186547,0.,0.707106781186547));
#2907=DIRECTION('',(0.,1.,0.));
#2908=DIRECTION('center_axis',(1.,0.,0.));
#2909=DIRECTION('ref_axis',(0.,1.,0.));
#2910=DIRECTION('',(0.,0.,1.));
#2911=DIRECTION('',(0.,1.,0.));
#2912=DIRECTION('',(0.,0.,1.));
#2913=DIRECTION('center_axis',(1.06581410364015E-14,-1.,0.));
#2914=DIRECTION('ref_axis',(1.,1.06581410364015E-14,0.));
#2915=DIRECTION('',(1.,1.06581410364015E-14,0.));
#2916=DIRECTION('center_axis',(1.06581410364015E-14,-1.,0.));
#2917=DIRECTION('ref_axis',(0.707106781186547,0.,0.707106781186547));
#2918=DIRECTION('',(0.,0.,1.));
#2919=DIRECTION('',(1.,1.06581410364015E-14,0.));
#2920=DIRECTION('center_axis',(1.06581410364015E-14,-1.,0.));
#2921=DIRECTION('ref_axis',(-1.,8.3155219730877E-14,0.));
#2922=DIRECTION('center_axis',(1.06581410364015E-14,-1.,0.));
#2923=DIRECTION('ref_axis',(-1.,8.3155219730877E-14,0.));
#2924=DIRECTION('center_axis',(0.,-1.,0.));
#2925=DIRECTION('ref_axis',(0.707106781186547,0.,0.707106781186547));
#2926=DIRECTION('center_axis',(0.,1.,0.));
#2927=DIRECTION('ref_axis',(0.707106781186547,0.,0.707106781186547));
#2928=DIRECTION('',(0.,1.,0.));
#2929=DIRECTION('',(0.,-1.,0.));
#2930=DIRECTION('center_axis',(-1.,0.,0.));
#2931=DIRECTION('ref_axis',(0.,-1.,0.));
#2932=DIRECTION('',(0.,0.,1.));
#2933=DIRECTION('',(0.,-1.,0.));
#2934=DIRECTION('center_axis',(-8.3155219730877E-14,-1.,0.));
#2935=DIRECTION('ref_axis',(-1.,8.3155219730877E-14,0.));
#2936=DIRECTION('',(-8.3155219730877E-14,-1.,0.));
#2937=DIRECTION('center_axis',(0.,1.,0.));
#2938=DIRECTION('ref_axis',(-1.,8.3155219730877E-14,0.));
#2939=DIRECTION('center_axis',(-8.3155219730877E-14,-1.,0.));
#2940=DIRECTION('ref_axis',(-1.,8.3155219730877E-14,0.));
#2941=DIRECTION('',(-8.3155219730877E-14,-1.,0.));
#2942=DIRECTION('center_axis',(0.,1.,0.));
#2943=DIRECTION('ref_axis',(-1.,8.3155219730877E-14,0.));
#2944=DIRECTION('center_axis',(0.,-1.,0.));
#2945=DIRECTION('ref_axis',(-1.,0.,0.));
#2946=DIRECTION('',(0.,1.,0.));
#2947=DIRECTION('center_axis',(0.,-1.,0.));
#2948=DIRECTION('ref_axis',(-1.,0.,0.));
#2949=DIRECTION('center_axis',(0.,-1.,0.));
#2950=DIRECTION('ref_axis',(-1.,0.,0.));
#2951=DIRECTION('',(0.,1.,0.));
#2952=DIRECTION('center_axis',(0.,-1.,0.));
#2953=DIRECTION('ref_axis',(-1.,0.,0.));
#2954=DIRECTION('center_axis',(-8.3155219730877E-14,1.,0.));
#2955=DIRECTION('ref_axis',(1.,8.3155219730877E-14,0.));
#2956=DIRECTION('',(8.3155219730877E-14,-1.,0.));
#2957=DIRECTION('center_axis',(-8.3155219730877E-14,1.,0.));
#2958=DIRECTION('ref_axis',(1.,8.3155219730877E-14,0.));
#2959=DIRECTION('',(8.3155219730877E-14,-1.,0.));
#2960=DIRECTION('center_axis',(0.,1.,0.));
#2961=DIRECTION('ref_axis',(1.,0.,0.));
#2962=DIRECTION('',(0.,1.,0.));
#2963=DIRECTION('center_axis',(0.,-1.,0.));
#2964=DIRECTION('ref_axis',(1.,0.,0.));
#2965=DIRECTION('center_axis',(0.,1.,0.));
#2966=DIRECTION('ref_axis',(1.,0.,0.));
#2967=DIRECTION('',(0.,1.,0.));
#2968=DIRECTION('center_axis',(0.,-1.,0.));
#2969=DIRECTION('ref_axis',(1.,0.,0.));
#2970=DIRECTION('center_axis',(-0.707106781186548,-0.707106781186548,0.));
#2971=DIRECTION('ref_axis',(0.,0.,1.));
#2972=DIRECTION('',(-0.707106781186548,0.707106781186548,0.));
#2973=DIRECTION('',(0.,0.,-1.));
#2974=DIRECTION('center_axis',(-8.35932630306E-16,-1.,0.));
#2975=DIRECTION('ref_axis',(1.,-8.35932630305999E-16,0.));
#2976=DIRECTION('',(0.,0.,-1.));
#2977=DIRECTION('',(1.,-8.35932630305999E-16,0.));
#2978=DIRECTION('center_axis',(0.707106781186548,-0.707106781186548,0.));
#2979=DIRECTION('ref_axis',(0.,0.,-1.));
#2980=DIRECTION('',(-0.707106781186548,-0.707106781186548,0.));
#2981=DIRECTION('',(0.,0.,-1.));
#2982=DIRECTION('center_axis',(1.,0.,0.));
#2983=DIRECTION('ref_axis',(0.,1.,0.));
#2984=DIRECTION('',(0.,0.,-1.));
#2985=DIRECTION('',(0.,1.,0.));
#2986=DIRECTION('center_axis',(0.707106781186548,0.707106781186548,0.));
#2987=DIRECTION('ref_axis',(0.,0.,-1.));
#2988=DIRECTION('',(0.707106781186548,-0.707106781186548,0.));
#2989=DIRECTION('',(0.,0.,-1.));
#2990=DIRECTION('center_axis',(-4.17966315153001E-16,1.,0.));
#2991=DIRECTION('ref_axis',(-1.,-4.17966315153001E-16,0.));
#2992=DIRECTION('',(0.,0.,-1.));
#2993=DIRECTION('',(-1.,-4.17966315153001E-16,0.));
#2994=DIRECTION('center_axis',(-0.707106781186547,0.707106781186548,0.));
#2995=DIRECTION('ref_axis',(0.,0.,1.));
#2996=DIRECTION('',(0.707106781186548,0.707106781186547,0.));
#2997=DIRECTION('',(0.,0.,-1.));
#2998=DIRECTION('center_axis',(-1.,9.84131212964128E-16,0.));
#2999=DIRECTION('ref_axis',(-9.84131212964128E-16,-1.,0.));
#3000=DIRECTION('',(-9.84131212964128E-16,-1.,0.));
#3001=DIRECTION('center_axis',(-0.707106781186548,0.707106781186548,0.));
#3002=DIRECTION('ref_axis',(0.,0.,1.));
#3003=DIRECTION('',(0.707106781186548,0.707106781186548,0.));
#3004=DIRECTION('',(0.,0.,-1.));
#3005=DIRECTION('',(0.,0.,1.));
#3006=DIRECTION('center_axis',(8.35932630306003E-16,1.,0.));
#3007=DIRECTION('ref_axis',(-1.,8.35932630306003E-16,0.));
#3008=DIRECTION('',(-1.,8.35932630306003E-16,0.));
#3009=DIRECTION('',(0.,0.,1.));
#3010=DIRECTION('center_axis',(0.707106781186547,0.707106781186548,0.));
#3011=DIRECTION('ref_axis',(0.,0.,-1.));
#3012=DIRECTION('',(0.707106781186548,-0.707106781186547,0.));
#3013=DIRECTION('center_axis',(0.707106781186548,-0.707106781186547,0.));
#3014=DIRECTION('ref_axis',(0.,0.,-1.));
#3015=DIRECTION('',(-0.707106781186547,-0.707106781186548,0.));
#3016=DIRECTION('',(0.,0.,-1.));
#3017=DIRECTION('',(0.,0.,1.));
#3018=DIRECTION('center_axis',(1.,6.88891849074889E-16,0.));
#3019=DIRECTION('ref_axis',(-6.88891849074889E-16,1.,0.));
#3020=DIRECTION('',(-6.88891849074889E-16,1.,0.));
#3021=DIRECTION('center_axis',(-0.707106781186548,-0.707106781186548,0.));
#3022=DIRECTION('ref_axis',(0.,0.,1.));
#3023=DIRECTION('',(-0.707106781186548,0.707106781186548,0.));
#3024=DIRECTION('',(0.,0.,-1.));
#3025=DIRECTION('',(0.,0.,1.));
#3026=DIRECTION('center_axis',(-1.,4.92065606482064E-17,0.));
#3027=DIRECTION('ref_axis',(-4.92065606482064E-17,-1.,0.));
#3028=DIRECTION('',(-4.92065606482064E-17,-1.,0.));
#3029=DIRECTION('center_axis',(1.,0.,0.));
#3030=DIRECTION('ref_axis',(0.,1.,0.));
#3031=DIRECTION('',(0.,-1.,0.));
#3032=DIRECTION('',(0.,0.,1.));
#3033=DIRECTION('center_axis',(-1.,0.,0.));
#3034=DIRECTION('ref_axis',(0.,-1.,0.));
#3035=DIRECTION('',(0.,0.,1.));
#3036=DIRECTION('',(0.,1.,0.));
#3037=DIRECTION('center_axis',(0.,1.,0.));
#3038=DIRECTION('ref_axis',(-1.,0.,0.));
#3039=DIRECTION('',(1.,0.,0.));
#3040=DIRECTION('center_axis',(1.,0.,0.));
#3041=DIRECTION('ref_axis',(0.,1.,0.));
#3042=DIRECTION('',(0.,0.,1.));
#3043=DIRECTION('',(0.,1.,0.));
#3044=DIRECTION('center_axis',(0.,-1.,0.));
#3045=DIRECTION('ref_axis',(1.,0.,0.));
#3046=DIRECTION('',(1.,0.,0.));
#3047=DIRECTION('center_axis',(0.,1.,0.));
#3048=DIRECTION('ref_axis',(-1.,0.,0.));
#3049=DIRECTION('',(-1.,0.,0.));
#3050=DIRECTION('',(-1.,0.,0.));
#3051=DIRECTION('center_axis',(0.,0.,-1.));
#3052=DIRECTION('ref_axis',(-1.,0.,0.));
#3053=DIRECTION('center_axis',(1.,0.,0.));
#3054=DIRECTION('ref_axis',(0.,1.,0.));
#3055=DIRECTION('',(0.,-1.,0.));
#3056=DIRECTION('center_axis',(0.,-1.,0.));
#3057=DIRECTION('ref_axis',(-1.,0.,0.));
#3058=DIRECTION('',(0.,0.,-1.));
#3059=DIRECTION('',(-1.,0.,0.));
#3060=DIRECTION('',(0.,0.,-1.));
#3061=DIRECTION('center_axis',(1.,0.,0.));
#3062=DIRECTION('ref_axis',(0.,-1.,0.));
#3063=DIRECTION('',(0.,-1.,0.));
#3064=DIRECTION('',(0.,0.,-1.));
#3065=DIRECTION('center_axis',(0.,1.,0.));
#3066=DIRECTION('ref_axis',(1.,0.,0.));
#3067=DIRECTION('',(1.,0.,0.));
#3068=DIRECTION('',(0.,0.,-1.));
#3069=DIRECTION('center_axis',(-1.,8.88178419700144E-17,0.));
#3070=DIRECTION('ref_axis',(8.88178419700144E-17,1.,0.));
#3071=DIRECTION('',(8.88178419700144E-17,1.,0.));
#3072=DIRECTION('center_axis',(0.,-1.,0.));
#3073=DIRECTION('ref_axis',(-1.,0.,0.));
#3074=DIRECTION('',(0.,0.,-1.));
#3075=DIRECTION('',(-1.,0.,0.));
#3076=DIRECTION('',(0.,0.,-1.));
#3077=DIRECTION('center_axis',(1.,0.,0.));
#3078=DIRECTION('ref_axis',(0.,-1.,0.));
#3079=DIRECTION('',(0.,-1.,0.));
#3080=DIRECTION('',(0.,0.,-1.));
#3081=DIRECTION('center_axis',(0.,1.,0.));
#3082=DIRECTION('ref_axis',(1.,0.,0.));
#3083=DIRECTION('',(1.,0.,0.));
#3084=DIRECTION('',(0.,0.,-1.));
#3085=DIRECTION('center_axis',(-1.,8.88178419700144E-17,0.));
#3086=DIRECTION('ref_axis',(8.88178419700144E-17,1.,0.));
#3087=DIRECTION('',(8.88178419700144E-17,1.,0.));
#3088=DIRECTION('center_axis',(0.,-1.,0.));
#3089=DIRECTION('ref_axis',(-1.,0.,0.));
#3090=DIRECTION('',(0.,0.,-1.));
#3091=DIRECTION('',(-1.,0.,0.));
#3092=DIRECTION('',(0.,0.,-1.));
#3093=DIRECTION('center_axis',(1.,0.,0.));
#3094=DIRECTION('ref_axis',(0.,-1.,0.));
#3095=DIRECTION('',(0.,-1.,0.));
#3096=DIRECTION('',(0.,0.,-1.));
#3097=DIRECTION('center_axis',(0.,1.,0.));
#3098=DIRECTION('ref_axis',(1.,0.,0.));
#3099=DIRECTION('',(1.,0.,0.));
#3100=DIRECTION('',(0.,0.,-1.));
#3101=DIRECTION('center_axis',(-1.,8.88178419700144E-17,0.));
#3102=DIRECTION('ref_axis',(8.88178419700144E-17,1.,0.));
#3103=DIRECTION('',(8.88178419700144E-17,1.,0.));
#3104=DIRECTION('center_axis',(0.,-1.,0.));
#3105=DIRECTION('ref_axis',(-1.,0.,0.));
#3106=DIRECTION('',(0.,0.,-1.));
#3107=DIRECTION('',(-1.,0.,0.));
#3108=DIRECTION('',(0.,0.,-1.));
#3109=DIRECTION('center_axis',(1.,0.,0.));
#3110=DIRECTION('ref_axis',(0.,-1.,0.));
#3111=DIRECTION('',(0.,-1.,0.));
#3112=DIRECTION('',(0.,0.,-1.));
#3113=DIRECTION('center_axis',(0.,1.,0.));
#3114=DIRECTION('ref_axis',(1.,0.,0.));
#3115=DIRECTION('',(1.,0.,0.));
#3116=DIRECTION('',(0.,0.,-1.));
#3117=DIRECTION('center_axis',(-1.,8.88178419700144E-17,0.));
#3118=DIRECTION('ref_axis',(8.88178419700144E-17,1.,0.));
#3119=DIRECTION('',(8.88178419700144E-17,1.,0.));
#3120=DIRECTION('center_axis',(0.,-1.,0.));
#3121=DIRECTION('ref_axis',(-1.,0.,0.));
#3122=DIRECTION('',(0.,0.,-1.));
#3123=DIRECTION('',(-1.,0.,0.));
#3124=DIRECTION('',(0.,0.,-1.));
#3125=DIRECTION('center_axis',(1.,0.,0.));
#3126=DIRECTION('ref_axis',(0.,-1.,0.));
#3127=DIRECTION('',(0.,-1.,0.));
#3128=DIRECTION('',(0.,0.,-1.));
#3129=DIRECTION('center_axis',(0.,1.,0.));
#3130=DIRECTION('ref_axis',(1.,0.,0.));
#3131=DIRECTION('',(1.,0.,0.));
#3132=DIRECTION('',(0.,0.,-1.));
#3133=DIRECTION('center_axis',(-1.,8.88178419700144E-17,0.));
#3134=DIRECTION('ref_axis',(8.88178419700144E-17,1.,0.));
#3135=DIRECTION('',(8.88178419700144E-17,1.,0.));
#3136=DIRECTION('center_axis',(0.,-1.,0.));
#3137=DIRECTION('ref_axis',(1.,0.,0.));
#3138=DIRECTION('',(1.,0.,0.));
#3139=DIRECTION('center_axis',(0.,0.,1.));
#3140=DIRECTION('ref_axis',(1.,0.,0.));
#3141=CARTESIAN_POINT('',(0.,0.,0.));
#3142=CARTESIAN_POINT('Origin',(157.500000000012,49.9999999999994,5.));
#3143=CARTESIAN_POINT('',(167.374209026205,47.2500007078102,5.));
#3144=CARTESIAN_POINT('',(147.62579097382,47.2500007078048,5.));
#3145=CARTESIAN_POINT('Origin',(157.500000000012,49.9999999999994,5.));
#3146=CARTESIAN_POINT('',(167.374209026205,47.2500007078102,0.));
#3147=CARTESIAN_POINT('',(167.374209026205,47.2500007078102,5.));
#3148=CARTESIAN_POINT('',(147.62579097382,47.2500007078048,0.));
#3149=CARTESIAN_POINT('Origin',(157.500000000012,49.9999999999994,0.));
#3150=CARTESIAN_POINT('',(147.62579097382,47.2500007078048,5.));
#3151=CARTESIAN_POINT('Origin',(169.750000178839,47.2500007078116,5.));
#3152=CARTESIAN_POINT('',(169.750000178839,47.2500007078116,5.));
#3153=CARTESIAN_POINT('',(124.250000089406,47.2500007077854,5.));
#3154=CARTESIAN_POINT('',(169.750000178839,47.2500007078116,0.));
#3155=CARTESIAN_POINT('',(169.750000178839,47.2500007078116,5.));
#3156=CARTESIAN_POINT('',(169.750000178839,47.2500007078116,0.));
#3157=CARTESIAN_POINT('Origin',(169.750000178836,52.7500007450647,5.));
#3158=CARTESIAN_POINT('',(169.750000178836,52.7500007450647,5.));
#3159=CARTESIAN_POINT('',(169.75000017885,26.3750003725576,5.));
#3160=CARTESIAN_POINT('',(169.750000178836,52.7500007450647,0.));
#3161=CARTESIAN_POINT('',(169.750000178836,52.7500007450647,5.));
#3162=CARTESIAN_POINT('',(169.750000178837,50.0000007450645,0.));
#3163=CARTESIAN_POINT('Origin',(167.374208621575,52.7500007450633,5.));
#3164=CARTESIAN_POINT('',(167.374208621575,52.7500007450633,5.));
#3165=CARTESIAN_POINT('',(123.062104310772,52.7500007450376,5.));
#3166=CARTESIAN_POINT('',(167.374208621575,52.7500007450633,0.));
#3167=CARTESIAN_POINT('',(167.374208621575,52.7500007450633,5.));
#3168=CARTESIAN_POINT('',(169.750000178836,52.7500007450647,0.));
#3169=CARTESIAN_POINT('Origin',(157.500000000012,49.9999999999994,5.));
#3170=CARTESIAN_POINT('',(147.625791378447,52.7500007450579,5.));
#3171=CARTESIAN_POINT('Origin',(157.500000000012,49.9999999999994,5.));
#3172=CARTESIAN_POINT('',(147.625791378447,52.7500007450579,0.));
#3173=CARTESIAN_POINT('',(147.625791378447,52.7500007450579,5.));
#3174=CARTESIAN_POINT('Origin',(157.500000000012,49.9999999999994,0.));
#3175=CARTESIAN_POINT('Origin',(145.249999821186,52.7500007450579,5.));
#3176=CARTESIAN_POINT('',(145.249999821186,52.7500007450579,5.));
#3177=CARTESIAN_POINT('',(111.999999910593,52.750000745058,5.));
#3178=CARTESIAN_POINT('',(145.249999821186,52.7500007450579,0.));
#3179=CARTESIAN_POINT('',(145.249999821186,52.7500007450579,5.));
#3180=CARTESIAN_POINT('',(145.249999821186,52.7500007450579,0.));
#3181=CARTESIAN_POINT('Origin',(145.249999821186,47.2500007078048,5.));
#3182=CARTESIAN_POINT('',(145.249999821186,47.2500007078048,5.));
#3183=CARTESIAN_POINT('',(145.249999821186,23.6250003539021,5.));
#3184=CARTESIAN_POINT('',(145.249999821186,47.2500007078048,0.));
#3185=CARTESIAN_POINT('',(145.249999821186,47.2500007078048,5.));
#3186=CARTESIAN_POINT('',(145.249999821186,50.0000007450575,0.));
#3187=CARTESIAN_POINT('Origin',(147.62579097382,47.2500007078048,5.));
#3188=CARTESIAN_POINT('',(113.18789548691,47.2500007078048,5.));
#3189=CARTESIAN_POINT('',(145.249999821186,47.2500007078048,0.));
#3190=CARTESIAN_POINT('Origin',(157.500000000012,49.9999999999994,0.));
#3191=CARTESIAN_POINT('Origin',(9.87420862155286,52.7500007450581,5.));
#3192=CARTESIAN_POINT('',(9.87420862155286,52.7500007450581,5.));
#3193=CARTESIAN_POINT('',(12.2500001788139,52.7500007450581,5.));
#3194=CARTESIAN_POINT('',(44.3121043107764,52.7500007450581,5.));
#3195=CARTESIAN_POINT('',(9.87420862155286,52.7500007450581,0.));
#3196=CARTESIAN_POINT('',(9.87420862155286,52.7500007450581,5.));
#3197=CARTESIAN_POINT('',(12.2500001788139,52.7500007450581,0.));
#3198=CARTESIAN_POINT('',(12.2500001788139,52.7500007450581,0.));
#3199=CARTESIAN_POINT('',(12.2500001788139,52.7500007450581,5.));
#3200=CARTESIAN_POINT('Origin',(-1.15996101612836E-11,49.9999999999996,
5.));
#3201=CARTESIAN_POINT('',(-9.87420862157453,52.7500007450635,5.));
#3202=CARTESIAN_POINT('Origin',(-1.15996101612836E-11,49.9999999999996,
5.));
#3203=CARTESIAN_POINT('',(-9.87420862157453,52.7500007450635,0.));
#3204=CARTESIAN_POINT('',(-9.87420862157453,52.7500007450635,5.));
#3205=CARTESIAN_POINT('Origin',(-1.15996101612836E-11,49.9999999999996,
0.));
#3206=CARTESIAN_POINT('Origin',(-12.2500001788355,52.7500007450649,5.));
#3207=CARTESIAN_POINT('',(-12.2500001788355,52.7500007450649,5.));
#3208=CARTESIAN_POINT('',(33.2499999105976,52.7500007450384,5.));
#3209=CARTESIAN_POINT('',(-12.2500001788355,52.7500007450649,0.));
#3210=CARTESIAN_POINT('',(-12.2500001788355,52.7500007450649,5.));
#3211=CARTESIAN_POINT('',(-12.2500001788355,52.7500007450649,0.));
#3212=CARTESIAN_POINT('Origin',(-12.2500001788388,47.2500007078118,5.));
#3213=CARTESIAN_POINT('',(-12.2500001788387,47.2500007078118,5.));
#3214=CARTESIAN_POINT('',(-12.2500001788528,23.6250003539329,5.));
#3215=CARTESIAN_POINT('',(-12.2500001788387,47.2500007078118,0.));
#3216=CARTESIAN_POINT('',(-12.2500001788387,47.2500007078118,5.));
#3217=CARTESIAN_POINT('',(-12.2500001788372,50.0000007450647,0.));
#3218=CARTESIAN_POINT('Origin',(-9.87420902620503,47.2500007078104,5.));
#3219=CARTESIAN_POINT('',(-9.87420902620503,47.2500007078104,5.));
#3220=CARTESIAN_POINT('',(34.4378954869111,47.2500007077848,5.));
#3221=CARTESIAN_POINT('',(-9.87420902620503,47.2500007078104,0.));
#3222=CARTESIAN_POINT('',(-9.87420902620503,47.2500007078104,5.));
#3223=CARTESIAN_POINT('',(-12.2500001788387,47.2500007078118,0.));
#3224=CARTESIAN_POINT('Origin',(-1.15996101612836E-11,49.9999999999996,
5.));
#3225=CARTESIAN_POINT('',(9.8742090261803,47.2500007078049,5.));
#3226=CARTESIAN_POINT('Origin',(-1.15996101612836E-11,49.9999999999996,
5.));
#3227=CARTESIAN_POINT('',(9.8742090261803,47.2500007078049,0.));
#3228=CARTESIAN_POINT('',(9.8742090261803,47.2500007078049,5.));
#3229=CARTESIAN_POINT('Origin',(-1.15996101612836E-11,49.9999999999996,
0.));
#3230=CARTESIAN_POINT('Origin',(12.2500001788139,47.2500007078049,5.));
#3231=CARTESIAN_POINT('',(12.2500001788139,47.2500007078049,5.));
#3232=CARTESIAN_POINT('',(45.500000089407,47.2500007078048,5.));
#3233=CARTESIAN_POINT('',(12.2500001788139,47.2500007078049,0.));
#3234=CARTESIAN_POINT('',(12.2500001788139,47.2500007078049,5.));
#3235=CARTESIAN_POINT('',(12.2500001788139,47.2500007078049,0.));
#3236=CARTESIAN_POINT('Origin',(12.2500001788139,52.7500007450581,5.));
#3237=CARTESIAN_POINT('',(12.2500001788139,26.375000372529,5.));
#3238=CARTESIAN_POINT('',(12.2500001788139,50.0000007450576,0.));
#3239=CARTESIAN_POINT('Origin',(-1.23900889548167E-11,49.9999999999996,
0.));
#3240=CARTESIAN_POINT('Origin',(147.625791378447,-52.7500007450582,5.));
#3241=CARTESIAN_POINT('',(147.625791378447,-52.7500007450582,5.));
#3242=CARTESIAN_POINT('',(145.249999821186,-52.7500007450582,5.));
#3243=CARTESIAN_POINT('',(113.187895689224,-52.7500007450583,5.));
#3244=CARTESIAN_POINT('',(147.625791378447,-52.7500007450582,0.));
#3245=CARTESIAN_POINT('',(147.625791378447,-52.7500007450582,5.));
#3246=CARTESIAN_POINT('',(145.249999821186,-52.7500007450582,0.));
#3247=CARTESIAN_POINT('',(145.249999821186,-52.7500007450582,0.));
#3248=CARTESIAN_POINT('',(145.249999821186,-52.7500007450582,5.));
#3249=CARTESIAN_POINT('Origin',(157.500000000012,-49.9999999999997,5.));
#3250=CARTESIAN_POINT('',(167.374208621575,-52.7500007450636,5.));
#3251=CARTESIAN_POINT('Origin',(157.500000000012,-49.9999999999997,5.));
#3252=CARTESIAN_POINT('',(167.374208621575,-52.7500007450636,0.));
#3253=CARTESIAN_POINT('',(167.374208621575,-52.7500007450636,5.));
#3254=CARTESIAN_POINT('Origin',(157.500000000012,-49.9999999999997,0.));
#3255=CARTESIAN_POINT('Origin',(169.750000178836,-52.750000745065,5.));
#3256=CARTESIAN_POINT('',(169.750000178836,-52.750000745065,5.));
#3257=CARTESIAN_POINT('',(124.250000089402,-52.7500007450386,5.));
#3258=CARTESIAN_POINT('',(169.750000178836,-52.750000745065,0.));
#3259=CARTESIAN_POINT('',(169.750000178836,-52.750000745065,5.));
#3260=CARTESIAN_POINT('',(169.750000178836,-52.750000745065,0.));
#3261=CARTESIAN_POINT('Origin',(169.750000178839,-47.2500007078119,5.));
#3262=CARTESIAN_POINT('',(169.750000178839,-47.2500007078119,5.));
#3263=CARTESIAN_POINT('',(169.750000178853,-23.625000353933,5.));
#3264=CARTESIAN_POINT('',(169.750000178839,-47.2500007078119,0.));
#3265=CARTESIAN_POINT('',(169.750000178839,-47.2500007078119,5.));
#3266=CARTESIAN_POINT('',(169.750000178837,-50.0000007450648,0.));
#3267=CARTESIAN_POINT('Origin',(167.374209026205,-47.2500007078105,5.));
#3268=CARTESIAN_POINT('',(167.374209026205,-47.2500007078105,5.));
#3269=CARTESIAN_POINT('',(123.062104513089,-47.250000707785,5.));
#3270=CARTESIAN_POINT('',(167.374209026205,-47.2500007078105,0.));
#3271=CARTESIAN_POINT('',(167.374209026205,-47.2500007078105,5.));
#3272=CARTESIAN_POINT('',(169.750000178839,-47.2500007078119,0.));
#3273=CARTESIAN_POINT('Origin',(157.500000000012,-49.9999999999997,5.));
#3274=CARTESIAN_POINT('',(147.62579097382,-47.2500007078051,5.));
#3275=CARTESIAN_POINT('Origin',(157.500000000012,-49.9999999999997,5.));
#3276=CARTESIAN_POINT('',(147.62579097382,-47.2500007078051,0.));
#3277=CARTESIAN_POINT('',(147.62579097382,-47.2500007078051,5.));
#3278=CARTESIAN_POINT('Origin',(157.500000000012,-49.9999999999997,0.));
#3279=CARTESIAN_POINT('Origin',(145.249999821186,-47.2500007078051,5.));
#3280=CARTESIAN_POINT('',(145.249999821186,-47.2500007078051,5.));
#3281=CARTESIAN_POINT('',(111.999999910593,-47.2500007078051,5.));
#3282=CARTESIAN_POINT('',(145.249999821186,-47.2500007078051,0.));
#3283=CARTESIAN_POINT('',(145.249999821186,-47.2500007078051,5.));
#3284=CARTESIAN_POINT('',(145.249999821186,-47.2500007078051,0.));
#3285=CARTESIAN_POINT('Origin',(145.249999821186,-52.7500007450582,5.));
#3286=CARTESIAN_POINT('',(145.249999821186,-26.3750003725291,5.));
#3287=CARTESIAN_POINT('',(145.249999821186,-50.0000007450577,0.));
#3288=CARTESIAN_POINT('Origin',(157.500000000012,-49.9999999999996,0.));
#3289=CARTESIAN_POINT('Origin',(9.87420902618004,-47.2500007078049,5.));
#3290=CARTESIAN_POINT('',(9.87420902618004,-47.2500007078049,5.));
#3291=CARTESIAN_POINT('',(12.2500001788137,-47.2500007078049,5.));
#3292=CARTESIAN_POINT('',(44.3121045130899,-47.250000707805,5.));
#3293=CARTESIAN_POINT('',(9.87420902618004,-47.2500007078049,0.));
#3294=CARTESIAN_POINT('',(9.87420902618004,-47.2500007078049,5.));
#3295=CARTESIAN_POINT('',(12.2500001788137,-47.2500007078049,0.));
#3296=CARTESIAN_POINT('',(12.2500001788137,-47.2500007078049,0.));
#3297=CARTESIAN_POINT('',(12.2500001788137,-47.2500007078049,5.));
#3298=CARTESIAN_POINT('Origin',(-1.18483001187997E-11,-49.9999999999994,
5.));
#3299=CARTESIAN_POINT('',(-9.87420902620524,-47.2500007078103,5.));
#3300=CARTESIAN_POINT('Origin',(-1.18483001187997E-11,-49.9999999999994,
5.));
#3301=CARTESIAN_POINT('',(-9.87420902620524,-47.2500007078103,0.));
#3302=CARTESIAN_POINT('',(-9.87420902620524,-47.2500007078103,5.));
#3303=CARTESIAN_POINT('Origin',(-1.18483001187997E-11,-49.9999999999994,
0.));
#3304=CARTESIAN_POINT('Origin',(-12.2500001788389,-47.2500007078116,5.));
#3305=CARTESIAN_POINT('',(-12.2500001788389,-47.2500007078116,5.));
#3306=CARTESIAN_POINT('',(33.249999910594,-47.2500007077856,5.));
#3307=CARTESIAN_POINT('',(-12.2500001788389,-47.2500007078116,0.));
#3308=CARTESIAN_POINT('',(-12.2500001788389,-47.2500007078116,5.));
#3309=CARTESIAN_POINT('',(-12.2500001788389,-47.2500007078116,0.));
#3310=CARTESIAN_POINT('Origin',(-12.2500001788359,-52.7500007450647,5.));
#3311=CARTESIAN_POINT('',(-12.2500001788358,-52.7500007450647,5.));
#3312=CARTESIAN_POINT('',(-12.2500001788503,-26.3750003725571,5.));
#3313=CARTESIAN_POINT('',(-12.2500001788358,-52.7500007450647,0.));
#3314=CARTESIAN_POINT('',(-12.2500001788358,-52.7500007450647,5.));
#3315=CARTESIAN_POINT('',(-12.2500001788374,-50.0000007450646,0.));
#3316=CARTESIAN_POINT('Origin',(-9.87420862157482,-52.7500007450634,5.));
#3317=CARTESIAN_POINT('',(-9.87420862157482,-52.7500007450634,5.));
#3318=CARTESIAN_POINT('',(34.4378956892277,-52.7500007450379,5.));
#3319=CARTESIAN_POINT('',(-9.87420862157482,-52.7500007450634,0.));
#3320=CARTESIAN_POINT('',(-9.87420862157482,-52.7500007450634,5.));
#3321=CARTESIAN_POINT('',(-12.2500001788358,-52.7500007450647,0.));
#3322=CARTESIAN_POINT('Origin',(-1.18483001187997E-11,-49.9999999999994,
5.));
#3323=CARTESIAN_POINT('',(9.87420862155258,-52.750000745058,5.));
#3324=CARTESIAN_POINT('Origin',(-1.18483001187997E-11,-49.9999999999994,
5.));
#3325=CARTESIAN_POINT('',(9.87420862155258,-52.750000745058,0.));
#3326=CARTESIAN_POINT('',(9.87420862155258,-52.750000745058,5.));
#3327=CARTESIAN_POINT('Origin',(-1.18483001187997E-11,-49.9999999999994,
0.));
#3328=CARTESIAN_POINT('Origin',(12.2500001788137,-52.750000745058,5.));
#3329=CARTESIAN_POINT('',(12.2500001788137,-52.750000745058,5.));
#3330=CARTESIAN_POINT('',(45.5000000894066,-52.7500007450583,5.));
#3331=CARTESIAN_POINT('',(12.2500001788137,-52.750000745058,0.));
#3332=CARTESIAN_POINT('',(12.2500001788137,-52.750000745058,5.));
#3333=CARTESIAN_POINT('',(12.2500001788137,-52.750000745058,0.));
#3334=CARTESIAN_POINT('Origin',(12.2500001788137,-47.2500007078049,5.));
#3335=CARTESIAN_POINT('',(12.250000178814,-23.6250003539021,5.));
#3336=CARTESIAN_POINT('',(12.2500001788137,-50.0000007450576,0.));
#3337=CARTESIAN_POINT('Origin',(-1.26210153439388E-11,-49.9999999999995,
0.));
#3338=CARTESIAN_POINT('Origin',(78.7499999999999,-1.24344978758018E-13,
-5.));
#3339=CARTESIAN_POINT('',(143.75,-90.2500000000001,-5.));
#3340=CARTESIAN_POINT('',(136.25,-82.7500000000001,-5.));
#3341=CARTESIAN_POINT('',(103.0625,-49.5625000000002,-5.));
#3342=CARTESIAN_POINT('',(136.25,-54.9999999999946,-5.));
#3343=CARTESIAN_POINT('',(136.25,90.2499999999999,-5.));
#3344=CARTESIAN_POINT('',(131.25,-49.9999999999945,-5.));
#3345=CARTESIAN_POINT('Origin',(131.25,-54.9999999999946,-5.));
#3346=CARTESIAN_POINT('',(26.2499999999998,-49.9999999999989,-5.));
#3347=CARTESIAN_POINT('',(21.250000000002,-49.9999999999991,-5.));
#3348=CARTESIAN_POINT('',(21.25,-54.9999999999989,-5.));
#3349=CARTESIAN_POINT('Origin',(26.25,-54.9999999999989,-5.));
#3350=CARTESIAN_POINT('',(21.25,-82.7500000000001,-5.));
#3351=CARTESIAN_POINT('',(21.2499999999999,90.2499999999999,-5.));
#3352=CARTESIAN_POINT('',(13.75,-90.2500000000001,-5.));
#3353=CARTESIAN_POINT('',(54.4375,-49.5625000000001,-5.));
#3354=CARTESIAN_POINT('',(-13.75,-90.2500000000001,-5.));
#3355=CARTESIAN_POINT('',(21.25,-90.2500000000001,-5.));
#3356=CARTESIAN_POINT('',(-21.25,-82.7500000000001,-5.));
#3357=CARTESIAN_POINT('',(-15.0625,-88.9375000000001,-5.));
#3358=CARTESIAN_POINT('',(-21.25,82.7499999999999,-5.));
#3359=CARTESIAN_POINT('',(-21.25,-90.2500000000001,-5.));
#3360=CARTESIAN_POINT('',(-13.75,90.2499999999999,-5.));
#3361=CARTESIAN_POINT('',(-15.0625,88.9374999999999,-5.));
#3362=CARTESIAN_POINT('',(13.7499999999999,90.2499999999999,-5.));
#3363=CARTESIAN_POINT('',(-21.25,90.2499999999999,-5.));
#3364=CARTESIAN_POINT('',(21.2499999999999,82.7499999999999,-5.));
#3365=CARTESIAN_POINT('',(54.4374999999999,49.5624999999999,-5.));
#3366=CARTESIAN_POINT('',(21.2499999999999,55.0000000004552,-5.));
#3367=CARTESIAN_POINT('',(21.2499999999999,90.2499999999999,-5.));
#3368=CARTESIAN_POINT('',(26.2499999999791,50.0000000004552,-5.));
#3369=CARTESIAN_POINT('Origin',(26.2499999999999,55.0000000004552,-5.));
#3370=CARTESIAN_POINT('',(131.249999999979,50.0000000000187,-5.));
#3371=CARTESIAN_POINT('',(135.749999999999,50.,-5.));
#3372=CARTESIAN_POINT('',(136.25,55.0000000000187,-5.));
#3373=CARTESIAN_POINT('Origin',(131.25,55.0000000000187,-5.));
#3374=CARTESIAN_POINT('',(136.25,82.7499999999999,-5.));
#3375=CARTESIAN_POINT('',(136.25,90.2499999999999,-5.));
#3376=CARTESIAN_POINT('',(143.75,90.2499999999999,-5.));
#3377=CARTESIAN_POINT('',(103.0625,49.5624999999999,-5.));
#3378=CARTESIAN_POINT('',(171.25,90.2499999999999,-5.));
#3379=CARTESIAN_POINT('',(178.75,90.2499999999999,-5.));
#3380=CARTESIAN_POINT('',(178.75,82.7499999999999,-5.));
#3381=CARTESIAN_POINT('',(172.5625,88.9374999999998,-5.));
#3382=CARTESIAN_POINT('',(178.75,-82.7500000000002,-5.));
#3383=CARTESIAN_POINT('',(178.75,-90.2500000000002,-5.));
#3384=CARTESIAN_POINT('',(171.25,-90.2500000000002,-5.));
#3385=CARTESIAN_POINT('',(172.5625,-88.9375000000001,-5.));
#3386=CARTESIAN_POINT('',(136.25,-90.2500000000001,-5.));
#3387=CARTESIAN_POINT('',(158.818870162793,32.5,-5.));
#3388=CARTESIAN_POINT('',(146.25,32.5,-5.));
#3389=CARTESIAN_POINT('',(112.5,32.5,-5.));
#3390=CARTESIAN_POINT('',(146.25,-32.5,-5.));
#3391=CARTESIAN_POINT('',(146.25,-16.2500000000001,-5.));
#3392=CARTESIAN_POINT('',(158.818870162793,-32.5,-5.));
#3393=CARTESIAN_POINT('',(118.784435081396,-32.5,-5.));
#3394=CARTESIAN_POINT('',(158.818870162793,16.2499999999999,-5.));
#3395=CARTESIAN_POINT('',(127.568870162793,32.5,-5.));
#3396=CARTESIAN_POINT('',(115.,32.5,-5.));
#3397=CARTESIAN_POINT('',(96.8749999999999,32.5,-5.));
#3398=CARTESIAN_POINT('',(115.,-32.5,-5.));
#3399=CARTESIAN_POINT('',(115.,-16.2500000000001,-5.));
#3400=CARTESIAN_POINT('',(127.568870162793,-32.5,-5.));
#3401=CARTESIAN_POINT('',(103.159435081396,-32.5,-5.));
#3402=CARTESIAN_POINT('',(127.568870162793,16.2499999999999,-5.));
#3403=CARTESIAN_POINT('',(96.318870162793,32.5,-5.));
#3404=CARTESIAN_POINT('',(83.7499999999999,32.5,-5.));
#3405=CARTESIAN_POINT('',(81.2499999999999,32.5,-5.));
#3406=CARTESIAN_POINT('',(83.7499999999999,-32.5,-5.));
#3407=CARTESIAN_POINT('',(83.7499999999999,-16.2500000000001,-5.));
#3408=CARTESIAN_POINT('',(96.318870162793,-32.5,-5.));
#3409=CARTESIAN_POINT('',(87.5344350813965,-32.5,-5.));
#3410=CARTESIAN_POINT('',(96.318870162793,16.2499999999999,-5.));
#3411=CARTESIAN_POINT('',(65.068870162793,32.5,-5.));
#3412=CARTESIAN_POINT('',(52.4999999999999,32.5,-5.));
#3413=CARTESIAN_POINT('',(65.6249999999999,32.5,-5.));
#3414=CARTESIAN_POINT('',(52.4999999999999,-32.5,-5.));
#3415=CARTESIAN_POINT('',(52.4999999999999,-16.25,-5.));
#3416=CARTESIAN_POINT('',(65.068870162793,-32.5,-5.));
#3417=CARTESIAN_POINT('',(71.9094350813965,-32.5,-5.));
#3418=CARTESIAN_POINT('',(65.068870162793,16.2499999999999,-5.));
#3419=CARTESIAN_POINT('',(33.818870162793,32.5,-5.));
#3420=CARTESIAN_POINT('',(21.2499999999999,32.5,-5.));
#3421=CARTESIAN_POINT('',(49.9999999999999,32.5,-5.));
#3422=CARTESIAN_POINT('',(21.2499999999999,-32.5,-5.));
#3423=CARTESIAN_POINT('',(21.2499999999999,-16.25,-5.));
#3424=CARTESIAN_POINT('',(33.818870162793,-32.5,-5.));
#3425=CARTESIAN_POINT('',(56.2844350813965,-32.5,-5.));
#3426=CARTESIAN_POINT('',(33.818870162793,16.2499999999999,-5.));
#3427=CARTESIAN_POINT('Origin',(131.25,55.0000000000187,0.));
#3428=CARTESIAN_POINT('',(131.249999999979,50.0000000000187,5.));
#3429=CARTESIAN_POINT('',(131.249999999979,50.0000000000187,0.));
#3430=CARTESIAN_POINT('',(136.25,55.0000000000187,5.));
#3431=CARTESIAN_POINT('Origin',(131.25,55.0000000000187,5.));
#3432=CARTESIAN_POINT('',(136.25,55.0000000000187,0.));
#3433=CARTESIAN_POINT('Origin',(136.25,49.9999999999979,0.));
#3434=CARTESIAN_POINT('',(26.2499999999791,50.0000000004552,5.));
#3435=CARTESIAN_POINT('',(26.2499999999791,50.0000000004552,0.));
#3436=CARTESIAN_POINT('',(135.749999999999,50.,5.));
#3437=CARTESIAN_POINT('Origin',(26.2499999999999,55.0000000004552,0.));
#3438=CARTESIAN_POINT('',(21.2499999999999,55.0000000004552,5.));
#3439=CARTESIAN_POINT('',(21.2499999999999,55.0000000004552,0.));
#3440=CARTESIAN_POINT('Origin',(26.2499999999999,55.0000000004552,5.));
#3441=CARTESIAN_POINT('Origin',(21.2499999999999,49.9999999999979,0.));
#3442=CARTESIAN_POINT('',(21.2499999999999,82.7499999999999,5.));
#3443=CARTESIAN_POINT('',(21.2499999999999,82.7499999999999,0.));
#3444=CARTESIAN_POINT('',(21.2499999999999,90.2499999999999,5.));
#3445=CARTESIAN_POINT('Origin',(131.25,-54.9999999999946,0.));
#3446=CARTESIAN_POINT('',(136.25,-54.9999999999946,5.));
#3447=CARTESIAN_POINT('',(136.25,-54.9999999999946,0.));
#3448=CARTESIAN_POINT('',(131.25,-49.9999999999946,5.));
#3449=CARTESIAN_POINT('Origin',(131.25,-54.9999999999946,5.));
#3450=CARTESIAN_POINT('',(131.25,-49.9999999999946,0.));
#3451=CARTESIAN_POINT('Origin',(136.25,-49.9999999999991,0.));
#3452=CARTESIAN_POINT('',(136.25,-82.7500000000001,5.));
#3453=CARTESIAN_POINT('',(136.25,-82.7500000000001,0.));
#3454=CARTESIAN_POINT('',(136.25,90.2499999999999,5.));
#3455=CARTESIAN_POINT('Origin',(26.25,-54.9999999999989,0.));
#3456=CARTESIAN_POINT('',(26.2499999999998,-49.9999999999989,5.));
#3457=CARTESIAN_POINT('',(26.2499999999998,-49.9999999999989,0.));
#3458=CARTESIAN_POINT('',(21.25,-54.9999999999989,5.));
#3459=CARTESIAN_POINT('Origin',(26.25,-54.9999999999989,5.));
#3460=CARTESIAN_POINT('',(21.25,-54.9999999999989,0.));
#3461=CARTESIAN_POINT('Origin',(21.250000000002,-49.9999999999991,0.));
#3462=CARTESIAN_POINT('',(21.250000000002,-49.9999999999991,5.));
#3463=CARTESIAN_POINT('Origin',(163.818870162793,67.4999999999975,25.));
#3464=CARTESIAN_POINT('',(166.318870162793,71.2499999999898,25.));
#3465=CARTESIAN_POINT('',(163.818870162793,71.2499999999898,27.5));
#3466=CARTESIAN_POINT('Origin',(163.818870162793,71.2499999999898,25.));
#3467=CARTESIAN_POINT('',(163.818870162793,66.25,27.5));
#3468=CARTESIAN_POINT('',(163.818870162793,67.4999999999975,27.5));
#3469=CARTESIAN_POINT('',(166.318870162793,66.25,25.));
#3470=CARTESIAN_POINT('Origin',(163.818870162793,66.25,25.));
#3471=CARTESIAN_POINT('',(166.318870162793,67.4999999999975,25.));
#3472=CARTESIAN_POINT('Origin',(156.318870162793,68.749999999995,27.5));
#3473=CARTESIAN_POINT('',(148.818870162793,71.24999999999,27.5));
#3474=CARTESIAN_POINT('',(146.318870162793,71.24999999999,27.5));
#3475=CARTESIAN_POINT('',(148.818870162793,66.25,27.5));
#3476=CARTESIAN_POINT('',(148.818870162793,69.9999999999925,27.5));
#3477=CARTESIAN_POINT('',(166.318870162793,66.25,27.5));
#3478=CARTESIAN_POINT('Origin',(166.318870162793,71.2499999999898,5.));
#3479=CARTESIAN_POINT('',(166.318870162793,71.2499999999898,5.));
#3480=CARTESIAN_POINT('',(166.318870162793,71.2499999999898,5.));
#3481=CARTESIAN_POINT('',(146.318870162793,71.24999999999,5.));
#3482=CARTESIAN_POINT('',(122.534435081397,71.2499999999902,5.));
#3483=CARTESIAN_POINT('',(146.318870162793,71.24999999999,25.));
#3484=CARTESIAN_POINT('',(146.318870162793,71.24999999999,5.));
#3485=CARTESIAN_POINT('Origin',(148.818870162793,71.2499999999898,25.));
#3486=CARTESIAN_POINT('',(152.298870162786,71.2500000002362,25.));
#3487=CARTESIAN_POINT('Origin',(153.798870162786,71.2499999999887,25.));
#3488=CARTESIAN_POINT('',(152.298870162786,71.2500000002362,7.50000000000001));
#3489=CARTESIAN_POINT('Origin',(153.798870162786,71.2499999999887,7.50000000000001));
#3490=CARTESIAN_POINT('Origin',(148.818870162793,69.9999999999925,25.));
#3491=CARTESIAN_POINT('',(146.318870162793,66.25,25.));
#3492=CARTESIAN_POINT('Origin',(148.818870162793,66.25,25.));
#3493=CARTESIAN_POINT('',(146.318870162793,69.9999999999925,25.));
#3494=CARTESIAN_POINT('Origin',(146.318870162793,66.25,5.));
#3495=CARTESIAN_POINT('',(146.318870162793,66.25,5.));
#3496=CARTESIAN_POINT('',(146.318870162793,66.25,5.));
#3497=CARTESIAN_POINT('',(166.318870162793,66.25,5.));
#3498=CARTESIAN_POINT('',(112.534435081396,66.25,5.));
#3499=CARTESIAN_POINT('',(166.318870162793,66.25,5.));
#3500=CARTESIAN_POINT('',(152.298870162787,66.2500000000005,25.));
#3501=CARTESIAN_POINT('Origin',(153.798870162787,66.2500000000006,25.));
#3502=CARTESIAN_POINT('',(152.298870162787,66.2500000000005,7.50000000000001));
#3503=CARTESIAN_POINT('Origin',(153.798870162787,66.2500000000006,7.50000000000001));
#3504=CARTESIAN_POINT('Origin',(146.318870162793,71.24999999999,5.));
#3505=CARTESIAN_POINT('',(146.318870162793,35.6249999999949,5.));
#3506=CARTESIAN_POINT('Origin',(148.818870162793,-69.9999999999925,25.));
#3507=CARTESIAN_POINT('',(148.818870162793,-66.25,27.5));
#3508=CARTESIAN_POINT('',(146.318870162793,-66.25,25.));
#3509=CARTESIAN_POINT('Origin',(148.818870162793,-66.25,25.));
#3510=CARTESIAN_POINT('',(146.318870162793,-71.24999999999,25.));
#3511=CARTESIAN_POINT('',(146.318870162793,-69.9999999999925,25.));
#3512=CARTESIAN_POINT('',(148.818870162793,-71.24999999999,27.5));
#3513=CARTESIAN_POINT('Origin',(148.818870162793,-71.2499999999898,25.));
#3514=CARTESIAN_POINT('',(148.818870162793,-69.9999999999925,27.5));
#3515=CARTESIAN_POINT('Origin',(156.318870162793,-68.749999999995,27.5));
#3516=CARTESIAN_POINT('',(163.818870162793,-71.2499999999898,27.5));
#3517=CARTESIAN_POINT('',(146.318870162793,-71.24999999999,27.5));
#3518=CARTESIAN_POINT('',(163.818870162793,-66.25,27.5));
#3519=CARTESIAN_POINT('',(163.818870162793,-67.4999999999975,27.5));
#3520=CARTESIAN_POINT('',(166.318870162793,-66.25,27.5));
#3521=CARTESIAN_POINT('Origin',(166.318870162793,-71.2499999999898,5.));
#3522=CARTESIAN_POINT('',(146.318870162793,-71.24999999999,5.));
#3523=CARTESIAN_POINT('',(146.318870162793,-71.24999999999,5.));
#3524=CARTESIAN_POINT('',(166.318870162793,-71.2499999999898,5.));
#3525=CARTESIAN_POINT('',(122.534435081397,-71.2499999999902,5.));
#3526=CARTESIAN_POINT('',(166.318870162793,-71.2499999999898,25.));
#3527=CARTESIAN_POINT('',(166.318870162793,-71.2499999999898,5.));
#3528=CARTESIAN_POINT('Origin',(163.818870162793,-71.2499999999898,25.));
#3529=CARTESIAN_POINT('',(152.298870162792,-71.2499999999899,25.));
#3530=CARTESIAN_POINT('Origin',(153.798870162792,-71.2499999999898,25.));
#3531=CARTESIAN_POINT('',(152.298870162792,-71.2499999999899,7.50000000000001));
#3532=CARTESIAN_POINT('Origin',(153.798870162792,-71.2499999999898,7.50000000000001));
#3533=CARTESIAN_POINT('Origin',(163.818870162793,-67.4999999999975,25.));
#3534=CARTESIAN_POINT('',(166.318870162793,-66.25,25.));
#3535=CARTESIAN_POINT('',(166.318870162793,-67.4999999999975,25.));
#3536=CARTESIAN_POINT('Origin',(163.818870162793,-66.25,25.));
#3537=CARTESIAN_POINT('Origin',(166.318870162793,-66.25,5.));
#3538=CARTESIAN_POINT('',(166.318870162793,-66.25,5.));
#3539=CARTESIAN_POINT('',(166.318870162793,-33.1250000000001,5.));
#3540=CARTESIAN_POINT('',(166.318870162793,-66.25,5.));
#3541=CARTESIAN_POINT('Origin',(8.68112983720678,-69.9999999999925,25.));
#3542=CARTESIAN_POINT('',(11.1811298372068,-66.25,25.));
#3543=CARTESIAN_POINT('',(8.68112983720678,-66.25,27.5));
#3544=CARTESIAN_POINT('Origin',(8.68112983720678,-66.25,25.));
#3545=CARTESIAN_POINT('',(8.68112983720678,-71.24999999999,27.5));
#3546=CARTESIAN_POINT('',(8.68112983720678,-69.9999999999925,27.5));
#3547=CARTESIAN_POINT('',(11.1811298372068,-71.24999999999,25.));
#3548=CARTESIAN_POINT('Origin',(8.68112983720678,-71.2499999999898,25.));
#3549=CARTESIAN_POINT('',(11.1811298372068,-69.9999999999925,25.));
#3550=CARTESIAN_POINT('Origin',(-8.81887016279322,-71.2499999999898,5.));
#3551=CARTESIAN_POINT('',(-6.31887016279322,-71.2499999999898,27.5));
#3552=CARTESIAN_POINT('',(11.1811298372068,-71.24999999999,27.5));
#3553=CARTESIAN_POINT('',(-8.81887016279322,-71.2499999999898,25.));
#3554=CARTESIAN_POINT('Origin',(-6.31887016279322,-71.2499999999898,25.));
#3555=CARTESIAN_POINT('',(-8.81887016279322,-71.2499999999898,5.));
#3556=CARTESIAN_POINT('',(-8.81887016279322,-71.2499999999898,5.));
#3557=CARTESIAN_POINT('',(11.1811298372068,-71.24999999999,5.));
#3558=CARTESIAN_POINT('',(34.965564918603,-71.2499999999902,5.));
#3559=CARTESIAN_POINT('',(11.1811298372068,-71.24999999999,5.));
#3560=CARTESIAN_POINT('',(5.20112983720754,-71.2499999999899,7.50000000000001));
#3561=CARTESIAN_POINT('Origin',(3.70112983720755,-71.2499999999898,7.50000000000001));
#3562=CARTESIAN_POINT('',(5.20112983720756,-71.2499999999899,25.));
#3563=CARTESIAN_POINT('Origin',(3.70112983720755,-71.2499999999898,25.));
#3564=CARTESIAN_POINT('Origin',(1.18112983720678,-68.749999999995,27.5));
#3565=CARTESIAN_POINT('',(-6.31887016279322,-66.25,27.5));
#3566=CARTESIAN_POINT('',(-8.81887016279322,-66.25,27.5));
#3567=CARTESIAN_POINT('',(-6.31887016279322,-67.4999999999975,27.5));
#3568=CARTESIAN_POINT('Origin',(-6.31887016279322,-67.4999999999975,25.));
#3569=CARTESIAN_POINT('',(-8.81887016279322,-66.25,25.));
#3570=CARTESIAN_POINT('Origin',(-6.31887016279322,-66.25,25.));
#3571=CARTESIAN_POINT('',(-8.81887016279322,-67.4999999999975,25.));
#3572=CARTESIAN_POINT('Origin',(-6.31887016279322,67.4999999999975,25.));
#3573=CARTESIAN_POINT('',(-6.31887016279322,71.2499999999898,27.5));
#3574=CARTESIAN_POINT('',(-8.81887016279322,71.2499999999898,25.));
#3575=CARTESIAN_POINT('Origin',(-6.31887016279322,71.2499999999898,25.));
#3576=CARTESIAN_POINT('',(-8.81887016279322,66.25,25.));
#3577=CARTESIAN_POINT('',(-8.81887016279322,67.4999999999975,25.));
#3578=CARTESIAN_POINT('',(-6.31887016279322,66.25,27.5));
#3579=CARTESIAN_POINT('Origin',(-6.31887016279322,66.25,25.));
#3580=CARTESIAN_POINT('',(-6.31887016279322,67.4999999999975,27.5));
#3581=CARTESIAN_POINT('Origin',(-8.81887016279322,66.25,5.));
#3582=CARTESIAN_POINT('',(-8.81887016279322,71.2499999999898,5.));
#3583=CARTESIAN_POINT('',(-8.81887016279322,71.2499999999898,5.));
#3584=CARTESIAN_POINT('',(-8.81887016279322,66.25,5.));
#3585=CARTESIAN_POINT('',(-8.81887016279322,33.1249999999999,5.));
#3586=CARTESIAN_POINT('',(-8.81887016279322,66.25,5.));
#3587=CARTESIAN_POINT('Origin',(-8.81887016279322,71.2499999999898,5.));
#3588=CARTESIAN_POINT('',(8.68112983720678,71.24999999999,27.5));
#3589=CARTESIAN_POINT('',(11.1811298372068,71.24999999999,27.5));
#3590=CARTESIAN_POINT('',(11.1811298372068,71.24999999999,25.));
#3591=CARTESIAN_POINT('Origin',(8.68112983720678,71.2499999999898,25.));
#3592=CARTESIAN_POINT('',(11.1811298372068,71.24999999999,5.));
#3593=CARTESIAN_POINT('',(11.1811298372068,71.24999999999,5.));
#3594=CARTESIAN_POINT('',(34.965564918603,71.2499999999902,5.));
#3595=CARTESIAN_POINT('',(5.20112983721347,71.2500000002362,7.50000000000001));
#3596=CARTESIAN_POINT('Origin',(3.70112983721349,71.2499999999887,7.50000000000001));
#3597=CARTESIAN_POINT('',(5.20112983721349,71.2500000002362,25.));
#3598=CARTESIAN_POINT('Origin',(3.70112983721349,71.2499999999887,25.));
#3599=CARTESIAN_POINT('Origin',(8.68112983720678,69.9999999999925,25.));
#3600=CARTESIAN_POINT('',(8.68112983720678,66.25,27.5));
#3601=CARTESIAN_POINT('',(11.1811298372068,66.25,25.));
#3602=CARTESIAN_POINT('Origin',(8.68112983720678,66.25,25.));
#3603=CARTESIAN_POINT('',(11.1811298372068,69.9999999999925,25.));
#3604=CARTESIAN_POINT('',(8.68112983720678,69.9999999999925,27.5));
#3605=CARTESIAN_POINT('Origin',(11.1811298372068,71.24999999999,5.));
#3606=CARTESIAN_POINT('',(11.1811298372068,66.25,5.));
#3607=CARTESIAN_POINT('',(11.1811298372068,66.25,5.));
#3608=CARTESIAN_POINT('',(11.1811298372068,35.6249999999949,5.));
#3609=CARTESIAN_POINT('Origin',(3.70112983721349,71.2500000002363,7.50000000000001));
#3610=CARTESIAN_POINT('',(5.20112983721306,66.2500000000005,7.50000000000001));
#3611=CARTESIAN_POINT('',(5.20112983721347,71.2500000002362,7.50000000000001));
#3612=CARTESIAN_POINT('Origin',(3.70112983721307,66.2500000000006,7.50000000000001));
#3613=CARTESIAN_POINT('Origin',(3.70112983721349,71.2500000002363,25.));
#3614=CARTESIAN_POINT('',(5.20112983721307,66.2500000000005,25.));
#3615=CARTESIAN_POINT('',(5.20112983721349,71.2500000002362,25.));
#3616=CARTESIAN_POINT('Origin',(3.70112983721307,66.2500000000006,25.));
#3617=CARTESIAN_POINT('Origin',(3.70112983720755,-71.2499999999899,7.50000000000001));
#3618=CARTESIAN_POINT('',(5.20112983720754,-66.25,7.50000000000001));
#3619=CARTESIAN_POINT('',(5.20112983720754,-71.2499999999899,7.50000000000001));
#3620=CARTESIAN_POINT('Origin',(3.70112983720755,-66.25,7.50000000000001));
#3621=CARTESIAN_POINT('Origin',(3.70112983720755,-71.2499999999899,25.));
#3622=CARTESIAN_POINT('',(5.20112983720756,-66.25,25.));
#3623=CARTESIAN_POINT('',(5.20112983720756,-71.2499999999899,25.));
#3624=CARTESIAN_POINT('Origin',(3.70112983720755,-66.25,25.));
#3625=CARTESIAN_POINT('Origin',(153.798870162786,71.2500000002363,7.50000000000001));
#3626=CARTESIAN_POINT('',(152.298870162786,71.2500000002362,7.50000000000001));
#3627=CARTESIAN_POINT('Origin',(153.798870162786,71.2500000002363,25.));
#3628=CARTESIAN_POINT('',(152.298870162786,71.2500000002362,25.));
#3629=CARTESIAN_POINT('Origin',(153.798870162792,-71.2499999999899,25.));
#3630=CARTESIAN_POINT('',(152.298870162792,-66.25,25.));
#3631=CARTESIAN_POINT('',(152.298870162792,-71.2499999999899,25.));
#3632=CARTESIAN_POINT('Origin',(153.798870162792,-66.25,25.));
#3633=CARTESIAN_POINT('Origin',(153.798870162792,-71.2499999999899,7.50000000000001));
#3634=CARTESIAN_POINT('',(152.298870162792,-66.25,7.50000000000001));
#3635=CARTESIAN_POINT('',(152.298870162792,-71.2499999999899,7.50000000000001));
#3636=CARTESIAN_POINT('Origin',(153.798870162792,-66.25,7.50000000000001));
#3637=CARTESIAN_POINT('Origin',(140.,-86.5000000000001,0.));
#3638=CARTESIAN_POINT('',(143.75,-90.2500000000001,5.));
#3639=CARTESIAN_POINT('',(103.0625,-49.5625000000002,5.));
#3640=CARTESIAN_POINT('',(143.75,-90.2500000000001,0.));
#3641=CARTESIAN_POINT('Origin',(136.25,-90.2500000000001,0.));
#3642=CARTESIAN_POINT('',(171.25,-90.2500000000002,5.));
#3643=CARTESIAN_POINT('',(171.25,-90.2500000000002,0.));
#3644=CARTESIAN_POINT('',(136.25,-90.2500000000001,5.));
#3645=CARTESIAN_POINT('Origin',(175.,-86.5000000000002,0.));
#3646=CARTESIAN_POINT('',(178.75,-82.7500000000002,5.));
#3647=CARTESIAN_POINT('',(172.5625,-88.9375000000001,5.));
#3648=CARTESIAN_POINT('',(178.75,-82.7500000000002,0.));
#3649=CARTESIAN_POINT('Origin',(178.75,-90.2500000000002,0.));
#3650=CARTESIAN_POINT('',(178.75,82.7499999999999,5.));
#3651=CARTESIAN_POINT('',(178.75,82.7499999999999,0.));
#3652=CARTESIAN_POINT('',(178.75,-90.2500000000002,5.));
#3653=CARTESIAN_POINT('Origin',(175.,86.4999999999999,0.));
#3654=CARTESIAN_POINT('',(171.25,90.2499999999999,5.));
#3655=CARTESIAN_POINT('',(172.5625,88.9374999999998,5.));
#3656=CARTESIAN_POINT('',(171.25,90.2499999999999,0.));
#3657=CARTESIAN_POINT('Origin',(178.75,90.2499999999999,0.));
#3658=CARTESIAN_POINT('',(143.75,90.2499999999999,5.));
#3659=CARTESIAN_POINT('',(143.75,90.2499999999999,0.));
#3660=CARTESIAN_POINT('',(178.75,90.2499999999999,5.));
#3661=CARTESIAN_POINT('Origin',(140.,86.4999999999999,0.));
#3662=CARTESIAN_POINT('',(136.25,82.7499999999999,5.));
#3663=CARTESIAN_POINT('',(103.0625,49.5624999999999,5.));
#3664=CARTESIAN_POINT('',(136.25,82.7499999999999,0.));
#3665=CARTESIAN_POINT('Origin',(136.25,90.2499999999999,0.));
#3666=CARTESIAN_POINT('',(136.25,90.2499999999999,5.));
#3667=CARTESIAN_POINT('Origin',(-17.5,86.4999999999999,0.));
#3668=CARTESIAN_POINT('',(-21.25,82.7499999999999,5.));
#3669=CARTESIAN_POINT('',(-13.75,90.2499999999999,5.));
#3670=CARTESIAN_POINT('',(-15.0625,88.9374999999999,5.));
#3671=CARTESIAN_POINT('',(-13.75,90.2499999999999,0.));
#3672=CARTESIAN_POINT('',(-21.25,82.7499999999999,0.));
#3673=CARTESIAN_POINT('Origin',(21.2499999999999,90.2499999999999,0.));
#3674=CARTESIAN_POINT('',(13.7499999999999,90.2499999999999,5.));
#3675=CARTESIAN_POINT('',(-21.25,90.2499999999999,5.));
#3676=CARTESIAN_POINT('',(13.7499999999999,90.2499999999999,0.));
#3677=CARTESIAN_POINT('Origin',(17.4999999999999,86.4999999999999,0.));
#3678=CARTESIAN_POINT('',(54.4374999999999,49.5624999999999,5.));
#3679=CARTESIAN_POINT('Origin',(17.5,-86.5000000000001,0.));
#3680=CARTESIAN_POINT('',(21.25,-82.7500000000001,5.));
#3681=CARTESIAN_POINT('',(13.75,-90.2500000000001,5.));
#3682=CARTESIAN_POINT('',(54.4375,-49.5625000000001,5.));
#3683=CARTESIAN_POINT('',(13.75,-90.2500000000001,0.));
#3684=CARTESIAN_POINT('',(21.25,-82.7500000000001,0.));
#3685=CARTESIAN_POINT('Origin',(21.25,-90.2500000000001,0.));
#3686=CARTESIAN_POINT('',(21.2499999999999,90.2499999999999,5.));
#3687=CARTESIAN_POINT('Origin',(-17.5,-86.5000000000001,0.));
#3688=CARTESIAN_POINT('',(-13.75,-90.2500000000001,5.));
#3689=CARTESIAN_POINT('',(-21.25,-82.7500000000001,5.));
#3690=CARTESIAN_POINT('',(-15.0625,-88.9375000000001,5.));
#3691=CARTESIAN_POINT('',(-21.25,-82.7500000000001,0.));
#3692=CARTESIAN_POINT('',(-13.75,-90.2500000000001,0.));
#3693=CARTESIAN_POINT('Origin',(-21.25,90.2499999999999,0.));
#3694=CARTESIAN_POINT('',(-21.25,-90.2500000000001,5.));
#3695=CARTESIAN_POINT('Origin',(11.1811298372068,-71.24999999999,5.));
#3696=CARTESIAN_POINT('',(11.1811298372068,-66.25,5.));
#3697=CARTESIAN_POINT('',(11.1811298372068,-35.6249999999951,5.));
#3698=CARTESIAN_POINT('',(11.1811298372068,-66.25,5.));
#3699=CARTESIAN_POINT('Origin',(-8.81887016279322,-66.25,5.));
#3700=CARTESIAN_POINT('',(-8.81887016279322,-66.25,5.));
#3701=CARTESIAN_POINT('',(-8.81887016279322,-66.25,5.));
#3702=CARTESIAN_POINT('',(-8.81887016279322,-33.1250000000001,5.));
#3703=CARTESIAN_POINT('Origin',(11.1811298372068,-66.25,5.));
#3704=CARTESIAN_POINT('',(44.9655649186033,-66.25,5.));
#3705=CARTESIAN_POINT('Origin',(146.318870162793,-71.24999999999,5.));
#3706=CARTESIAN_POINT('',(146.318870162793,-66.25,5.));
#3707=CARTESIAN_POINT('',(146.318870162793,-66.25,5.));
#3708=CARTESIAN_POINT('',(146.318870162793,-35.6249999999951,5.));
#3709=CARTESIAN_POINT('Origin',(146.318870162793,-66.25,5.));
#3710=CARTESIAN_POINT('',(112.534435081396,-66.25,5.));
#3711=CARTESIAN_POINT('Origin',(11.1811298372068,66.25,5.));
#3712=CARTESIAN_POINT('',(44.9655649186033,66.25,5.));
#3713=CARTESIAN_POINT('',(-8.81887016279322,66.25,27.5));
#3714=CARTESIAN_POINT('Origin',(1.18112983720678,68.749999999995,27.5));
#3715=CARTESIAN_POINT('Origin',(166.318870162793,66.25,5.));
#3716=CARTESIAN_POINT('',(166.318870162793,33.1249999999999,5.));
#3717=CARTESIAN_POINT('Origin',(158.818870162793,-32.5,5.));
#3718=CARTESIAN_POINT('',(146.25,-32.5,5.));
#3719=CARTESIAN_POINT('',(146.25,-32.5,0.));
#3720=CARTESIAN_POINT('',(158.818870162793,-32.5,5.));
#3721=CARTESIAN_POINT('',(118.784435081396,-32.5,5.));
#3722=CARTESIAN_POINT('',(158.818870162793,-32.5,0.));
#3723=CARTESIAN_POINT('Origin',(158.818870162793,32.5,5.));
#3724=CARTESIAN_POINT('',(158.818870162793,32.5,5.));
#3725=CARTESIAN_POINT('',(158.818870162793,16.2499999999999,5.));
#3726=CARTESIAN_POINT('',(158.818870162793,32.5,5.));
#3727=CARTESIAN_POINT('Origin',(146.25,32.5,5.));
#3728=CARTESIAN_POINT('',(146.25,32.5,5.));
#3729=CARTESIAN_POINT('',(112.5,32.5,5.));
#3730=CARTESIAN_POINT('',(146.25,32.5,0.));
#3731=CARTESIAN_POINT('Origin',(146.25,-32.5,5.));
#3732=CARTESIAN_POINT('',(146.25,-16.2500000000001,5.));
#3733=CARTESIAN_POINT('Origin',(127.568870162793,-32.5,5.));
#3734=CARTESIAN_POINT('',(115.,-32.5,5.));
#3735=CARTESIAN_POINT('',(115.,-32.5,0.));
#3736=CARTESIAN_POINT('',(127.568870162793,-32.5,5.));
#3737=CARTESIAN_POINT('',(103.159435081396,-32.5,5.));
#3738=CARTESIAN_POINT('',(127.568870162793,-32.5,0.));
#3739=CARTESIAN_POINT('Origin',(127.568870162793,32.5,5.));
#3740=CARTESIAN_POINT('',(127.568870162793,32.5,5.));
#3741=CARTESIAN_POINT('',(127.568870162793,16.2499999999999,5.));
#3742=CARTESIAN_POINT('',(127.568870162793,32.5,5.));
#3743=CARTESIAN_POINT('Origin',(115.,32.5,5.));
#3744=CARTESIAN_POINT('',(115.,32.5,5.));
#3745=CARTESIAN_POINT('',(96.8749999999999,32.5,5.));
#3746=CARTESIAN_POINT('',(115.,32.5,0.));
#3747=CARTESIAN_POINT('Origin',(115.,-32.5,5.));
#3748=CARTESIAN_POINT('',(115.,-16.2500000000001,5.));
#3749=CARTESIAN_POINT('Origin',(96.318870162793,-32.5,5.));
#3750=CARTESIAN_POINT('',(83.7499999999999,-32.5,5.));
#3751=CARTESIAN_POINT('',(83.7499999999999,-32.5,0.));
#3752=CARTESIAN_POINT('',(96.318870162793,-32.5,5.));
#3753=CARTESIAN_POINT('',(87.5344350813965,-32.5,5.));
#3754=CARTESIAN_POINT('',(96.318870162793,-32.5,0.));
#3755=CARTESIAN_POINT('Origin',(96.318870162793,32.5,5.));
#3756=CARTESIAN_POINT('',(96.318870162793,32.5,5.));
#3757=CARTESIAN_POINT('',(96.318870162793,16.2499999999999,5.));
#3758=CARTESIAN_POINT('',(96.318870162793,32.5,5.));
#3759=CARTESIAN_POINT('Origin',(83.7499999999999,32.5,5.));
#3760=CARTESIAN_POINT('',(83.7499999999999,32.5,5.));
#3761=CARTESIAN_POINT('',(81.2499999999999,32.5,5.));
#3762=CARTESIAN_POINT('',(83.7499999999999,32.5,0.));
#3763=CARTESIAN_POINT('Origin',(83.7499999999999,-32.5,5.));
#3764=CARTESIAN_POINT('',(83.7499999999999,-16.2500000000001,5.));
#3765=CARTESIAN_POINT('Origin',(65.068870162793,-32.5,5.));
#3766=CARTESIAN_POINT('',(52.4999999999999,-32.5,5.));
#3767=CARTESIAN_POINT('',(52.4999999999999,-32.5,0.));
#3768=CARTESIAN_POINT('',(65.068870162793,-32.5,5.));
#3769=CARTESIAN_POINT('',(71.9094350813965,-32.5,5.));
#3770=CARTESIAN_POINT('',(65.068870162793,-32.5,0.));
#3771=CARTESIAN_POINT('Origin',(65.068870162793,32.5,5.));
#3772=CARTESIAN_POINT('',(65.068870162793,32.5,5.));
#3773=CARTESIAN_POINT('',(65.068870162793,16.2499999999999,5.));
#3774=CARTESIAN_POINT('',(65.068870162793,32.5,5.));
#3775=CARTESIAN_POINT('Origin',(52.4999999999999,32.5,5.));
#3776=CARTESIAN_POINT('',(52.4999999999999,32.5,5.));
#3777=CARTESIAN_POINT('',(65.6249999999999,32.5,5.));
#3778=CARTESIAN_POINT('',(52.4999999999999,32.5,0.));
#3779=CARTESIAN_POINT('Origin',(52.4999999999999,-32.5,5.));
#3780=CARTESIAN_POINT('',(52.4999999999999,-16.25,5.));
#3781=CARTESIAN_POINT('Origin',(33.818870162793,-32.5,5.));
#3782=CARTESIAN_POINT('',(21.2499999999999,-32.5,5.));
#3783=CARTESIAN_POINT('',(21.2499999999999,-32.5,0.));
#3784=CARTESIAN_POINT('',(33.818870162793,-32.5,5.));
#3785=CARTESIAN_POINT('',(56.2844350813965,-32.5,5.));
#3786=CARTESIAN_POINT('',(33.818870162793,-32.5,0.));
#3787=CARTESIAN_POINT('Origin',(33.818870162793,32.5,5.));
#3788=CARTESIAN_POINT('',(33.818870162793,32.5,5.));
#3789=CARTESIAN_POINT('',(33.818870162793,16.2499999999999,5.));
#3790=CARTESIAN_POINT('',(33.818870162793,32.5,5.));
#3791=CARTESIAN_POINT('Origin',(21.2499999999999,32.5,5.));
#3792=CARTESIAN_POINT('',(21.2499999999999,32.5,5.));
#3793=CARTESIAN_POINT('',(49.9999999999999,32.5,5.));
#3794=CARTESIAN_POINT('',(21.2499999999999,32.5,0.));
#3795=CARTESIAN_POINT('Origin',(21.2499999999999,-32.5,5.));
#3796=CARTESIAN_POINT('',(21.2499999999999,-16.25,5.));
#3797=CARTESIAN_POINT('Origin',(-21.25,-90.2500000000001,0.));
#3798=CARTESIAN_POINT('',(21.25,-90.2500000000001,5.));
#3799=CARTESIAN_POINT('Origin',(78.7499999999999,-1.24344978758018E-13,
5.));
#3800=UNCERTAINTY_MEASURE_WITH_UNIT(LENGTH_MEASURE(0.01),#3804,
'DISTANCE_ACCURACY_VALUE',
'Maximum model space distance between geometric entities at asserted c
onnectivities');
#3801=UNCERTAINTY_MEASURE_WITH_UNIT(LENGTH_MEASURE(0.01),#3804,
'DISTANCE_ACCURACY_VALUE',
'Maximum model space distance between geometric entities at asserted c
onnectivities');
#3802=(
GEOMETRIC_REPRESENTATION_CONTEXT(3)
GLOBAL_UNCERTAINTY_ASSIGNED_CONTEXT((#3800))
GLOBAL_UNIT_ASSIGNED_CONTEXT((#3804,#3806,#3807))
REPRESENTATION_CONTEXT('','3D')
);
#3803=(
GEOMETRIC_REPRESENTATION_CONTEXT(3)
GLOBAL_UNCERTAINTY_ASSIGNED_CONTEXT((#3801))
GLOBAL_UNIT_ASSIGNED_CONTEXT((#3804,#3806,#3807))
REPRESENTATION_CONTEXT('','3D')
);
#3804=(
LENGTH_UNIT()
NAMED_UNIT(*)
SI_UNIT(.MILLI.,.METRE.)
);
#3805=(
LENGTH_UNIT()
NAMED_UNIT(*)
SI_UNIT($,.METRE.)
);
#3806=(
NAMED_UNIT(*)
PLANE_ANGLE_UNIT()
SI_UNIT($,.RADIAN.)
);
#3807=(
NAMED_UNIT(*)
SI_UNIT($,.STERADIAN.)
SOLID_ANGLE_UNIT()
);
#3808=SHAPE_DEFINITION_REPRESENTATION(#3809,#3810);
#3809=PRODUCT_DEFINITION_SHAPE('',$,#3812);
#3810=SHAPE_REPRESENTATION('',(#2348),#3802);
#3811=PRODUCT_DEFINITION_CONTEXT('part definition',#3816,'design');
#3812=PRODUCT_DEFINITION('Chassis','Chassis v36',#3813,#3811);
#3813=PRODUCT_DEFINITION_FORMATION('',$,#3818);
#3814=PRODUCT_RELATED_PRODUCT_CATEGORY('Chassis v36','Chassis v36',(#3818));
#3815=APPLICATION_PROTOCOL_DEFINITION('international standard',
'automotive_design',2009,#3816);
#3816=APPLICATION_CONTEXT(
'Core Data for Automotive Mechanical Design Process');
#3817=PRODUCT_CONTEXT('part definition',#3816,'mechanical');
#3818=PRODUCT('Chassis','Chassis v36',$,(#3817));
#3819=PRESENTATION_STYLE_ASSIGNMENT((#3821));
#3820=PRESENTATION_STYLE_ASSIGNMENT((#3822));
#3821=SURFACE_STYLE_USAGE(.BOTH.,#3823);
#3822=SURFACE_STYLE_USAGE(.BOTH.,#3824);
#3823=SURFACE_SIDE_STYLE('',(#3825));
#3824=SURFACE_SIDE_STYLE('',(#3826));
#3825=SURFACE_STYLE_FILL_AREA(#3827);
#3826=SURFACE_STYLE_FILL_AREA(#3828);
#3827=FILL_AREA_STYLE('Steel - Satin',(#3829));
#3828=FILL_AREA_STYLE('Paint - Enamel Glossy (Black)',(#3830));
#3829=FILL_AREA_STYLE_COLOUR('Steel - Satin',#3831);
#3830=FILL_AREA_STYLE_COLOUR('Paint - Enamel Glossy (Black)',#3832);
#3831=COLOUR_RGB('Steel - Satin',0.627450980392157,0.627450980392157,0.627450980392157);
#3832=COLOUR_RGB('Paint - Enamel Glossy (Black)',0.0980392156862745,0.0980392156862745,
0.0980392156862745);
ENDSEC;
END-ISO-10303-21;
