ISO-10303-21;
HEADER;
/* Generated by software containing ST-Developer
 * from STEP Tools, Inc. (www.steptools.com) 
 */

FILE_DESCRIPTION(
/* description */ (''),
/* implementation_level */ '2;1');

FILE_NAME(
/* name */ 'iphone 17.step',
/* time_stamp */ '2026-07-19T12:03:28+05:30',
/* author */ (''),
/* organization */ (''),
/* preprocessor_version */ 'ST-DEVELOPER v20.1',
/* originating_system */ 'Autodesk Translation Framework v15.8.0.0',
/* authorisation */ '');

FILE_SCHEMA (('AUTOMOTIVE_DESIGN { 1 0 10303 214 3 1 1 }'));
ENDSEC;

DATA;
#10=MECHANICAL_DESIGN_GEOMETRIC_PRESENTATION_REPRESENTATION('',(#99,#100,
#101,#102,#103,#104,#105,#106,#107,#108,#109),#4317);
#11=SHAPE_REPRESENTATION_RELATIONSHIP('SRR','None',#4324,#12);
#12=ADVANCED_BREP_SHAPE_REPRESENTATION('',(#13),#4316);
#13=MANIFOLD_SOLID_BREP('Body1',#2440);
#14=TOROIDAL_SURFACE('',#2554,10.5,1.5);
#15=TOROIDAL_SURFACE('',#2556,10.5,1.5);
#16=TOROIDAL_SURFACE('',#2562,10.5,1.5);
#17=TOROIDAL_SURFACE('',#2564,10.5,1.5);
#18=TOROIDAL_SURFACE('',#2570,10.5,1.5);
#19=TOROIDAL_SURFACE('',#2572,10.5,1.5);
#20=TOROIDAL_SURFACE('',#2578,10.5,1.5);
#21=TOROIDAL_SURFACE('',#2580,10.5,1.5);
#22=TOROIDAL_SURFACE('',#2613,11.,1.);
#23=TOROIDAL_SURFACE('',#2615,11.,1.);
#24=TOROIDAL_SURFACE('',#2621,11.,1.);
#25=TOROIDAL_SURFACE('',#2623,11.,1.);
#26=TOROIDAL_SURFACE('',#2629,8.99999999999999,1.);
#27=TOROIDAL_SURFACE('',#2631,8.99999999999999,1.);
#28=TOROIDAL_SURFACE('',#2637,9.00000000000001,1.);
#29=TOROIDAL_SURFACE('',#2639,9.00000000000001,1.);
#30=TOROIDAL_SURFACE('',#2691,6.5,0.25);
#31=TOROIDAL_SURFACE('',#2693,6.5,0.25);
#32=TOROIDAL_SURFACE('',#2695,6.5,0.25);
#33=TOROIDAL_SURFACE('',#2747,0.534292907332146,0.5);
#34=TOROIDAL_SURFACE('',#2749,0.534292907332146,0.5);
#35=CYLINDRICAL_SURFACE('',#2526,12.);
#36=CYLINDRICAL_SURFACE('',#2529,12.);
#37=CYLINDRICAL_SURFACE('',#2533,12.);
#38=CYLINDRICAL_SURFACE('',#2536,12.);
#39=CYLINDRICAL_SURFACE('',#2551,1.5);
#40=CYLINDRICAL_SURFACE('',#2558,1.5);
#41=CYLINDRICAL_SURFACE('',#2560,1.5);
#42=CYLINDRICAL_SURFACE('',#2566,1.5);
#43=CYLINDRICAL_SURFACE('',#2567,1.5);
#44=CYLINDRICAL_SURFACE('',#2574,1.5);
#45=CYLINDRICAL_SURFACE('',#2576,1.5);
#46=CYLINDRICAL_SURFACE('',#2582,1.5);
#47=CYLINDRICAL_SURFACE('',#2583,10.);
#48=CYLINDRICAL_SURFACE('',#2587,9.99999999999999);
#49=CYLINDRICAL_SURFACE('',#2591,9.99999999999999);
#50=CYLINDRICAL_SURFACE('',#2595,10.);
#51=CYLINDRICAL_SURFACE('',#2610,1.);
#52=CYLINDRICAL_SURFACE('',#2617,1.);
#53=CYLINDRICAL_SURFACE('',#2619,1.);
#54=CYLINDRICAL_SURFACE('',#2625,1.);
#55=CYLINDRICAL_SURFACE('',#2626,1.);
#56=CYLINDRICAL_SURFACE('',#2633,1.);
#57=CYLINDRICAL_SURFACE('',#2635,1.);
#58=CYLINDRICAL_SURFACE('',#2641,1.);
#59=CYLINDRICAL_SURFACE('',#2642,6.75);
#60=CYLINDRICAL_SURFACE('',#2647,6.75);
#61=CYLINDRICAL_SURFACE('',#2652,6.75);
#62=CYLINDRICAL_SURFACE('',#2657,2.5);
#63=CYLINDRICAL_SURFACE('',#2661,0.499999999999999);
#64=CYLINDRICAL_SURFACE('',#2664,2.5);
#65=CYLINDRICAL_SURFACE('',#2668,2.4);
#66=CYLINDRICAL_SURFACE('',#2671,2.4);
#67=CYLINDRICAL_SURFACE('',#2674,10.);
#68=CYLINDRICAL_SURFACE('',#2676,10.);
#69=CYLINDRICAL_SURFACE('',#2678,10.);
#70=CYLINDRICAL_SURFACE('',#2680,10.);
#71=CYLINDRICAL_SURFACE('',#2682,9.90000000000001);
#72=CYLINDRICAL_SURFACE('',#2684,9.90000000000001);
#73=CYLINDRICAL_SURFACE('',#2686,9.9);
#74=CYLINDRICAL_SURFACE('',#2688,9.89999999999999);
#75=CYLINDRICAL_SURFACE('',#2697,1.);
#76=CYLINDRICAL_SURFACE('',#2700,1.);
#77=CYLINDRICAL_SURFACE('',#2703,1.);
#78=CYLINDRICAL_SURFACE('',#2706,1.36252848456796);
#79=CYLINDRICAL_SURFACE('',#2708,1.36252848456796);
#80=CYLINDRICAL_SURFACE('',#2710,1.);
#81=CYLINDRICAL_SURFACE('',#2713,1.);
#82=CYLINDRICAL_SURFACE('',#2716,1.);
#83=CYLINDRICAL_SURFACE('',#2719,1.);
#84=CYLINDRICAL_SURFACE('',#2722,1.);
#85=CYLINDRICAL_SURFACE('',#2730,0.562528484567957);
#86=CYLINDRICAL_SURFACE('',#2732,0.562528484567957);
#87=CYLINDRICAL_SURFACE('',#2734,0.362528484567957);
#88=CYLINDRICAL_SURFACE('',#2737,0.362528484567957);
#89=CYLINDRICAL_SURFACE('',#2744,0.5);
#90=CYLINDRICAL_SURFACE('',#2751,0.5);
#91=CYLINDRICAL_SURFACE('',#2752,1.45099186040845);
#92=CYLINDRICAL_SURFACE('',#2755,1.45099186040845);
#93=CYLINDRICAL_SURFACE('',#2759,1.20720152360158);
#94=CYLINDRICAL_SURFACE('',#2762,1.20720152360158);
#95=CYLINDRICAL_SURFACE('',#2766,1.31184009597246);
#96=CYLINDRICAL_SURFACE('',#2769,1.31184009597246);
#97=CYLINDRICAL_SURFACE('',#2773,1.20720152360158);
#98=CYLINDRICAL_SURFACE('',#2776,1.20720152360158);
#99=STYLED_ITEM('',(#4335),#2295);
#100=STYLED_ITEM('',(#4335),#2298);
#101=STYLED_ITEM('',(#4335),#2350);
#102=STYLED_ITEM('',(#4335),#2352);
#103=STYLED_ITEM('',(#4335),#2354);
#104=STYLED_ITEM('',(#4335),#2357);
#105=STYLED_ITEM('',(#4335),#2358);
#106=STYLED_ITEM('',(#4335),#2362);
#107=STYLED_ITEM('',(#4335),#2364);
#108=STYLED_ITEM('',(#4335),#2381);
#109=STYLED_ITEM('',(#4334),#13);
#110=FACE_BOUND('',#470,.T.);
#111=FACE_BOUND('',#471,.T.);
#112=FACE_BOUND('',#472,.T.);
#113=FACE_BOUND('',#474,.T.);
#114=FACE_BOUND('',#475,.T.);
#115=FACE_BOUND('',#477,.T.);
#116=FACE_BOUND('',#479,.T.);
#117=FACE_BOUND('',#480,.T.);
#118=FACE_BOUND('',#483,.T.);
#119=FACE_BOUND('',#485,.T.);
#120=FACE_BOUND('',#487,.T.);
#121=FACE_BOUND('',#488,.T.);
#122=FACE_BOUND('',#491,.T.);
#123=FACE_BOUND('',#493,.T.);
#124=FACE_BOUND('',#494,.T.);
#125=FACE_BOUND('',#501,.T.);
#126=FACE_BOUND('',#502,.T.);
#127=FACE_BOUND('',#503,.T.);
#128=FACE_BOUND('',#504,.T.);
#129=FACE_BOUND('',#505,.T.);
#130=FACE_BOUND('',#506,.T.);
#131=FACE_BOUND('',#507,.T.);
#132=FACE_BOUND('',#508,.T.);
#133=FACE_BOUND('',#509,.T.);
#134=FACE_BOUND('',#536,.T.);
#135=FACE_BOUND('',#537,.T.);
#136=FACE_BOUND('',#538,.T.);
#137=FACE_BOUND('',#539,.T.);
#138=FACE_BOUND('',#540,.T.);
#139=FACE_BOUND('',#541,.T.);
#140=FACE_BOUND('',#566,.T.);
#141=FACE_BOUND('',#571,.T.);
#142=FACE_BOUND('',#617,.T.);
#143=CIRCLE('',#2455,1.20720152360158);
#144=CIRCLE('',#2456,1.20720152360158);
#145=CIRCLE('',#2457,1.20720152360158);
#146=CIRCLE('',#2458,1.20720152360158);
#147=CIRCLE('',#2459,1.31184009597246);
#148=CIRCLE('',#2460,1.31184009597246);
#149=CIRCLE('',#2462,1.03429290733215);
#150=CIRCLE('',#2463,1.03429290733215);
#151=CIRCLE('',#2464,1.45099186040845);
#152=CIRCLE('',#2465,1.45099186040845);
#153=CIRCLE('',#2467,1.36252848456796);
#154=CIRCLE('',#2468,1.36252848456796);
#155=CIRCLE('',#2469,0.562528484567957);
#156=CIRCLE('',#2470,0.562528484567957);
#157=CIRCLE('',#2472,3.);
#158=CIRCLE('',#2473,3.);
#159=CIRCLE('',#2474,1.);
#160=CIRCLE('',#2475,1.);
#161=CIRCLE('',#2476,1.);
#162=CIRCLE('',#2479,10.25);
#163=CIRCLE('',#2480,10.25);
#164=CIRCLE('',#2481,10.25);
#165=CIRCLE('',#2482,10.25);
#166=CIRCLE('',#2484,10.5);
#167=CIRCLE('',#2485,10.5);
#168=CIRCLE('',#2486,10.5);
#169=CIRCLE('',#2487,10.5);
#170=CIRCLE('',#2489,9.90000000000001);
#171=CIRCLE('',#2490,9.90000000000001);
#172=CIRCLE('',#2491,9.9);
#173=CIRCLE('',#2492,9.89999999999999);
#174=CIRCLE('',#2493,4.76170941700038);
#175=CIRCLE('',#2494,4.76170941700039);
#176=CIRCLE('',#2495,5.32216557475955);
#177=CIRCLE('',#2496,5.32216557475955);
#178=CIRCLE('',#2497,4.16812708062137);
#179=CIRCLE('',#2498,10.0059070616064);
#180=CIRCLE('',#2499,2.54141788140107);
#181=CIRCLE('',#2500,1.97477646461624);
#182=CIRCLE('',#2501,2.54141788140107);
#183=CIRCLE('',#2502,10.0059070616064);
#184=CIRCLE('',#2505,10.);
#185=CIRCLE('',#2506,10.);
#186=CIRCLE('',#2507,10.);
#187=CIRCLE('',#2508,10.);
#188=CIRCLE('',#2509,9.90000000000001);
#189=CIRCLE('',#2510,9.89999999999999);
#190=CIRCLE('',#2511,9.9);
#191=CIRCLE('',#2512,9.90000000000001);
#192=CIRCLE('',#2514,10.5);
#193=CIRCLE('',#2515,10.5);
#194=CIRCLE('',#2516,10.5);
#195=CIRCLE('',#2517,10.5);
#196=CIRCLE('',#2518,10.);
#197=CIRCLE('',#2519,10.);
#198=CIRCLE('',#2520,10.);
#199=CIRCLE('',#2521,10.);
#200=CIRCLE('',#2522,11.);
#201=CIRCLE('',#2523,11.);
#202=CIRCLE('',#2524,11.);
#203=CIRCLE('',#2525,11.);
#204=CIRCLE('',#2527,12.);
#205=CIRCLE('',#2528,12.);
#206=CIRCLE('',#2530,12.);
#207=CIRCLE('',#2531,12.);
#208=CIRCLE('',#2534,12.);
#209=CIRCLE('',#2535,12.);
#210=CIRCLE('',#2537,12.);
#211=CIRCLE('',#2538,12.);
#212=CIRCLE('',#2540,1.);
#213=CIRCLE('',#2541,1.);
#214=CIRCLE('',#2542,1.);
#215=CIRCLE('',#2543,1.);
#216=CIRCLE('',#2544,1.);
#217=CIRCLE('',#2545,1.36252848456796);
#218=CIRCLE('',#2546,1.36252848456796);
#219=CIRCLE('',#2547,1.);
#220=CIRCLE('',#2548,1.);
#221=CIRCLE('',#2549,1.);
#222=CIRCLE('',#2552,1.5);
#223=CIRCLE('',#2553,1.5);
#224=CIRCLE('',#2555,1.5);
#225=CIRCLE('',#2557,1.5);
#226=CIRCLE('',#2559,1.5);
#227=CIRCLE('',#2561,1.5);
#228=CIRCLE('',#2563,1.5);
#229=CIRCLE('',#2565,1.5);
#230=CIRCLE('',#2568,1.5);
#231=CIRCLE('',#2569,1.5);
#232=CIRCLE('',#2571,1.5);
#233=CIRCLE('',#2573,1.5);
#234=CIRCLE('',#2575,1.5);
#235=CIRCLE('',#2577,1.5);
#236=CIRCLE('',#2579,1.5);
#237=CIRCLE('',#2581,1.5);
#238=CIRCLE('',#2584,10.);
#239=CIRCLE('',#2585,10.);
#240=CIRCLE('',#2588,9.99999999999999);
#241=CIRCLE('',#2589,9.99999999999999);
#242=CIRCLE('',#2592,9.99999999999999);
#243=CIRCLE('',#2593,9.99999999999999);
#244=CIRCLE('',#2596,10.);
#245=CIRCLE('',#2597,10.);
#246=CIRCLE('',#2600,9.00000000000001);
#247=CIRCLE('',#2601,9.00000000000001);
#248=CIRCLE('',#2602,8.99999999999999);
#249=CIRCLE('',#2603,8.99999999999999);
#250=CIRCLE('',#2604,2.5);
#251=CIRCLE('',#2605,0.499999999999999);
#252=CIRCLE('',#2606,2.5);
#253=CIRCLE('',#2607,6.75);
#254=CIRCLE('',#2608,6.75);
#255=CIRCLE('',#2609,6.75);
#256=CIRCLE('',#2611,1.);
#257=CIRCLE('',#2612,1.);
#258=CIRCLE('',#2614,1.);
#259=CIRCLE('',#2616,1.);
#260=CIRCLE('',#2618,1.);
#261=CIRCLE('',#2620,1.);
#262=CIRCLE('',#2622,1.);
#263=CIRCLE('',#2624,1.);
#264=CIRCLE('',#2627,1.);
#265=CIRCLE('',#2628,1.);
#266=CIRCLE('',#2630,1.);
#267=CIRCLE('',#2632,1.);
#268=CIRCLE('',#2634,1.);
#269=CIRCLE('',#2636,1.);
#270=CIRCLE('',#2638,1.);
#271=CIRCLE('',#2640,1.);
#272=CIRCLE('',#2643,6.75);
#273=CIRCLE('',#2644,6.75);
#274=CIRCLE('',#2646,6.5);
#275=CIRCLE('',#2648,6.75);
#276=CIRCLE('',#2649,6.75);
#277=CIRCLE('',#2651,6.5);
#278=CIRCLE('',#2653,6.75);
#279=CIRCLE('',#2654,6.75);
#280=CIRCLE('',#2656,6.5);
#281=CIRCLE('',#2658,2.5);
#282=CIRCLE('',#2660,2.4);
#283=CIRCLE('',#2662,0.499999999999999);
#284=CIRCLE('',#2665,2.5);
#285=CIRCLE('',#2667,2.4);
#286=CIRCLE('',#2669,2.4);
#287=CIRCLE('',#2672,2.4);
#288=CIRCLE('',#2692,0.25);
#289=CIRCLE('',#2694,0.25);
#290=CIRCLE('',#2696,0.25);
#291=CIRCLE('',#2698,1.);
#292=CIRCLE('',#2701,1.);
#293=CIRCLE('',#2704,1.);
#294=CIRCLE('',#2711,1.);
#295=CIRCLE('',#2714,1.);
#296=CIRCLE('',#2717,1.);
#297=CIRCLE('',#2720,1.);
#298=CIRCLE('',#2723,1.);
#299=CIRCLE('',#2726,0.562528484567957);
#300=CIRCLE('',#2727,0.562528484567957);
#301=CIRCLE('',#2728,0.362528484567957);
#302=CIRCLE('',#2729,0.362528484567957);
#303=CIRCLE('',#2735,0.362528484567957);
#304=CIRCLE('',#2738,0.362528484567957);
#305=CIRCLE('',#2742,0.534292907332146);
#306=CIRCLE('',#2743,0.534292907332146);
#307=CIRCLE('',#2745,0.5);
#308=CIRCLE('',#2746,0.5);
#309=CIRCLE('',#2748,0.5);
#310=CIRCLE('',#2750,0.5);
#311=CIRCLE('',#2753,1.45099186040845);
#312=CIRCLE('',#2756,1.45099186040845);
#313=CIRCLE('',#2760,1.20720152360158);
#314=CIRCLE('',#2763,1.20720152360158);
#315=CIRCLE('',#2767,1.31184009597246);
#316=CIRCLE('',#2770,1.31184009597246);
#317=CIRCLE('',#2774,1.20720152360158);
#318=CIRCLE('',#2777,1.20720152360158);
#319=FACE_OUTER_BOUND('',#469,.T.);
#320=FACE_OUTER_BOUND('',#473,.T.);
#321=FACE_OUTER_BOUND('',#476,.T.);
#322=FACE_OUTER_BOUND('',#478,.T.);
#323=FACE_OUTER_BOUND('',#481,.T.);
#324=FACE_OUTER_BOUND('',#482,.T.);
#325=FACE_OUTER_BOUND('',#484,.T.);
#326=FACE_OUTER_BOUND('',#486,.T.);
#327=FACE_OUTER_BOUND('',#489,.T.);
#328=FACE_OUTER_BOUND('',#490,.T.);
#329=FACE_OUTER_BOUND('',#492,.T.);
#330=FACE_OUTER_BOUND('',#495,.T.);
#331=FACE_OUTER_BOUND('',#496,.T.);
#332=FACE_OUTER_BOUND('',#497,.T.);
#333=FACE_OUTER_BOUND('',#498,.T.);
#334=FACE_OUTER_BOUND('',#499,.T.);
#335=FACE_OUTER_BOUND('',#500,.T.);
#336=FACE_OUTER_BOUND('',#510,.T.);
#337=FACE_OUTER_BOUND('',#511,.T.);
#338=FACE_OUTER_BOUND('',#512,.T.);
#339=FACE_OUTER_BOUND('',#513,.T.);
#340=FACE_OUTER_BOUND('',#514,.T.);
#341=FACE_OUTER_BOUND('',#515,.T.);
#342=FACE_OUTER_BOUND('',#516,.T.);
#343=FACE_OUTER_BOUND('',#517,.T.);
#344=FACE_OUTER_BOUND('',#518,.T.);
#345=FACE_OUTER_BOUND('',#519,.T.);
#346=FACE_OUTER_BOUND('',#520,.T.);
#347=FACE_OUTER_BOUND('',#521,.T.);
#348=FACE_OUTER_BOUND('',#522,.T.);
#349=FACE_OUTER_BOUND('',#523,.T.);
#350=FACE_OUTER_BOUND('',#524,.T.);
#351=FACE_OUTER_BOUND('',#525,.T.);
#352=FACE_OUTER_BOUND('',#526,.T.);
#353=FACE_OUTER_BOUND('',#527,.T.);
#354=FACE_OUTER_BOUND('',#528,.T.);
#355=FACE_OUTER_BOUND('',#529,.T.);
#356=FACE_OUTER_BOUND('',#530,.T.);
#357=FACE_OUTER_BOUND('',#531,.T.);
#358=FACE_OUTER_BOUND('',#532,.T.);
#359=FACE_OUTER_BOUND('',#533,.T.);
#360=FACE_OUTER_BOUND('',#534,.T.);
#361=FACE_OUTER_BOUND('',#535,.T.);
#362=FACE_OUTER_BOUND('',#542,.T.);
#363=FACE_OUTER_BOUND('',#543,.T.);
#364=FACE_OUTER_BOUND('',#544,.T.);
#365=FACE_OUTER_BOUND('',#545,.T.);
#366=FACE_OUTER_BOUND('',#546,.T.);
#367=FACE_OUTER_BOUND('',#547,.T.);
#368=FACE_OUTER_BOUND('',#548,.T.);
#369=FACE_OUTER_BOUND('',#549,.T.);
#370=FACE_OUTER_BOUND('',#550,.T.);
#371=FACE_OUTER_BOUND('',#551,.T.);
#372=FACE_OUTER_BOUND('',#552,.T.);
#373=FACE_OUTER_BOUND('',#553,.T.);
#374=FACE_OUTER_BOUND('',#554,.T.);
#375=FACE_OUTER_BOUND('',#555,.T.);
#376=FACE_OUTER_BOUND('',#556,.T.);
#377=FACE_OUTER_BOUND('',#557,.T.);
#378=FACE_OUTER_BOUND('',#558,.T.);
#379=FACE_OUTER_BOUND('',#559,.T.);
#380=FACE_OUTER_BOUND('',#560,.T.);
#381=FACE_OUTER_BOUND('',#561,.T.);
#382=FACE_OUTER_BOUND('',#562,.T.);
#383=FACE_OUTER_BOUND('',#563,.T.);
#384=FACE_OUTER_BOUND('',#564,.T.);
#385=FACE_OUTER_BOUND('',#565,.T.);
#386=FACE_OUTER_BOUND('',#567,.T.);
#387=FACE_OUTER_BOUND('',#568,.T.);
#388=FACE_OUTER_BOUND('',#569,.T.);
#389=FACE_OUTER_BOUND('',#570,.T.);
#390=FACE_OUTER_BOUND('',#572,.T.);
#391=FACE_OUTER_BOUND('',#573,.T.);
#392=FACE_OUTER_BOUND('',#574,.T.);
#393=FACE_OUTER_BOUND('',#575,.T.);
#394=FACE_OUTER_BOUND('',#576,.T.);
#395=FACE_OUTER_BOUND('',#577,.T.);
#396=FACE_OUTER_BOUND('',#578,.T.);
#397=FACE_OUTER_BOUND('',#579,.T.);
#398=FACE_OUTER_BOUND('',#580,.T.);
#399=FACE_OUTER_BOUND('',#581,.T.);
#400=FACE_OUTER_BOUND('',#582,.T.);
#401=FACE_OUTER_BOUND('',#583,.T.);
#402=FACE_OUTER_BOUND('',#584,.T.);
#403=FACE_OUTER_BOUND('',#585,.T.);
#404=FACE_OUTER_BOUND('',#586,.T.);
#405=FACE_OUTER_BOUND('',#587,.T.);
#406=FACE_OUTER_BOUND('',#588,.T.);
#407=FACE_OUTER_BOUND('',#589,.T.);
#408=FACE_OUTER_BOUND('',#590,.T.);
#409=FACE_OUTER_BOUND('',#591,.T.);
#410=FACE_OUTER_BOUND('',#592,.T.);
#411=FACE_OUTER_BOUND('',#593,.T.);
#412=FACE_OUTER_BOUND('',#594,.T.);
#413=FACE_OUTER_BOUND('',#595,.T.);
#414=FACE_OUTER_BOUND('',#596,.T.);
#415=FACE_OUTER_BOUND('',#597,.T.);
#416=FACE_OUTER_BOUND('',#598,.T.);
#417=FACE_OUTER_BOUND('',#599,.T.);
#418=FACE_OUTER_BOUND('',#600,.T.);
#419=FACE_OUTER_BOUND('',#601,.T.);
#420=FACE_OUTER_BOUND('',#602,.T.);
#421=FACE_OUTER_BOUND('',#603,.T.);
#422=FACE_OUTER_BOUND('',#604,.T.);
#423=FACE_OUTER_BOUND('',#605,.T.);
#424=FACE_OUTER_BOUND('',#606,.T.);
#425=FACE_OUTER_BOUND('',#607,.T.);
#426=FACE_OUTER_BOUND('',#608,.T.);
#427=FACE_OUTER_BOUND('',#609,.T.);
#428=FACE_OUTER_BOUND('',#610,.T.);
#429=FACE_OUTER_BOUND('',#611,.T.);
#430=FACE_OUTER_BOUND('',#612,.T.);
#431=FACE_OUTER_BOUND('',#613,.T.);
#432=FACE_OUTER_BOUND('',#614,.T.);
#433=FACE_OUTER_BOUND('',#615,.T.);
#434=FACE_OUTER_BOUND('',#616,.T.);
#435=FACE_OUTER_BOUND('',#618,.T.);
#436=FACE_OUTER_BOUND('',#619,.T.);
#437=FACE_OUTER_BOUND('',#620,.T.);
#438=FACE_OUTER_BOUND('',#621,.T.);
#439=FACE_OUTER_BOUND('',#622,.T.);
#440=FACE_OUTER_BOUND('',#623,.T.);
#441=FACE_OUTER_BOUND('',#624,.T.);
#442=FACE_OUTER_BOUND('',#625,.T.);
#443=FACE_OUTER_BOUND('',#626,.T.);
#444=FACE_OUTER_BOUND('',#627,.T.);
#445=FACE_OUTER_BOUND('',#628,.T.);
#446=FACE_OUTER_BOUND('',#629,.T.);
#447=FACE_OUTER_BOUND('',#630,.T.);
#448=FACE_OUTER_BOUND('',#631,.T.);
#449=FACE_OUTER_BOUND('',#632,.T.);
#450=FACE_OUTER_BOUND('',#633,.T.);
#451=FACE_OUTER_BOUND('',#634,.T.);
#452=FACE_OUTER_BOUND('',#635,.T.);
#453=FACE_OUTER_BOUND('',#636,.T.);
#454=FACE_OUTER_BOUND('',#637,.T.);
#455=FACE_OUTER_BOUND('',#638,.T.);
#456=FACE_OUTER_BOUND('',#639,.T.);
#457=FACE_OUTER_BOUND('',#640,.T.);
#458=FACE_OUTER_BOUND('',#641,.T.);
#459=FACE_OUTER_BOUND('',#642,.T.);
#460=FACE_OUTER_BOUND('',#643,.T.);
#461=FACE_OUTER_BOUND('',#644,.T.);
#462=FACE_OUTER_BOUND('',#645,.T.);
#463=FACE_OUTER_BOUND('',#646,.T.);
#464=FACE_OUTER_BOUND('',#647,.T.);
#465=FACE_OUTER_BOUND('',#648,.T.);
#466=FACE_OUTER_BOUND('',#649,.T.);
#467=FACE_OUTER_BOUND('',#650,.T.);
#468=FACE_OUTER_BOUND('',#651,.T.);
#469=EDGE_LOOP('',(#1545,#1546,#1547,#1548));
#470=EDGE_LOOP('',(#1549,#1550,#1551,#1552));
#471=EDGE_LOOP('',(#1553,#1554,#1555,#1556));
#472=EDGE_LOOP('',(#1557,#1558,#1559,#1560));
#473=EDGE_LOOP('',(#1561,#1562,#1563,#1564));
#474=EDGE_LOOP('',(#1565,#1566,#1567,#1568));
#475=EDGE_LOOP('',(#1569,#1570,#1571,#1572));
#476=EDGE_LOOP('',(#1573,#1574,#1575,#1576));
#477=EDGE_LOOP('',(#1577,#1578,#1579,#1580));
#478=EDGE_LOOP('',(#1581,#1582,#1583,#1584));
#479=EDGE_LOOP('',(#1585,#1586,#1587,#1588));
#480=EDGE_LOOP('',(#1589));
#481=EDGE_LOOP('',(#1590,#1591,#1592,#1593));
#482=EDGE_LOOP('',(#1594,#1595,#1596,#1597,#1598,#1599,#1600,#1601));
#483=EDGE_LOOP('',(#1602,#1603,#1604,#1605));
#484=EDGE_LOOP('',(#1606,#1607,#1608,#1609,#1610,#1611,#1612,#1613));
#485=EDGE_LOOP('',(#1614,#1615,#1616,#1617,#1618,#1619,#1620,#1621));
#486=EDGE_LOOP('',(#1622,#1623,#1624,#1625,#1626,#1627,#1628,#1629));
#487=EDGE_LOOP('',(#1630,#1631));
#488=EDGE_LOOP('',(#1632,#1633,#1634,#1635,#1636,#1637,#1638,#1639));
#489=EDGE_LOOP('',(#1640,#1641,#1642,#1643,#1644,#1645,#1646,#1647));
#490=EDGE_LOOP('',(#1648,#1649,#1650,#1651,#1652,#1653,#1654,#1655));
#491=EDGE_LOOP('',(#1656,#1657,#1658,#1659,#1660,#1661,#1662,#1663));
#492=EDGE_LOOP('',(#1664,#1665,#1666,#1667,#1668,#1669,#1670,#1671));
#493=EDGE_LOOP('',(#1672,#1673,#1674,#1675,#1676,#1677,#1678,#1679));
#494=EDGE_LOOP('',(#1680,#1681,#1682,#1683,#1684,#1685,#1686,#1687));
#495=EDGE_LOOP('',(#1688,#1689,#1690,#1691));
#496=EDGE_LOOP('',(#1692,#1693,#1694,#1695));
#497=EDGE_LOOP('',(#1696,#1697,#1698,#1699));
#498=EDGE_LOOP('',(#1700,#1701,#1702,#1703));
#499=EDGE_LOOP('',(#1704,#1705,#1706,#1707));
#500=EDGE_LOOP('',(#1708,#1709,#1710,#1711));
#501=EDGE_LOOP('',(#1712));
#502=EDGE_LOOP('',(#1713));
#503=EDGE_LOOP('',(#1714));
#504=EDGE_LOOP('',(#1715));
#505=EDGE_LOOP('',(#1716));
#506=EDGE_LOOP('',(#1717,#1718,#1719,#1720));
#507=EDGE_LOOP('',(#1721));
#508=EDGE_LOOP('',(#1722));
#509=EDGE_LOOP('',(#1723));
#510=EDGE_LOOP('',(#1724));
#511=EDGE_LOOP('',(#1725,#1726,#1727,#1728));
#512=EDGE_LOOP('',(#1729,#1730,#1731,#1732));
#513=EDGE_LOOP('',(#1733,#1734,#1735,#1736));
#514=EDGE_LOOP('',(#1737,#1738,#1739,#1740));
#515=EDGE_LOOP('',(#1741,#1742,#1743,#1744));
#516=EDGE_LOOP('',(#1745,#1746,#1747,#1748));
#517=EDGE_LOOP('',(#1749,#1750,#1751,#1752));
#518=EDGE_LOOP('',(#1753,#1754,#1755,#1756));
#519=EDGE_LOOP('',(#1757,#1758,#1759,#1760));
#520=EDGE_LOOP('',(#1761,#1762,#1763,#1764));
#521=EDGE_LOOP('',(#1765,#1766,#1767,#1768));
#522=EDGE_LOOP('',(#1769,#1770,#1771,#1772));
#523=EDGE_LOOP('',(#1773,#1774,#1775,#1776));
#524=EDGE_LOOP('',(#1777,#1778,#1779,#1780));
#525=EDGE_LOOP('',(#1781,#1782,#1783,#1784));
#526=EDGE_LOOP('',(#1785,#1786,#1787,#1788));
#527=EDGE_LOOP('',(#1789,#1790,#1791,#1792));
#528=EDGE_LOOP('',(#1793,#1794,#1795,#1796));
#529=EDGE_LOOP('',(#1797,#1798,#1799,#1800));
#530=EDGE_LOOP('',(#1801,#1802,#1803,#1804));
#531=EDGE_LOOP('',(#1805,#1806,#1807,#1808));
#532=EDGE_LOOP('',(#1809,#1810,#1811,#1812));
#533=EDGE_LOOP('',(#1813,#1814,#1815,#1816));
#534=EDGE_LOOP('',(#1817,#1818,#1819,#1820));
#535=EDGE_LOOP('',(#1821,#1822,#1823,#1824,#1825,#1826,#1827,#1828));
#536=EDGE_LOOP('',(#1829));
#537=EDGE_LOOP('',(#1830));
#538=EDGE_LOOP('',(#1831));
#539=EDGE_LOOP('',(#1832));
#540=EDGE_LOOP('',(#1833));
#541=EDGE_LOOP('',(#1834));
#542=EDGE_LOOP('',(#1835,#1836,#1837,#1838));
#543=EDGE_LOOP('',(#1839,#1840,#1841,#1842));
#544=EDGE_LOOP('',(#1843,#1844,#1845,#1846));
#545=EDGE_LOOP('',(#1847,#1848,#1849,#1850));
#546=EDGE_LOOP('',(#1851,#1852,#1853,#1854));
#547=EDGE_LOOP('',(#1855,#1856,#1857,#1858));
#548=EDGE_LOOP('',(#1859,#1860,#1861,#1862));
#549=EDGE_LOOP('',(#1863,#1864,#1865,#1866));
#550=EDGE_LOOP('',(#1867,#1868,#1869,#1870));
#551=EDGE_LOOP('',(#1871,#1872,#1873,#1874));
#552=EDGE_LOOP('',(#1875,#1876,#1877,#1878));
#553=EDGE_LOOP('',(#1879,#1880,#1881,#1882));
#554=EDGE_LOOP('',(#1883,#1884,#1885,#1886));
#555=EDGE_LOOP('',(#1887,#1888,#1889,#1890));
#556=EDGE_LOOP('',(#1891,#1892,#1893,#1894));
#557=EDGE_LOOP('',(#1895,#1896,#1897,#1898));
#558=EDGE_LOOP('',(#1899,#1900,#1901,#1902,#1903));
#559=EDGE_LOOP('',(#1904));
#560=EDGE_LOOP('',(#1905,#1906,#1907,#1908,#1909));
#561=EDGE_LOOP('',(#1910));
#562=EDGE_LOOP('',(#1911,#1912,#1913,#1914,#1915));
#563=EDGE_LOOP('',(#1916));
#564=EDGE_LOOP('',(#1917,#1918,#1919,#1920));
#565=EDGE_LOOP('',(#1921));
#566=EDGE_LOOP('',(#1922));
#567=EDGE_LOOP('',(#1923,#1924,#1925,#1926));
#568=EDGE_LOOP('',(#1927));
#569=EDGE_LOOP('',(#1928,#1929,#1930,#1931));
#570=EDGE_LOOP('',(#1932));
#571=EDGE_LOOP('',(#1933));
#572=EDGE_LOOP('',(#1934,#1935,#1936,#1937));
#573=EDGE_LOOP('',(#1938));
#574=EDGE_LOOP('',(#1939,#1940,#1941,#1942));
#575=EDGE_LOOP('',(#1943));
#576=EDGE_LOOP('',(#1944,#1945,#1946,#1947));
#577=EDGE_LOOP('',(#1948,#1949,#1950,#1951));
#578=EDGE_LOOP('',(#1952,#1953,#1954,#1955));
#579=EDGE_LOOP('',(#1956,#1957,#1958,#1959));
#580=EDGE_LOOP('',(#1960,#1961,#1962,#1963));
#581=EDGE_LOOP('',(#1964,#1965,#1966,#1967));
#582=EDGE_LOOP('',(#1968,#1969,#1970,#1971));
#583=EDGE_LOOP('',(#1972,#1973,#1974,#1975));
#584=EDGE_LOOP('',(#1976,#1977,#1978,#1979));
#585=EDGE_LOOP('',(#1980,#1981,#1982,#1983));
#586=EDGE_LOOP('',(#1984,#1985,#1986,#1987));
#587=EDGE_LOOP('',(#1988,#1989,#1990,#1991));
#588=EDGE_LOOP('',(#1992,#1993,#1994,#1995));
#589=EDGE_LOOP('',(#1996,#1997,#1998,#1999));
#590=EDGE_LOOP('',(#2000,#2001,#2002,#2003));
#591=EDGE_LOOP('',(#2004,#2005,#2006,#2007));
#592=EDGE_LOOP('',(#2008,#2009));
#593=EDGE_LOOP('',(#2010,#2011,#2012,#2013,#2014));
#594=EDGE_LOOP('',(#2015,#2016,#2017,#2018,#2019));
#595=EDGE_LOOP('',(#2020,#2021,#2022,#2023,#2024));
#596=EDGE_LOOP('',(#2025,#2026,#2027,#2028));
#597=EDGE_LOOP('',(#2029));
#598=EDGE_LOOP('',(#2030,#2031,#2032,#2033));
#599=EDGE_LOOP('',(#2034));
#600=EDGE_LOOP('',(#2035,#2036,#2037,#2038));
#601=EDGE_LOOP('',(#2039));
#602=EDGE_LOOP('',(#2040,#2041,#2042,#2043));
#603=EDGE_LOOP('',(#2044,#2045,#2046,#2047));
#604=EDGE_LOOP('',(#2048,#2049,#2050,#2051));
#605=EDGE_LOOP('',(#2052,#2053,#2054,#2055));
#606=EDGE_LOOP('',(#2056,#2057,#2058,#2059));
#607=EDGE_LOOP('',(#2060));
#608=EDGE_LOOP('',(#2061,#2062,#2063,#2064));
#609=EDGE_LOOP('',(#2065));
#610=EDGE_LOOP('',(#2066,#2067,#2068,#2069));
#611=EDGE_LOOP('',(#2070));
#612=EDGE_LOOP('',(#2071,#2072,#2073,#2074));
#613=EDGE_LOOP('',(#2075));
#614=EDGE_LOOP('',(#2076,#2077,#2078,#2079));
#615=EDGE_LOOP('',(#2080));
#616=EDGE_LOOP('',(#2081,#2082,#2083,#2084));
#617=EDGE_LOOP('',(#2085,#2086,#2087,#2088));
#618=EDGE_LOOP('',(#2089,#2090,#2091,#2092));
#619=EDGE_LOOP('',(#2093,#2094,#2095,#2096));
#620=EDGE_LOOP('',(#2097,#2098,#2099,#2100));
#621=EDGE_LOOP('',(#2101,#2102,#2103,#2104));
#622=EDGE_LOOP('',(#2105,#2106,#2107,#2108));
#623=EDGE_LOOP('',(#2109,#2110,#2111,#2112));
#624=EDGE_LOOP('',(#2113,#2114,#2115,#2116));
#625=EDGE_LOOP('',(#2117,#2118,#2119,#2120));
#626=EDGE_LOOP('',(#2121,#2122,#2123,#2124));
#627=EDGE_LOOP('',(#2125,#2126,#2127,#2128));
#628=EDGE_LOOP('',(#2129,#2130,#2131,#2132));
#629=EDGE_LOOP('',(#2133,#2134,#2135,#2136));
#630=EDGE_LOOP('',(#2137,#2138,#2139,#2140));
#631=EDGE_LOOP('',(#2141,#2142,#2143,#2144));
#632=EDGE_LOOP('',(#2145,#2146,#2147,#2148));
#633=EDGE_LOOP('',(#2149,#2150,#2151,#2152));
#634=EDGE_LOOP('',(#2153,#2154,#2155,#2156));
#635=EDGE_LOOP('',(#2157,#2158,#2159,#2160));
#636=EDGE_LOOP('',(#2161,#2162,#2163,#2164));
#637=EDGE_LOOP('',(#2165,#2166,#2167,#2168));
#638=EDGE_LOOP('',(#2169,#2170,#2171,#2172));
#639=EDGE_LOOP('',(#2173,#2174,#2175,#2176));
#640=EDGE_LOOP('',(#2177,#2178,#2179,#2180));
#641=EDGE_LOOP('',(#2181,#2182,#2183,#2184));
#642=EDGE_LOOP('',(#2185,#2186,#2187,#2188));
#643=EDGE_LOOP('',(#2189,#2190,#2191,#2192));
#644=EDGE_LOOP('',(#2193,#2194,#2195,#2196));
#645=EDGE_LOOP('',(#2197,#2198,#2199,#2200));
#646=EDGE_LOOP('',(#2201,#2202,#2203,#2204));
#647=EDGE_LOOP('',(#2205,#2206,#2207,#2208));
#648=EDGE_LOOP('',(#2209,#2210,#2211,#2212));
#649=EDGE_LOOP('',(#2213,#2214,#2215,#2216));
#650=EDGE_LOOP('',(#2217,#2218,#2219,#2220));
#651=EDGE_LOOP('',(#2221,#2222,#2223,#2224));
#652=LINE('',#3602,#816);
#653=LINE('',#3604,#817);
#654=LINE('',#3606,#818);
#655=LINE('',#3607,#819);
#656=LINE('',#3612,#820);
#657=LINE('',#3615,#821);
#658=LINE('',#3620,#822);
#659=LINE('',#3623,#823);
#660=LINE('',#3628,#824);
#661=LINE('',#3631,#825);
#662=LINE('',#3635,#826);
#663=LINE('',#3637,#827);
#664=LINE('',#3639,#828);
#665=LINE('',#3640,#829);
#666=LINE('',#3645,#830);
#667=LINE('',#3648,#831);
#668=LINE('',#3651,#832);
#669=LINE('',#3655,#833);
#670=LINE('',#3662,#834);
#671=LINE('',#3665,#835);
#672=LINE('',#3668,#836);
#673=LINE('',#3672,#837);
#674=LINE('',#3677,#838);
#675=LINE('',#3681,#839);
#676=LINE('',#3687,#840);
#677=LINE('',#3690,#841);
#678=LINE('',#3697,#842);
#679=LINE('',#3701,#843);
#680=LINE('',#3705,#844);
#681=LINE('',#3709,#845);
#682=LINE('',#3716,#846);
#683=LINE('',#3720,#847);
#684=LINE('',#3724,#848);
#685=LINE('',#3727,#849);
#686=LINE('',#3731,#850);
#687=LINE('',#3735,#851);
#688=LINE('',#3739,#852);
#689=LINE('',#3743,#853);
#690=LINE('',#3771,#854);
#691=LINE('',#3775,#855);
#692=LINE('',#3779,#856);
#693=LINE('',#3782,#857);
#694=LINE('',#3787,#858);
#695=LINE('',#3791,#859);
#696=LINE('',#3795,#860);
#697=LINE('',#3798,#861);
#698=LINE('',#3804,#862);
#699=LINE('',#3808,#863);
#700=LINE('',#3812,#864);
#701=LINE('',#3815,#865);
#702=LINE('',#3820,#866);
#703=LINE('',#3824,#867);
#704=LINE('',#3828,#868);
#705=LINE('',#3831,#869);
#706=LINE('',#3836,#870);
#707=LINE('',#3840,#871);
#708=LINE('',#3844,#872);
#709=LINE('',#3847,#873);
#710=LINE('',#3851,#874);
#711=LINE('',#3858,#875);
#712=LINE('',#3862,#876);
#713=LINE('',#3864,#877);
#714=LINE('',#3865,#878);
#715=LINE('',#3873,#879);
#716=LINE('',#3876,#880);
#717=LINE('',#3877,#881);
#718=LINE('',#3890,#882);
#719=LINE('',#3894,#883);
#720=LINE('',#3938,#884);
#721=LINE('',#3942,#885);
#722=LINE('',#3947,#886);
#723=LINE('',#3948,#887);
#724=LINE('',#3949,#888);
#725=LINE('',#3953,#889);
#726=LINE('',#3959,#890);
#727=LINE('',#3960,#891);
#728=LINE('',#3961,#892);
#729=LINE('',#3965,#893);
#730=LINE('',#3971,#894);
#731=LINE('',#3972,#895);
#732=LINE('',#3973,#896);
#733=LINE('',#3977,#897);
#734=LINE('',#3981,#898);
#735=LINE('',#3982,#899);
#736=LINE('',#3988,#900);
#737=LINE('',#3992,#901);
#738=LINE('',#3996,#902);
#739=LINE('',#3999,#903);
#740=LINE('',#4046,#904);
#741=LINE('',#4055,#905);
#742=LINE('',#4064,#906);
#743=LINE('',#4074,#907);
#744=LINE('',#4081,#908);
#745=LINE('',#4086,#909);
#746=LINE('',#4092,#910);
#747=LINE('',#4097,#911);
#748=LINE('',#4101,#912);
#749=LINE('',#4102,#913);
#750=LINE('',#4104,#914);
#751=LINE('',#4106,#915);
#752=LINE('',#4108,#916);
#753=LINE('',#4110,#917);
#754=LINE('',#4112,#918);
#755=LINE('',#4114,#919);
#756=LINE('',#4117,#920);
#757=LINE('',#4118,#921);
#758=LINE('',#4120,#922);
#759=LINE('',#4122,#923);
#760=LINE('',#4124,#924);
#761=LINE('',#4126,#925);
#762=LINE('',#4128,#926);
#763=LINE('',#4130,#927);
#764=LINE('',#4142,#928);
#765=LINE('',#4147,#929);
#766=LINE('',#4152,#930);
#767=LINE('',#4155,#931);
#768=LINE('',#4156,#932);
#769=LINE('',#4158,#933);
#770=LINE('',#4160,#934);
#771=LINE('',#4165,#935);
#772=LINE('',#4170,#936);
#773=LINE('',#4175,#937);
#774=LINE('',#4180,#938);
#775=LINE('',#4185,#939);
#776=LINE('',#4192,#940);
#777=LINE('',#4195,#941);
#778=LINE('',#4198,#942);
#779=LINE('',#4202,#943);
#780=LINE('',#4205,#944);
#781=LINE('',#4206,#945);
#782=LINE('',#4208,#946);
#783=LINE('',#4210,#947);
#784=LINE('',#4216,#948);
#785=LINE('',#4217,#949);
#786=LINE('',#4220,#950);
#787=LINE('',#4221,#951);
#788=LINE('',#4225,#952);
#789=LINE('',#4227,#953);
#790=LINE('',#4234,#954);
#791=LINE('',#4237,#955);
#792=LINE('',#4248,#956);
#793=LINE('',#4251,#957);
#794=LINE('',#4254,#958);
#795=LINE('',#4255,#959);
#796=LINE('',#4259,#960);
#797=LINE('',#4261,#961);
#798=LINE('',#4265,#962);
#799=LINE('',#4268,#963);
#800=LINE('',#4271,#964);
#801=LINE('',#4272,#965);
#802=LINE('',#4275,#966);
#803=LINE('',#4278,#967);
#804=LINE('',#4282,#968);
#805=LINE('',#4285,#969);
#806=LINE('',#4288,#970);
#807=LINE('',#4289,#971);
#808=LINE('',#4292,#972);
#809=LINE('',#4295,#973);
#810=LINE('',#4299,#974);
#811=LINE('',#4302,#975);
#812=LINE('',#4305,#976);
#813=LINE('',#4306,#977);
#814=LINE('',#4309,#978);
#815=LINE('',#4312,#979);
#816=VECTOR('',#2784,4.95);
#817=VECTOR('',#2785,125.6);
#818=VECTOR('',#2786,4.95);
#819=VECTOR('',#2787,125.6);
#820=VECTOR('',#2790,5.65048290802748);
#821=VECTOR('',#2793,5.65048290802749);
#822=VECTOR('',#2796,13.0798215463599);
#823=VECTOR('',#2799,13.0798215463599);
#824=VECTOR('',#2802,13.0798215463599);
#825=VECTOR('',#2805,13.0798215463599);
#826=VECTOR('',#2808,4.95);
#827=VECTOR('',#2809,125.6);
#828=VECTOR('',#2810,4.95);
#829=VECTOR('',#2811,125.6);
#830=VECTOR('',#2814,17.2653644411951);
#831=VECTOR('',#2817,17.2653644411951);
#832=VECTOR('',#2818,20.1952444675797);
#833=VECTOR('',#2821,20.1952444675797);
#834=VECTOR('',#2828,9.39448587350328);
#835=VECTOR('',#2831,9.39448587350328);
#836=VECTOR('',#2832,9.39448587350328);
#837=VECTOR('',#2835,9.39448587350328);
#838=VECTOR('',#2840,15.);
#839=VECTOR('',#2843,15.);
#840=VECTOR('',#2848,10.);
#841=VECTOR('',#2851,10.);
#842=VECTOR('',#2858,47.5);
#843=VECTOR('',#2861,125.6);
#844=VECTOR('',#2864,47.5);
#845=VECTOR('',#2867,125.6);
#846=VECTOR('',#2874,125.6);
#847=VECTOR('',#2877,47.5);
#848=VECTOR('',#2880,125.6);
#849=VECTOR('',#2883,47.5);
#850=VECTOR('',#2886,80.6);
#851=VECTOR('',#2889,43.);
#852=VECTOR('',#2892,80.6);
#853=VECTOR('',#2895,43.);
#854=VECTOR('',#2924,43.);
#855=VECTOR('',#2927,80.6);
#856=VECTOR('',#2930,43.);
#857=VECTOR('',#2933,80.6);
#858=VECTOR('',#2936,80.6);
#859=VECTOR('',#2939,43.);
#860=VECTOR('',#2942,80.6);
#861=VECTOR('',#2945,43.);
#862=VECTOR('',#2950,47.5);
#863=VECTOR('',#2953,125.6);
#864=VECTOR('',#2956,47.5);
#865=VECTOR('',#2959,125.6);
#866=VECTOR('',#2962,80.6);
#867=VECTOR('',#2965,43.);
#868=VECTOR('',#2968,80.6);
#869=VECTOR('',#2971,43.);
#870=VECTOR('',#2974,43.);
#871=VECTOR('',#2977,15.);
#872=VECTOR('',#2980,43.);
#873=VECTOR('',#2983,15.);
#874=VECTOR('',#2986,4.95);
#875=VECTOR('',#2995,4.95);
#876=VECTOR('',#3000,47.5);
#877=VECTOR('',#3001,4.95);
#878=VECTOR('',#3002,47.5);
#879=VECTOR('',#3013,4.95);
#880=VECTOR('',#3018,47.5);
#881=VECTOR('',#3019,47.5);
#882=VECTOR('',#3030,9.39448587350328);
#883=VECTOR('',#3033,9.39448587350328);
#884=VECTOR('',#3110,1.);
#885=VECTOR('',#3113,1.);
#886=VECTOR('',#3118,1.);
#887=VECTOR('',#3119,15.);
#888=VECTOR('',#3120,15.);
#889=VECTOR('',#3123,1.);
#890=VECTOR('',#3130,1.);
#891=VECTOR('',#3131,43.);
#892=VECTOR('',#3132,43.);
#893=VECTOR('',#3135,1.);
#894=VECTOR('',#3142,1.);
#895=VECTOR('',#3143,15.);
#896=VECTOR('',#3144,15.);
#897=VECTOR('',#3147,1.);
#898=VECTOR('',#3154,43.);
#899=VECTOR('',#3155,43.);
#900=VECTOR('',#3160,43.);
#901=VECTOR('',#3163,15.);
#902=VECTOR('',#3166,43.);
#903=VECTOR('',#3169,15.);
#904=VECTOR('',#3248,6.75);
#905=VECTOR('',#3259,6.75);
#906=VECTOR('',#3270,6.75);
#907=VECTOR('',#3283,2.5);
#908=VECTOR('',#3292,0.499999999999999);
#909=VECTOR('',#3299,2.5);
#910=VECTOR('',#3306,2.4);
#911=VECTOR('',#3313,2.4);
#912=VECTOR('',#3320,0.0499999999999995);
#913=VECTOR('',#3321,0.0499999999999995);
#914=VECTOR('',#3324,0.0499999999999995);
#915=VECTOR('',#3327,0.0499999999999995);
#916=VECTOR('',#3330,0.0499999999999995);
#917=VECTOR('',#3333,0.0499999999999995);
#918=VECTOR('',#3336,0.0499999999999995);
#919=VECTOR('',#3339,0.0499999999999995);
#920=VECTOR('',#3344,0.0500000000000084);
#921=VECTOR('',#3345,0.0500000000000084);
#922=VECTOR('',#3348,0.0500000000000084);
#923=VECTOR('',#3351,0.0500000000000084);
#924=VECTOR('',#3354,0.0500000000000084);
#925=VECTOR('',#3357,0.0500000000000084);
#926=VECTOR('',#3360,0.0500000000000084);
#927=VECTOR('',#3363,0.0500000000000084);
#928=VECTOR('',#3384,1.);
#929=VECTOR('',#3391,1.);
#930=VECTOR('',#3398,1.);
#931=VECTOR('',#3403,1.00000000000001);
#932=VECTOR('',#3404,1.00000000000001);
#933=VECTOR('',#3407,1.00000000000001);
#934=VECTOR('',#3410,1.00000000000001);
#935=VECTOR('',#3417,1.);
#936=VECTOR('',#3424,1.);
#937=VECTOR('',#3431,1.);
#938=VECTOR('',#3438,1.);
#939=VECTOR('',#3445,1.);
#940=VECTOR('',#3452,9.39448587350328);
#941=VECTOR('',#3455,9.39448587350328);
#942=VECTOR('',#3456,9.39448587350328);
#943=VECTOR('',#3459,9.39448587350328);
#944=VECTOR('',#3464,1.00000000000001);
#945=VECTOR('',#3465,1.00000000000001);
#946=VECTOR('',#3468,1.00000000000001);
#947=VECTOR('',#3471,1.00000000000001);
#948=VECTOR('',#3478,1.00000000000001);
#949=VECTOR('',#3479,1.00000000000001);
#950=VECTOR('',#3482,9.39448587350328);
#951=VECTOR('',#3483,1.00000000000001);
#952=VECTOR('',#3488,1.00000000000001);
#953=VECTOR('',#3491,9.39448587350328);
#954=VECTOR('',#3498,17.2653644411951);
#955=VECTOR('',#3501,17.2653644411951);
#956=VECTOR('',#3520,0.499999999999998);
#957=VECTOR('',#3523,0.499999999999998);
#958=VECTOR('',#3526,20.1952444675797);
#959=VECTOR('',#3527,0.499999999999998);
#960=VECTOR('',#3532,0.499999999999998);
#961=VECTOR('',#3535,20.1952444675797);
#962=VECTOR('',#3540,0.500000000000003);
#963=VECTOR('',#3543,0.500000000000003);
#964=VECTOR('',#3546,0.500000000000003);
#965=VECTOR('',#3547,5.65048290802749);
#966=VECTOR('',#3550,0.500000000000003);
#967=VECTOR('',#3555,5.65048290802749);
#968=VECTOR('',#3560,0.500000000000003);
#969=VECTOR('',#3563,0.500000000000003);
#970=VECTOR('',#3566,0.500000000000003);
#971=VECTOR('',#3567,13.0798215463599);
#972=VECTOR('',#3570,0.500000000000003);
#973=VECTOR('',#3575,13.0798215463599);
#974=VECTOR('',#3580,0.500000000000003);
#975=VECTOR('',#3583,0.500000000000003);
#976=VECTOR('',#3586,0.500000000000003);
#977=VECTOR('',#3587,13.0798215463599);
#978=VECTOR('',#3590,0.500000000000003);
#979=VECTOR('',#3595,13.0798215463599);
#980=VERTEX_POINT('',#3600);
#981=VERTEX_POINT('',#3601);
#982=VERTEX_POINT('',#3603);
#983=VERTEX_POINT('',#3605);
#984=VERTEX_POINT('',#3608);
#985=VERTEX_POINT('',#3609);
#986=VERTEX_POINT('',#3611);
#987=VERTEX_POINT('',#3613);
#988=VERTEX_POINT('',#3616);
#989=VERTEX_POINT('',#3617);
#990=VERTEX_POINT('',#3619);
#991=VERTEX_POINT('',#3621);
#992=VERTEX_POINT('',#3624);
#993=VERTEX_POINT('',#3625);
#994=VERTEX_POINT('',#3627);
#995=VERTEX_POINT('',#3629);
#996=VERTEX_POINT('',#3633);
#997=VERTEX_POINT('',#3634);
#998=VERTEX_POINT('',#3636);
#999=VERTEX_POINT('',#3638);
#1000=VERTEX_POINT('',#3641);
#1001=VERTEX_POINT('',#3642);
#1002=VERTEX_POINT('',#3644);
#1003=VERTEX_POINT('',#3646);
#1004=VERTEX_POINT('',#3649);
#1005=VERTEX_POINT('',#3650);
#1006=VERTEX_POINT('',#3652);
#1007=VERTEX_POINT('',#3654);
#1008=VERTEX_POINT('',#3658);
#1009=VERTEX_POINT('',#3659);
#1010=VERTEX_POINT('',#3661);
#1011=VERTEX_POINT('',#3663);
#1012=VERTEX_POINT('',#3666);
#1013=VERTEX_POINT('',#3667);
#1014=VERTEX_POINT('',#3669);
#1015=VERTEX_POINT('',#3671);
#1016=VERTEX_POINT('',#3675);
#1017=VERTEX_POINT('',#3676);
#1018=VERTEX_POINT('',#3678);
#1019=VERTEX_POINT('',#3680);
#1020=VERTEX_POINT('',#3683);
#1021=VERTEX_POINT('',#3684);
#1022=VERTEX_POINT('',#3686);
#1023=VERTEX_POINT('',#3688);
#1024=VERTEX_POINT('',#3691);
#1025=VERTEX_POINT('',#3695);
#1026=VERTEX_POINT('',#3696);
#1027=VERTEX_POINT('',#3698);
#1028=VERTEX_POINT('',#3700);
#1029=VERTEX_POINT('',#3702);
#1030=VERTEX_POINT('',#3704);
#1031=VERTEX_POINT('',#3706);
#1032=VERTEX_POINT('',#3708);
#1033=VERTEX_POINT('',#3712);
#1034=VERTEX_POINT('',#3713);
#1035=VERTEX_POINT('',#3715);
#1036=VERTEX_POINT('',#3717);
#1037=VERTEX_POINT('',#3719);
#1038=VERTEX_POINT('',#3721);
#1039=VERTEX_POINT('',#3723);
#1040=VERTEX_POINT('',#3725);
#1041=VERTEX_POINT('',#3729);
#1042=VERTEX_POINT('',#3730);
#1043=VERTEX_POINT('',#3732);
#1044=VERTEX_POINT('',#3734);
#1045=VERTEX_POINT('',#3736);
#1046=VERTEX_POINT('',#3738);
#1047=VERTEX_POINT('',#3740);
#1048=VERTEX_POINT('',#3742);
#1049=VERTEX_POINT('',#3745);
#1050=VERTEX_POINT('',#3746);
#1051=VERTEX_POINT('',#3749);
#1052=VERTEX_POINT('',#3750);
#1053=VERTEX_POINT('',#3752);
#1054=VERTEX_POINT('',#3754);
#1055=VERTEX_POINT('',#3756);
#1056=VERTEX_POINT('',#3758);
#1057=VERTEX_POINT('',#3760);
#1058=VERTEX_POINT('',#3762);
#1059=VERTEX_POINT('',#3767);
#1060=VERTEX_POINT('',#3768);
#1061=VERTEX_POINT('',#3770);
#1062=VERTEX_POINT('',#3772);
#1063=VERTEX_POINT('',#3774);
#1064=VERTEX_POINT('',#3776);
#1065=VERTEX_POINT('',#3778);
#1066=VERTEX_POINT('',#3780);
#1067=VERTEX_POINT('',#3783);
#1068=VERTEX_POINT('',#3784);
#1069=VERTEX_POINT('',#3786);
#1070=VERTEX_POINT('',#3788);
#1071=VERTEX_POINT('',#3790);
#1072=VERTEX_POINT('',#3792);
#1073=VERTEX_POINT('',#3794);
#1074=VERTEX_POINT('',#3796);
#1075=VERTEX_POINT('',#3800);
#1076=VERTEX_POINT('',#3801);
#1077=VERTEX_POINT('',#3803);
#1078=VERTEX_POINT('',#3805);
#1079=VERTEX_POINT('',#3807);
#1080=VERTEX_POINT('',#3809);
#1081=VERTEX_POINT('',#3811);
#1082=VERTEX_POINT('',#3813);
#1083=VERTEX_POINT('',#3816);
#1084=VERTEX_POINT('',#3817);
#1085=VERTEX_POINT('',#3819);
#1086=VERTEX_POINT('',#3821);
#1087=VERTEX_POINT('',#3823);
#1088=VERTEX_POINT('',#3825);
#1089=VERTEX_POINT('',#3827);
#1090=VERTEX_POINT('',#3829);
#1091=VERTEX_POINT('',#3832);
#1092=VERTEX_POINT('',#3833);
#1093=VERTEX_POINT('',#3835);
#1094=VERTEX_POINT('',#3837);
#1095=VERTEX_POINT('',#3839);
#1096=VERTEX_POINT('',#3841);
#1097=VERTEX_POINT('',#3843);
#1098=VERTEX_POINT('',#3845);
#1099=VERTEX_POINT('',#3849);
#1100=VERTEX_POINT('',#3850);
#1101=VERTEX_POINT('',#3855);
#1102=VERTEX_POINT('',#3857);
#1103=VERTEX_POINT('',#3861);
#1104=VERTEX_POINT('',#3863);
#1105=VERTEX_POINT('',#3870);
#1106=VERTEX_POINT('',#3872);
#1107=VERTEX_POINT('',#3878);
#1108=VERTEX_POINT('',#3880);
#1109=VERTEX_POINT('',#3882);
#1110=VERTEX_POINT('',#3884);
#1111=VERTEX_POINT('',#3886);
#1112=VERTEX_POINT('',#3888);
#1113=VERTEX_POINT('',#3889);
#1114=VERTEX_POINT('',#3891);
#1115=VERTEX_POINT('',#3893);
#1116=VERTEX_POINT('',#3896);
#1117=VERTEX_POINT('',#3898);
#1118=VERTEX_POINT('',#3900);
#1119=VERTEX_POINT('',#3936);
#1120=VERTEX_POINT('',#3937);
#1121=VERTEX_POINT('',#3939);
#1122=VERTEX_POINT('',#3941);
#1123=VERTEX_POINT('',#3945);
#1124=VERTEX_POINT('',#3946);
#1125=VERTEX_POINT('',#3951);
#1126=VERTEX_POINT('',#3952);
#1127=VERTEX_POINT('',#3957);
#1128=VERTEX_POINT('',#3958);
#1129=VERTEX_POINT('',#3963);
#1130=VERTEX_POINT('',#3964);
#1131=VERTEX_POINT('',#3969);
#1132=VERTEX_POINT('',#3970);
#1133=VERTEX_POINT('',#3975);
#1134=VERTEX_POINT('',#3976);
#1135=VERTEX_POINT('',#3984);
#1136=VERTEX_POINT('',#3985);
#1137=VERTEX_POINT('',#3987);
#1138=VERTEX_POINT('',#3989);
#1139=VERTEX_POINT('',#3991);
#1140=VERTEX_POINT('',#3993);
#1141=VERTEX_POINT('',#3995);
#1142=VERTEX_POINT('',#3997);
#1143=VERTEX_POINT('',#4000);
#1144=VERTEX_POINT('',#4002);
#1145=VERTEX_POINT('',#4004);
#1146=VERTEX_POINT('',#4006);
#1147=VERTEX_POINT('',#4008);
#1148=VERTEX_POINT('',#4010);
#1149=VERTEX_POINT('',#4045);
#1150=VERTEX_POINT('',#4047);
#1151=VERTEX_POINT('',#4051);
#1152=VERTEX_POINT('',#4054);
#1153=VERTEX_POINT('',#4056);
#1154=VERTEX_POINT('',#4060);
#1155=VERTEX_POINT('',#4063);
#1156=VERTEX_POINT('',#4065);
#1157=VERTEX_POINT('',#4069);
#1158=VERTEX_POINT('',#4072);
#1159=VERTEX_POINT('',#4076);
#1160=VERTEX_POINT('',#4079);
#1161=VERTEX_POINT('',#4084);
#1162=VERTEX_POINT('',#4088);
#1163=VERTEX_POINT('',#4091);
#1164=VERTEX_POINT('',#4096);
#1165=VERTEX_POINT('',#4140);
#1166=VERTEX_POINT('',#4145);
#1167=VERTEX_POINT('',#4150);
#1168=VERTEX_POINT('',#4163);
#1169=VERTEX_POINT('',#4168);
#1170=VERTEX_POINT('',#4173);
#1171=VERTEX_POINT('',#4178);
#1172=VERTEX_POINT('',#4183);
#1173=VERTEX_POINT('',#4188);
#1174=VERTEX_POINT('',#4189);
#1175=VERTEX_POINT('',#4191);
#1176=VERTEX_POINT('',#4193);
#1177=VERTEX_POINT('',#4196);
#1178=VERTEX_POINT('',#4197);
#1179=VERTEX_POINT('',#4199);
#1180=VERTEX_POINT('',#4201);
#1181=VERTEX_POINT('',#4213);
#1182=VERTEX_POINT('',#4214);
#1183=VERTEX_POINT('',#4219);
#1184=VERTEX_POINT('',#4223);
#1185=VERTEX_POINT('',#4230);
#1186=VERTEX_POINT('',#4231);
#1187=VERTEX_POINT('',#4233);
#1188=VERTEX_POINT('',#4235);
#1189=VERTEX_POINT('',#4247);
#1190=VERTEX_POINT('',#4249);
#1191=VERTEX_POINT('',#4253);
#1192=VERTEX_POINT('',#4257);
#1193=VERTEX_POINT('',#4264);
#1194=VERTEX_POINT('',#4266);
#1195=VERTEX_POINT('',#4270);
#1196=VERTEX_POINT('',#4274);
#1197=VERTEX_POINT('',#4281);
#1198=VERTEX_POINT('',#4283);
#1199=VERTEX_POINT('',#4287);
#1200=VERTEX_POINT('',#4291);
#1201=VERTEX_POINT('',#4298);
#1202=VERTEX_POINT('',#4300);
#1203=VERTEX_POINT('',#4304);
#1204=VERTEX_POINT('',#4308);
#1205=EDGE_CURVE('',#980,#981,#652,.T.);
#1206=EDGE_CURVE('',#981,#982,#653,.T.);
#1207=EDGE_CURVE('',#983,#982,#654,.T.);
#1208=EDGE_CURVE('',#983,#980,#655,.F.);
#1209=EDGE_CURVE('',#984,#985,#143,.T.);
#1210=EDGE_CURVE('',#986,#984,#656,.T.);
#1211=EDGE_CURVE('',#987,#986,#144,.T.);
#1212=EDGE_CURVE('',#985,#987,#657,.T.);
#1213=EDGE_CURVE('',#988,#989,#145,.T.);
#1214=EDGE_CURVE('',#990,#988,#658,.T.);
#1215=EDGE_CURVE('',#991,#990,#146,.T.);
#1216=EDGE_CURVE('',#989,#991,#659,.T.);
#1217=EDGE_CURVE('',#992,#993,#147,.T.);
#1218=EDGE_CURVE('',#994,#992,#660,.T.);
#1219=EDGE_CURVE('',#995,#994,#148,.T.);
#1220=EDGE_CURVE('',#993,#995,#661,.T.);
#1221=EDGE_CURVE('',#996,#997,#662,.T.);
#1222=EDGE_CURVE('',#997,#998,#663,.T.);
#1223=EDGE_CURVE('',#999,#998,#664,.T.);
#1224=EDGE_CURVE('',#999,#996,#665,.F.);
#1225=EDGE_CURVE('',#1000,#1001,#149,.T.);
#1226=EDGE_CURVE('',#1002,#1000,#666,.T.);
#1227=EDGE_CURVE('',#1003,#1002,#150,.T.);
#1228=EDGE_CURVE('',#1001,#1003,#667,.T.);
#1229=EDGE_CURVE('',#1004,#1005,#668,.T.);
#1230=EDGE_CURVE('',#1006,#1004,#151,.T.);
#1231=EDGE_CURVE('',#1007,#1006,#669,.T.);
#1232=EDGE_CURVE('',#1005,#1007,#152,.T.);
#1233=EDGE_CURVE('',#1008,#1009,#153,.T.);
#1234=EDGE_CURVE('',#1009,#1010,#670,.T.);
#1235=EDGE_CURVE('',#1010,#1011,#154,.T.);
#1236=EDGE_CURVE('',#1011,#1008,#671,.T.);
#1237=EDGE_CURVE('',#1012,#1013,#672,.T.);
#1238=EDGE_CURVE('',#1014,#1012,#155,.T.);
#1239=EDGE_CURVE('',#1015,#1014,#673,.T.);
#1240=EDGE_CURVE('',#1013,#1015,#156,.T.);
#1241=EDGE_CURVE('',#1016,#1017,#674,.T.);
#1242=EDGE_CURVE('',#1017,#1018,#157,.F.);
#1243=EDGE_CURVE('',#1018,#1019,#675,.T.);
#1244=EDGE_CURVE('',#1019,#1016,#158,.F.);
#1245=EDGE_CURVE('',#1020,#1021,#159,.F.);
#1246=EDGE_CURVE('',#1022,#1020,#676,.T.);
#1247=EDGE_CURVE('',#1023,#1022,#160,.F.);
#1248=EDGE_CURVE('',#1021,#1023,#677,.T.);
#1249=EDGE_CURVE('',#1024,#1024,#161,.F.);
#1250=EDGE_CURVE('',#1025,#1026,#678,.T.);
#1251=EDGE_CURVE('',#1026,#1027,#162,.F.);
#1252=EDGE_CURVE('',#1027,#1028,#679,.T.);
#1253=EDGE_CURVE('',#1028,#1029,#163,.F.);
#1254=EDGE_CURVE('',#1029,#1030,#680,.T.);
#1255=EDGE_CURVE('',#1030,#1031,#164,.F.);
#1256=EDGE_CURVE('',#1031,#1032,#681,.T.);
#1257=EDGE_CURVE('',#1032,#1025,#165,.F.);
#1258=EDGE_CURVE('',#1033,#1034,#166,.F.);
#1259=EDGE_CURVE('',#1034,#1035,#682,.F.);
#1260=EDGE_CURVE('',#1035,#1036,#167,.F.);
#1261=EDGE_CURVE('',#1036,#1037,#683,.F.);
#1262=EDGE_CURVE('',#1037,#1038,#168,.F.);
#1263=EDGE_CURVE('',#1038,#1039,#684,.F.);
#1264=EDGE_CURVE('',#1039,#1040,#169,.F.);
#1265=EDGE_CURVE('',#1040,#1033,#685,.F.);
#1266=EDGE_CURVE('',#1041,#1042,#686,.T.);
#1267=EDGE_CURVE('',#1042,#1043,#170,.T.);
#1268=EDGE_CURVE('',#1043,#1044,#687,.T.);
#1269=EDGE_CURVE('',#1044,#1045,#171,.T.);
#1270=EDGE_CURVE('',#1045,#1046,#688,.T.);
#1271=EDGE_CURVE('',#1046,#1047,#172,.T.);
#1272=EDGE_CURVE('',#1047,#1048,#689,.T.);
#1273=EDGE_CURVE('',#1048,#1041,#173,.T.);
#1274=EDGE_CURVE('',#1049,#1050,#174,.F.);
#1275=EDGE_CURVE('',#1050,#1049,#175,.F.);
#1276=EDGE_CURVE('',#1051,#1052,#176,.F.);
#1277=EDGE_CURVE('',#1052,#1053,#177,.F.);
#1278=EDGE_CURVE('',#1053,#1054,#178,.T.);
#1279=EDGE_CURVE('',#1054,#1055,#179,.F.);
#1280=EDGE_CURVE('',#1055,#1056,#180,.F.);
#1281=EDGE_CURVE('',#1056,#1057,#181,.T.);
#1282=EDGE_CURVE('',#1057,#1058,#182,.F.);
#1283=EDGE_CURVE('',#1058,#1051,#183,.F.);
#1284=EDGE_CURVE('',#1059,#1060,#184,.T.);
#1285=EDGE_CURVE('',#1060,#1061,#690,.T.);
#1286=EDGE_CURVE('',#1061,#1062,#185,.T.);
#1287=EDGE_CURVE('',#1062,#1063,#691,.T.);
#1288=EDGE_CURVE('',#1063,#1064,#186,.T.);
#1289=EDGE_CURVE('',#1064,#1065,#692,.T.);
#1290=EDGE_CURVE('',#1065,#1066,#187,.T.);
#1291=EDGE_CURVE('',#1066,#1059,#693,.T.);
#1292=EDGE_CURVE('',#1067,#1068,#188,.T.);
#1293=EDGE_CURVE('',#1069,#1067,#694,.T.);
#1294=EDGE_CURVE('',#1070,#1069,#189,.T.);
#1295=EDGE_CURVE('',#1071,#1070,#695,.T.);
#1296=EDGE_CURVE('',#1072,#1071,#190,.T.);
#1297=EDGE_CURVE('',#1073,#1072,#696,.T.);
#1298=EDGE_CURVE('',#1074,#1073,#191,.T.);
#1299=EDGE_CURVE('',#1068,#1074,#697,.T.);
#1300=EDGE_CURVE('',#1075,#1076,#192,.T.);
#1301=EDGE_CURVE('',#1076,#1077,#698,.T.);
#1302=EDGE_CURVE('',#1077,#1078,#193,.T.);
#1303=EDGE_CURVE('',#1078,#1079,#699,.T.);
#1304=EDGE_CURVE('',#1079,#1080,#194,.T.);
#1305=EDGE_CURVE('',#1080,#1081,#700,.T.);
#1306=EDGE_CURVE('',#1081,#1082,#195,.T.);
#1307=EDGE_CURVE('',#1082,#1075,#701,.T.);
#1308=EDGE_CURVE('',#1083,#1084,#196,.T.);
#1309=EDGE_CURVE('',#1085,#1083,#702,.T.);
#1310=EDGE_CURVE('',#1086,#1085,#197,.T.);
#1311=EDGE_CURVE('',#1087,#1086,#703,.T.);
#1312=EDGE_CURVE('',#1088,#1087,#198,.T.);
#1313=EDGE_CURVE('',#1089,#1088,#704,.T.);
#1314=EDGE_CURVE('',#1090,#1089,#199,.T.);
#1315=EDGE_CURVE('',#1084,#1090,#705,.T.);
#1316=EDGE_CURVE('',#1091,#1092,#200,.F.);
#1317=EDGE_CURVE('',#1092,#1093,#706,.F.);
#1318=EDGE_CURVE('',#1093,#1094,#201,.F.);
#1319=EDGE_CURVE('',#1094,#1095,#707,.F.);
#1320=EDGE_CURVE('',#1095,#1096,#202,.F.);
#1321=EDGE_CURVE('',#1096,#1097,#708,.F.);
#1322=EDGE_CURVE('',#1097,#1098,#203,.F.);
#1323=EDGE_CURVE('',#1098,#1091,#709,.F.);
#1324=EDGE_CURVE('',#1099,#1100,#710,.T.);
#1325=EDGE_CURVE('',#1100,#981,#204,.T.);
#1326=EDGE_CURVE('',#980,#1099,#205,.F.);
#1327=EDGE_CURVE('',#982,#1101,#206,.T.);
#1328=EDGE_CURVE('',#1102,#1101,#711,.T.);
#1329=EDGE_CURVE('',#1102,#983,#207,.F.);
#1330=EDGE_CURVE('',#1101,#1103,#712,.T.);
#1331=EDGE_CURVE('',#1104,#1103,#713,.T.);
#1332=EDGE_CURVE('',#1104,#1102,#714,.F.);
#1333=EDGE_CURVE('',#1103,#997,#208,.T.);
#1334=EDGE_CURVE('',#996,#1104,#209,.F.);
#1335=EDGE_CURVE('',#998,#1105,#210,.T.);
#1336=EDGE_CURVE('',#1106,#1105,#715,.T.);
#1337=EDGE_CURVE('',#1106,#999,#211,.F.);
#1338=EDGE_CURVE('',#1105,#1100,#716,.T.);
#1339=EDGE_CURVE('',#1099,#1106,#717,.F.);
#1340=EDGE_CURVE('',#1107,#1107,#212,.T.);
#1341=EDGE_CURVE('',#1108,#1108,#213,.T.);
#1342=EDGE_CURVE('',#1109,#1109,#214,.T.);
#1343=EDGE_CURVE('',#1110,#1110,#215,.T.);
#1344=EDGE_CURVE('',#1111,#1111,#216,.T.);
#1345=EDGE_CURVE('',#1112,#1113,#718,.T.);
#1346=EDGE_CURVE('',#1114,#1112,#217,.T.);
#1347=EDGE_CURVE('',#1115,#1114,#719,.T.);
#1348=EDGE_CURVE('',#1113,#1115,#218,.T.);
#1349=EDGE_CURVE('',#1116,#1116,#219,.T.);
#1350=EDGE_CURVE('',#1117,#1117,#220,.T.);
#1351=EDGE_CURVE('',#1118,#1118,#221,.T.);
#1352=EDGE_CURVE('',#1039,#997,#222,.T.);
#1353=EDGE_CURVE('',#998,#1038,#223,.T.);
#1354=EDGE_CURVE('',#1105,#1037,#224,.T.);
#1355=EDGE_CURVE('',#1040,#1103,#225,.T.);
#1356=EDGE_CURVE('',#1100,#1036,#226,.T.);
#1357=EDGE_CURVE('',#1033,#1101,#227,.T.);
#1358=EDGE_CURVE('',#981,#1035,#228,.T.);
#1359=EDGE_CURVE('',#1034,#982,#229,.T.);
#1360=EDGE_CURVE('',#1102,#1080,#230,.T.);
#1361=EDGE_CURVE('',#1081,#1104,#231,.T.);
#1362=EDGE_CURVE('',#1082,#996,#232,.T.);
#1363=EDGE_CURVE('',#983,#1079,#233,.T.);
#1364=EDGE_CURVE('',#1075,#999,#234,.T.);
#1365=EDGE_CURVE('',#980,#1078,#235,.T.);
#1366=EDGE_CURVE('',#1076,#1106,#236,.T.);
#1367=EDGE_CURVE('',#1099,#1077,#237,.T.);
#1368=EDGE_CURVE('',#1119,#1120,#720,.T.);
#1369=EDGE_CURVE('',#1119,#1121,#238,.F.);
#1370=EDGE_CURVE('',#1121,#1122,#721,.T.);
#1371=EDGE_CURVE('',#1122,#1120,#239,.T.);
#1372=EDGE_CURVE('',#1123,#1124,#722,.T.);
#1373=EDGE_CURVE('',#1123,#1119,#723,.F.);
#1374=EDGE_CURVE('',#1120,#1124,#724,.T.);
#1375=EDGE_CURVE('',#1125,#1126,#725,.T.);
#1376=EDGE_CURVE('',#1125,#1123,#240,.F.);
#1377=EDGE_CURVE('',#1124,#1126,#241,.T.);
#1378=EDGE_CURVE('',#1127,#1128,#726,.T.);
#1379=EDGE_CURVE('',#1127,#1125,#727,.F.);
#1380=EDGE_CURVE('',#1126,#1128,#728,.T.);
#1381=EDGE_CURVE('',#1129,#1130,#729,.T.);
#1382=EDGE_CURVE('',#1129,#1127,#242,.F.);
#1383=EDGE_CURVE('',#1128,#1130,#243,.T.);
#1384=EDGE_CURVE('',#1131,#1132,#730,.T.);
#1385=EDGE_CURVE('',#1131,#1129,#731,.F.);
#1386=EDGE_CURVE('',#1130,#1132,#732,.T.);
#1387=EDGE_CURVE('',#1133,#1134,#733,.T.);
#1388=EDGE_CURVE('',#1133,#1131,#244,.F.);
#1389=EDGE_CURVE('',#1132,#1134,#245,.T.);
#1390=EDGE_CURVE('',#1121,#1133,#734,.F.);
#1391=EDGE_CURVE('',#1134,#1122,#735,.T.);
#1392=EDGE_CURVE('',#1135,#1136,#246,.T.);
#1393=EDGE_CURVE('',#1136,#1137,#736,.T.);
#1394=EDGE_CURVE('',#1137,#1138,#247,.T.);
#1395=EDGE_CURVE('',#1138,#1139,#737,.T.);
#1396=EDGE_CURVE('',#1139,#1140,#248,.T.);
#1397=EDGE_CURVE('',#1140,#1141,#738,.T.);
#1398=EDGE_CURVE('',#1141,#1142,#249,.T.);
#1399=EDGE_CURVE('',#1142,#1135,#739,.T.);
#1400=EDGE_CURVE('',#1143,#1143,#250,.T.);
#1401=EDGE_CURVE('',#1144,#1144,#251,.T.);
#1402=EDGE_CURVE('',#1145,#1145,#252,.T.);
#1403=EDGE_CURVE('',#1146,#1146,#253,.T.);
#1404=EDGE_CURVE('',#1147,#1147,#254,.T.);
#1405=EDGE_CURVE('',#1148,#1148,#255,.T.);
#1406=EDGE_CURVE('',#1097,#1126,#256,.T.);
#1407=EDGE_CURVE('',#1128,#1096,#257,.T.);
#1408=EDGE_CURVE('',#1130,#1095,#258,.T.);
#1409=EDGE_CURVE('',#1098,#1124,#259,.T.);
#1410=EDGE_CURVE('',#1132,#1094,#260,.T.);
#1411=EDGE_CURVE('',#1091,#1120,#261,.T.);
#1412=EDGE_CURVE('',#1134,#1093,#262,.T.);
#1413=EDGE_CURVE('',#1092,#1122,#263,.T.);
#1414=EDGE_CURVE('',#1125,#1140,#264,.T.);
#1415=EDGE_CURVE('',#1141,#1127,#265,.T.);
#1416=EDGE_CURVE('',#1142,#1129,#266,.T.);
#1417=EDGE_CURVE('',#1123,#1139,#267,.T.);
#1418=EDGE_CURVE('',#1135,#1131,#268,.T.);
#1419=EDGE_CURVE('',#1119,#1138,#269,.T.);
#1420=EDGE_CURVE('',#1136,#1133,#270,.T.);
#1421=EDGE_CURVE('',#1121,#1137,#271,.T.);
#1422=EDGE_CURVE('',#1148,#1149,#740,.T.);
#1423=EDGE_CURVE('',#1149,#1150,#272,.F.);
#1424=EDGE_CURVE('',#1150,#1149,#273,.F.);
#1425=EDGE_CURVE('',#1151,#1151,#274,.T.);
#1426=EDGE_CURVE('',#1147,#1152,#741,.T.);
#1427=EDGE_CURVE('',#1152,#1153,#275,.F.);
#1428=EDGE_CURVE('',#1153,#1152,#276,.F.);
#1429=EDGE_CURVE('',#1154,#1154,#277,.T.);
#1430=EDGE_CURVE('',#1146,#1155,#742,.T.);
#1431=EDGE_CURVE('',#1155,#1156,#278,.F.);
#1432=EDGE_CURVE('',#1156,#1155,#279,.F.);
#1433=EDGE_CURVE('',#1157,#1157,#280,.T.);
#1434=EDGE_CURVE('',#1158,#1158,#281,.T.);
#1435=EDGE_CURVE('',#1158,#1145,#743,.T.);
#1436=EDGE_CURVE('',#1159,#1159,#282,.T.);
#1437=EDGE_CURVE('',#1160,#1160,#283,.T.);
#1438=EDGE_CURVE('',#1160,#1144,#744,.T.);
#1439=EDGE_CURVE('',#1161,#1161,#284,.T.);
#1440=EDGE_CURVE('',#1161,#1143,#745,.T.);
#1441=EDGE_CURVE('',#1162,#1162,#285,.T.);
#1442=EDGE_CURVE('',#1162,#1163,#746,.T.);
#1443=EDGE_CURVE('',#1163,#1163,#286,.T.);
#1444=EDGE_CURVE('',#1159,#1164,#747,.T.);
#1445=EDGE_CURVE('',#1164,#1164,#287,.T.);
#1446=EDGE_CURVE('',#1060,#1084,#748,.T.);
#1447=EDGE_CURVE('',#1059,#1083,#749,.T.);
#1448=EDGE_CURVE('',#1066,#1085,#750,.T.);
#1449=EDGE_CURVE('',#1065,#1086,#751,.T.);
#1450=EDGE_CURVE('',#1064,#1087,#752,.T.);
#1451=EDGE_CURVE('',#1063,#1088,#753,.T.);
#1452=EDGE_CURVE('',#1062,#1089,#754,.T.);
#1453=EDGE_CURVE('',#1061,#1090,#755,.T.);
#1454=EDGE_CURVE('',#1042,#1067,#756,.T.);
#1455=EDGE_CURVE('',#1043,#1068,#757,.T.);
#1456=EDGE_CURVE('',#1044,#1074,#758,.T.);
#1457=EDGE_CURVE('',#1045,#1073,#759,.T.);
#1458=EDGE_CURVE('',#1046,#1072,#760,.T.);
#1459=EDGE_CURVE('',#1047,#1071,#761,.T.);
#1460=EDGE_CURVE('',#1048,#1070,#762,.T.);
#1461=EDGE_CURVE('',#1041,#1069,#763,.T.);
#1462=EDGE_CURVE('',#1154,#1153,#288,.T.);
#1463=EDGE_CURVE('',#1157,#1156,#289,.T.);
#1464=EDGE_CURVE('',#1151,#1150,#290,.T.);
#1465=EDGE_CURVE('',#1165,#1165,#291,.T.);
#1466=EDGE_CURVE('',#1165,#1118,#764,.T.);
#1467=EDGE_CURVE('',#1166,#1166,#292,.T.);
#1468=EDGE_CURVE('',#1166,#1117,#765,.T.);
#1469=EDGE_CURVE('',#1167,#1167,#293,.T.);
#1470=EDGE_CURVE('',#1167,#1116,#766,.T.);
#1471=EDGE_CURVE('',#1009,#1112,#767,.T.);
#1472=EDGE_CURVE('',#1008,#1114,#768,.T.);
#1473=EDGE_CURVE('',#1011,#1115,#769,.T.);
#1474=EDGE_CURVE('',#1010,#1113,#770,.T.);
#1475=EDGE_CURVE('',#1168,#1168,#294,.T.);
#1476=EDGE_CURVE('',#1168,#1111,#771,.T.);
#1477=EDGE_CURVE('',#1169,#1169,#295,.T.);
#1478=EDGE_CURVE('',#1169,#1110,#772,.T.);
#1479=EDGE_CURVE('',#1170,#1170,#296,.T.);
#1480=EDGE_CURVE('',#1170,#1109,#773,.T.);
#1481=EDGE_CURVE('',#1171,#1171,#297,.T.);
#1482=EDGE_CURVE('',#1171,#1108,#774,.T.);
#1483=EDGE_CURVE('',#1172,#1172,#298,.T.);
#1484=EDGE_CURVE('',#1172,#1107,#775,.T.);
#1485=EDGE_CURVE('',#1173,#1174,#299,.T.);
#1486=EDGE_CURVE('',#1174,#1175,#776,.T.);
#1487=EDGE_CURVE('',#1175,#1176,#300,.T.);
#1488=EDGE_CURVE('',#1176,#1173,#777,.T.);
#1489=EDGE_CURVE('',#1177,#1178,#778,.T.);
#1490=EDGE_CURVE('',#1179,#1177,#301,.T.);
#1491=EDGE_CURVE('',#1180,#1179,#779,.T.);
#1492=EDGE_CURVE('',#1178,#1180,#302,.T.);
#1493=EDGE_CURVE('',#1174,#1012,#780,.T.);
#1494=EDGE_CURVE('',#1173,#1014,#781,.T.);
#1495=EDGE_CURVE('',#1175,#1013,#782,.T.);
#1496=EDGE_CURVE('',#1176,#1015,#783,.T.);
#1497=EDGE_CURVE('',#1181,#1182,#303,.T.);
#1498=EDGE_CURVE('',#1179,#1181,#784,.T.);
#1499=EDGE_CURVE('',#1177,#1182,#785,.T.);
#1500=EDGE_CURVE('',#1182,#1183,#786,.T.);
#1501=EDGE_CURVE('',#1178,#1183,#787,.T.);
#1502=EDGE_CURVE('',#1183,#1184,#304,.T.);
#1503=EDGE_CURVE('',#1180,#1184,#788,.T.);
#1504=EDGE_CURVE('',#1184,#1181,#789,.T.);
#1505=EDGE_CURVE('',#1185,#1186,#305,.T.);
#1506=EDGE_CURVE('',#1186,#1187,#790,.T.);
#1507=EDGE_CURVE('',#1187,#1188,#306,.T.);
#1508=EDGE_CURVE('',#1188,#1185,#791,.T.);
#1509=EDGE_CURVE('',#1001,#1188,#307,.T.);
#1510=EDGE_CURVE('',#1185,#1003,#308,.T.);
#1511=EDGE_CURVE('',#1186,#1002,#309,.T.);
#1512=EDGE_CURVE('',#1000,#1187,#310,.T.);
#1513=EDGE_CURVE('',#1189,#1004,#792,.T.);
#1514=EDGE_CURVE('',#1190,#1189,#311,.T.);
#1515=EDGE_CURVE('',#1190,#1006,#793,.T.);
#1516=EDGE_CURVE('',#1191,#1190,#794,.T.);
#1517=EDGE_CURVE('',#1191,#1007,#795,.T.);
#1518=EDGE_CURVE('',#1192,#1191,#312,.T.);
#1519=EDGE_CURVE('',#1192,#1005,#796,.T.);
#1520=EDGE_CURVE('',#1189,#1192,#797,.T.);
#1521=EDGE_CURVE('',#1193,#985,#798,.T.);
#1522=EDGE_CURVE('',#1194,#1193,#313,.T.);
#1523=EDGE_CURVE('',#1194,#984,#799,.T.);
#1524=EDGE_CURVE('',#1195,#987,#800,.T.);
#1525=EDGE_CURVE('',#1193,#1195,#801,.T.);
#1526=EDGE_CURVE('',#1196,#986,#802,.T.);
#1527=EDGE_CURVE('',#1195,#1196,#314,.T.);
#1528=EDGE_CURVE('',#1196,#1194,#803,.T.);
#1529=EDGE_CURVE('',#1197,#993,#804,.T.);
#1530=EDGE_CURVE('',#1198,#1197,#315,.T.);
#1531=EDGE_CURVE('',#1198,#992,#805,.T.);
#1532=EDGE_CURVE('',#1199,#995,#806,.T.);
#1533=EDGE_CURVE('',#1197,#1199,#807,.T.);
#1534=EDGE_CURVE('',#1200,#994,#808,.T.);
#1535=EDGE_CURVE('',#1199,#1200,#316,.T.);
#1536=EDGE_CURVE('',#1200,#1198,#809,.T.);
#1537=EDGE_CURVE('',#1201,#989,#810,.T.);
#1538=EDGE_CURVE('',#1202,#1201,#317,.T.);
#1539=EDGE_CURVE('',#1202,#988,#811,.T.);
#1540=EDGE_CURVE('',#1203,#991,#812,.T.);
#1541=EDGE_CURVE('',#1201,#1203,#813,.T.);
#1542=EDGE_CURVE('',#1204,#990,#814,.T.);
#1543=EDGE_CURVE('',#1203,#1204,#318,.T.);
#1544=EDGE_CURVE('',#1204,#1202,#815,.T.);
#1545=ORIENTED_EDGE('',*,*,#1205,.T.);
#1546=ORIENTED_EDGE('',*,*,#1206,.T.);
#1547=ORIENTED_EDGE('',*,*,#1207,.F.);
#1548=ORIENTED_EDGE('',*,*,#1208,.T.);
#1549=ORIENTED_EDGE('',*,*,#1209,.F.);
#1550=ORIENTED_EDGE('',*,*,#1210,.F.);
#1551=ORIENTED_EDGE('',*,*,#1211,.F.);
#1552=ORIENTED_EDGE('',*,*,#1212,.F.);
#1553=ORIENTED_EDGE('',*,*,#1213,.F.);
#1554=ORIENTED_EDGE('',*,*,#1214,.F.);
#1555=ORIENTED_EDGE('',*,*,#1215,.F.);
#1556=ORIENTED_EDGE('',*,*,#1216,.F.);
#1557=ORIENTED_EDGE('',*,*,#1217,.F.);
#1558=ORIENTED_EDGE('',*,*,#1218,.F.);
#1559=ORIENTED_EDGE('',*,*,#1219,.F.);
#1560=ORIENTED_EDGE('',*,*,#1220,.F.);
#1561=ORIENTED_EDGE('',*,*,#1221,.T.);
#1562=ORIENTED_EDGE('',*,*,#1222,.T.);
#1563=ORIENTED_EDGE('',*,*,#1223,.F.);
#1564=ORIENTED_EDGE('',*,*,#1224,.T.);
#1565=ORIENTED_EDGE('',*,*,#1225,.F.);
#1566=ORIENTED_EDGE('',*,*,#1226,.F.);
#1567=ORIENTED_EDGE('',*,*,#1227,.F.);
#1568=ORIENTED_EDGE('',*,*,#1228,.F.);
#1569=ORIENTED_EDGE('',*,*,#1229,.F.);
#1570=ORIENTED_EDGE('',*,*,#1230,.F.);
#1571=ORIENTED_EDGE('',*,*,#1231,.F.);
#1572=ORIENTED_EDGE('',*,*,#1232,.F.);
#1573=ORIENTED_EDGE('',*,*,#1233,.T.);
#1574=ORIENTED_EDGE('',*,*,#1234,.T.);
#1575=ORIENTED_EDGE('',*,*,#1235,.T.);
#1576=ORIENTED_EDGE('',*,*,#1236,.T.);
#1577=ORIENTED_EDGE('',*,*,#1237,.F.);
#1578=ORIENTED_EDGE('',*,*,#1238,.F.);
#1579=ORIENTED_EDGE('',*,*,#1239,.F.);
#1580=ORIENTED_EDGE('',*,*,#1240,.F.);
#1581=ORIENTED_EDGE('',*,*,#1241,.T.);
#1582=ORIENTED_EDGE('',*,*,#1242,.T.);
#1583=ORIENTED_EDGE('',*,*,#1243,.T.);
#1584=ORIENTED_EDGE('',*,*,#1244,.T.);
#1585=ORIENTED_EDGE('',*,*,#1245,.F.);
#1586=ORIENTED_EDGE('',*,*,#1246,.F.);
#1587=ORIENTED_EDGE('',*,*,#1247,.F.);
#1588=ORIENTED_EDGE('',*,*,#1248,.F.);
#1589=ORIENTED_EDGE('',*,*,#1249,.F.);
#1590=ORIENTED_EDGE('',*,*,#1246,.T.);
#1591=ORIENTED_EDGE('',*,*,#1245,.T.);
#1592=ORIENTED_EDGE('',*,*,#1248,.T.);
#1593=ORIENTED_EDGE('',*,*,#1247,.T.);
#1594=ORIENTED_EDGE('',*,*,#1250,.T.);
#1595=ORIENTED_EDGE('',*,*,#1251,.T.);
#1596=ORIENTED_EDGE('',*,*,#1252,.T.);
#1597=ORIENTED_EDGE('',*,*,#1253,.T.);
#1598=ORIENTED_EDGE('',*,*,#1254,.T.);
#1599=ORIENTED_EDGE('',*,*,#1255,.T.);
#1600=ORIENTED_EDGE('',*,*,#1256,.T.);
#1601=ORIENTED_EDGE('',*,*,#1257,.T.);
#1602=ORIENTED_EDGE('',*,*,#1242,.F.);
#1603=ORIENTED_EDGE('',*,*,#1241,.F.);
#1604=ORIENTED_EDGE('',*,*,#1244,.F.);
#1605=ORIENTED_EDGE('',*,*,#1243,.F.);
#1606=ORIENTED_EDGE('',*,*,#1258,.T.);
#1607=ORIENTED_EDGE('',*,*,#1259,.T.);
#1608=ORIENTED_EDGE('',*,*,#1260,.T.);
#1609=ORIENTED_EDGE('',*,*,#1261,.T.);
#1610=ORIENTED_EDGE('',*,*,#1262,.T.);
#1611=ORIENTED_EDGE('',*,*,#1263,.T.);
#1612=ORIENTED_EDGE('',*,*,#1264,.T.);
#1613=ORIENTED_EDGE('',*,*,#1265,.T.);
#1614=ORIENTED_EDGE('',*,*,#1251,.F.);
#1615=ORIENTED_EDGE('',*,*,#1250,.F.);
#1616=ORIENTED_EDGE('',*,*,#1257,.F.);
#1617=ORIENTED_EDGE('',*,*,#1256,.F.);
#1618=ORIENTED_EDGE('',*,*,#1255,.F.);
#1619=ORIENTED_EDGE('',*,*,#1254,.F.);
#1620=ORIENTED_EDGE('',*,*,#1253,.F.);
#1621=ORIENTED_EDGE('',*,*,#1252,.F.);
#1622=ORIENTED_EDGE('',*,*,#1266,.T.);
#1623=ORIENTED_EDGE('',*,*,#1267,.T.);
#1624=ORIENTED_EDGE('',*,*,#1268,.T.);
#1625=ORIENTED_EDGE('',*,*,#1269,.T.);
#1626=ORIENTED_EDGE('',*,*,#1270,.T.);
#1627=ORIENTED_EDGE('',*,*,#1271,.T.);
#1628=ORIENTED_EDGE('',*,*,#1272,.T.);
#1629=ORIENTED_EDGE('',*,*,#1273,.T.);
#1630=ORIENTED_EDGE('',*,*,#1274,.T.);
#1631=ORIENTED_EDGE('',*,*,#1275,.T.);
#1632=ORIENTED_EDGE('',*,*,#1276,.T.);
#1633=ORIENTED_EDGE('',*,*,#1277,.T.);
#1634=ORIENTED_EDGE('',*,*,#1278,.T.);
#1635=ORIENTED_EDGE('',*,*,#1279,.T.);
#1636=ORIENTED_EDGE('',*,*,#1280,.T.);
#1637=ORIENTED_EDGE('',*,*,#1281,.T.);
#1638=ORIENTED_EDGE('',*,*,#1282,.T.);
#1639=ORIENTED_EDGE('',*,*,#1283,.T.);
#1640=ORIENTED_EDGE('',*,*,#1277,.F.);
#1641=ORIENTED_EDGE('',*,*,#1276,.F.);
#1642=ORIENTED_EDGE('',*,*,#1283,.F.);
#1643=ORIENTED_EDGE('',*,*,#1282,.F.);
#1644=ORIENTED_EDGE('',*,*,#1281,.F.);
#1645=ORIENTED_EDGE('',*,*,#1280,.F.);
#1646=ORIENTED_EDGE('',*,*,#1279,.F.);
#1647=ORIENTED_EDGE('',*,*,#1278,.F.);
#1648=ORIENTED_EDGE('',*,*,#1284,.T.);
#1649=ORIENTED_EDGE('',*,*,#1285,.T.);
#1650=ORIENTED_EDGE('',*,*,#1286,.T.);
#1651=ORIENTED_EDGE('',*,*,#1287,.T.);
#1652=ORIENTED_EDGE('',*,*,#1288,.T.);
#1653=ORIENTED_EDGE('',*,*,#1289,.T.);
#1654=ORIENTED_EDGE('',*,*,#1290,.T.);
#1655=ORIENTED_EDGE('',*,*,#1291,.T.);
#1656=ORIENTED_EDGE('',*,*,#1292,.F.);
#1657=ORIENTED_EDGE('',*,*,#1293,.F.);
#1658=ORIENTED_EDGE('',*,*,#1294,.F.);
#1659=ORIENTED_EDGE('',*,*,#1295,.F.);
#1660=ORIENTED_EDGE('',*,*,#1296,.F.);
#1661=ORIENTED_EDGE('',*,*,#1297,.F.);
#1662=ORIENTED_EDGE('',*,*,#1298,.F.);
#1663=ORIENTED_EDGE('',*,*,#1299,.F.);
#1664=ORIENTED_EDGE('',*,*,#1300,.T.);
#1665=ORIENTED_EDGE('',*,*,#1301,.T.);
#1666=ORIENTED_EDGE('',*,*,#1302,.T.);
#1667=ORIENTED_EDGE('',*,*,#1303,.T.);
#1668=ORIENTED_EDGE('',*,*,#1304,.T.);
#1669=ORIENTED_EDGE('',*,*,#1305,.T.);
#1670=ORIENTED_EDGE('',*,*,#1306,.T.);
#1671=ORIENTED_EDGE('',*,*,#1307,.T.);
#1672=ORIENTED_EDGE('',*,*,#1308,.F.);
#1673=ORIENTED_EDGE('',*,*,#1309,.F.);
#1674=ORIENTED_EDGE('',*,*,#1310,.F.);
#1675=ORIENTED_EDGE('',*,*,#1311,.F.);
#1676=ORIENTED_EDGE('',*,*,#1312,.F.);
#1677=ORIENTED_EDGE('',*,*,#1313,.F.);
#1678=ORIENTED_EDGE('',*,*,#1314,.F.);
#1679=ORIENTED_EDGE('',*,*,#1315,.F.);
#1680=ORIENTED_EDGE('',*,*,#1316,.T.);
#1681=ORIENTED_EDGE('',*,*,#1317,.T.);
#1682=ORIENTED_EDGE('',*,*,#1318,.T.);
#1683=ORIENTED_EDGE('',*,*,#1319,.T.);
#1684=ORIENTED_EDGE('',*,*,#1320,.T.);
#1685=ORIENTED_EDGE('',*,*,#1321,.T.);
#1686=ORIENTED_EDGE('',*,*,#1322,.T.);
#1687=ORIENTED_EDGE('',*,*,#1323,.T.);
#1688=ORIENTED_EDGE('',*,*,#1324,.T.);
#1689=ORIENTED_EDGE('',*,*,#1325,.T.);
#1690=ORIENTED_EDGE('',*,*,#1205,.F.);
#1691=ORIENTED_EDGE('',*,*,#1326,.T.);
#1692=ORIENTED_EDGE('',*,*,#1207,.T.);
#1693=ORIENTED_EDGE('',*,*,#1327,.T.);
#1694=ORIENTED_EDGE('',*,*,#1328,.F.);
#1695=ORIENTED_EDGE('',*,*,#1329,.T.);
#1696=ORIENTED_EDGE('',*,*,#1328,.T.);
#1697=ORIENTED_EDGE('',*,*,#1330,.T.);
#1698=ORIENTED_EDGE('',*,*,#1331,.F.);
#1699=ORIENTED_EDGE('',*,*,#1332,.T.);
#1700=ORIENTED_EDGE('',*,*,#1331,.T.);
#1701=ORIENTED_EDGE('',*,*,#1333,.T.);
#1702=ORIENTED_EDGE('',*,*,#1221,.F.);
#1703=ORIENTED_EDGE('',*,*,#1334,.T.);
#1704=ORIENTED_EDGE('',*,*,#1223,.T.);
#1705=ORIENTED_EDGE('',*,*,#1335,.T.);
#1706=ORIENTED_EDGE('',*,*,#1336,.F.);
#1707=ORIENTED_EDGE('',*,*,#1337,.T.);
#1708=ORIENTED_EDGE('',*,*,#1336,.T.);
#1709=ORIENTED_EDGE('',*,*,#1338,.T.);
#1710=ORIENTED_EDGE('',*,*,#1324,.F.);
#1711=ORIENTED_EDGE('',*,*,#1339,.T.);
#1712=ORIENTED_EDGE('',*,*,#1340,.F.);
#1713=ORIENTED_EDGE('',*,*,#1341,.F.);
#1714=ORIENTED_EDGE('',*,*,#1342,.F.);
#1715=ORIENTED_EDGE('',*,*,#1343,.F.);
#1716=ORIENTED_EDGE('',*,*,#1344,.F.);
#1717=ORIENTED_EDGE('',*,*,#1345,.F.);
#1718=ORIENTED_EDGE('',*,*,#1346,.F.);
#1719=ORIENTED_EDGE('',*,*,#1347,.F.);
#1720=ORIENTED_EDGE('',*,*,#1348,.F.);
#1721=ORIENTED_EDGE('',*,*,#1349,.F.);
#1722=ORIENTED_EDGE('',*,*,#1350,.F.);
#1723=ORIENTED_EDGE('',*,*,#1351,.F.);
#1724=ORIENTED_EDGE('',*,*,#1249,.T.);
#1725=ORIENTED_EDGE('',*,*,#1352,.F.);
#1726=ORIENTED_EDGE('',*,*,#1263,.F.);
#1727=ORIENTED_EDGE('',*,*,#1353,.F.);
#1728=ORIENTED_EDGE('',*,*,#1222,.F.);
#1729=ORIENTED_EDGE('',*,*,#1353,.T.);
#1730=ORIENTED_EDGE('',*,*,#1262,.F.);
#1731=ORIENTED_EDGE('',*,*,#1354,.F.);
#1732=ORIENTED_EDGE('',*,*,#1335,.F.);
#1733=ORIENTED_EDGE('',*,*,#1352,.T.);
#1734=ORIENTED_EDGE('',*,*,#1333,.F.);
#1735=ORIENTED_EDGE('',*,*,#1355,.F.);
#1736=ORIENTED_EDGE('',*,*,#1264,.F.);
#1737=ORIENTED_EDGE('',*,*,#1354,.T.);
#1738=ORIENTED_EDGE('',*,*,#1261,.F.);
#1739=ORIENTED_EDGE('',*,*,#1356,.F.);
#1740=ORIENTED_EDGE('',*,*,#1338,.F.);
#1741=ORIENTED_EDGE('',*,*,#1355,.T.);
#1742=ORIENTED_EDGE('',*,*,#1330,.F.);
#1743=ORIENTED_EDGE('',*,*,#1357,.F.);
#1744=ORIENTED_EDGE('',*,*,#1265,.F.);
#1745=ORIENTED_EDGE('',*,*,#1356,.T.);
#1746=ORIENTED_EDGE('',*,*,#1260,.F.);
#1747=ORIENTED_EDGE('',*,*,#1358,.F.);
#1748=ORIENTED_EDGE('',*,*,#1325,.F.);
#1749=ORIENTED_EDGE('',*,*,#1357,.T.);
#1750=ORIENTED_EDGE('',*,*,#1327,.F.);
#1751=ORIENTED_EDGE('',*,*,#1359,.F.);
#1752=ORIENTED_EDGE('',*,*,#1258,.F.);
#1753=ORIENTED_EDGE('',*,*,#1358,.T.);
#1754=ORIENTED_EDGE('',*,*,#1259,.F.);
#1755=ORIENTED_EDGE('',*,*,#1359,.T.);
#1756=ORIENTED_EDGE('',*,*,#1206,.F.);
#1757=ORIENTED_EDGE('',*,*,#1360,.F.);
#1758=ORIENTED_EDGE('',*,*,#1332,.F.);
#1759=ORIENTED_EDGE('',*,*,#1361,.F.);
#1760=ORIENTED_EDGE('',*,*,#1305,.F.);
#1761=ORIENTED_EDGE('',*,*,#1361,.T.);
#1762=ORIENTED_EDGE('',*,*,#1334,.F.);
#1763=ORIENTED_EDGE('',*,*,#1362,.F.);
#1764=ORIENTED_EDGE('',*,*,#1306,.F.);
#1765=ORIENTED_EDGE('',*,*,#1360,.T.);
#1766=ORIENTED_EDGE('',*,*,#1304,.F.);
#1767=ORIENTED_EDGE('',*,*,#1363,.F.);
#1768=ORIENTED_EDGE('',*,*,#1329,.F.);
#1769=ORIENTED_EDGE('',*,*,#1362,.T.);
#1770=ORIENTED_EDGE('',*,*,#1224,.F.);
#1771=ORIENTED_EDGE('',*,*,#1364,.F.);
#1772=ORIENTED_EDGE('',*,*,#1307,.F.);
#1773=ORIENTED_EDGE('',*,*,#1363,.T.);
#1774=ORIENTED_EDGE('',*,*,#1303,.F.);
#1775=ORIENTED_EDGE('',*,*,#1365,.F.);
#1776=ORIENTED_EDGE('',*,*,#1208,.F.);
#1777=ORIENTED_EDGE('',*,*,#1364,.T.);
#1778=ORIENTED_EDGE('',*,*,#1337,.F.);
#1779=ORIENTED_EDGE('',*,*,#1366,.F.);
#1780=ORIENTED_EDGE('',*,*,#1300,.F.);
#1781=ORIENTED_EDGE('',*,*,#1365,.T.);
#1782=ORIENTED_EDGE('',*,*,#1302,.F.);
#1783=ORIENTED_EDGE('',*,*,#1367,.F.);
#1784=ORIENTED_EDGE('',*,*,#1326,.F.);
#1785=ORIENTED_EDGE('',*,*,#1366,.T.);
#1786=ORIENTED_EDGE('',*,*,#1339,.F.);
#1787=ORIENTED_EDGE('',*,*,#1367,.T.);
#1788=ORIENTED_EDGE('',*,*,#1301,.F.);
#1789=ORIENTED_EDGE('',*,*,#1368,.F.);
#1790=ORIENTED_EDGE('',*,*,#1369,.T.);
#1791=ORIENTED_EDGE('',*,*,#1370,.T.);
#1792=ORIENTED_EDGE('',*,*,#1371,.T.);
#1793=ORIENTED_EDGE('',*,*,#1372,.F.);
#1794=ORIENTED_EDGE('',*,*,#1373,.T.);
#1795=ORIENTED_EDGE('',*,*,#1368,.T.);
#1796=ORIENTED_EDGE('',*,*,#1374,.T.);
#1797=ORIENTED_EDGE('',*,*,#1375,.F.);
#1798=ORIENTED_EDGE('',*,*,#1376,.T.);
#1799=ORIENTED_EDGE('',*,*,#1372,.T.);
#1800=ORIENTED_EDGE('',*,*,#1377,.T.);
#1801=ORIENTED_EDGE('',*,*,#1378,.F.);
#1802=ORIENTED_EDGE('',*,*,#1379,.T.);
#1803=ORIENTED_EDGE('',*,*,#1375,.T.);
#1804=ORIENTED_EDGE('',*,*,#1380,.T.);
#1805=ORIENTED_EDGE('',*,*,#1381,.F.);
#1806=ORIENTED_EDGE('',*,*,#1382,.T.);
#1807=ORIENTED_EDGE('',*,*,#1378,.T.);
#1808=ORIENTED_EDGE('',*,*,#1383,.T.);
#1809=ORIENTED_EDGE('',*,*,#1384,.F.);
#1810=ORIENTED_EDGE('',*,*,#1385,.T.);
#1811=ORIENTED_EDGE('',*,*,#1381,.T.);
#1812=ORIENTED_EDGE('',*,*,#1386,.T.);
#1813=ORIENTED_EDGE('',*,*,#1387,.F.);
#1814=ORIENTED_EDGE('',*,*,#1388,.T.);
#1815=ORIENTED_EDGE('',*,*,#1384,.T.);
#1816=ORIENTED_EDGE('',*,*,#1389,.T.);
#1817=ORIENTED_EDGE('',*,*,#1370,.F.);
#1818=ORIENTED_EDGE('',*,*,#1390,.T.);
#1819=ORIENTED_EDGE('',*,*,#1387,.T.);
#1820=ORIENTED_EDGE('',*,*,#1391,.T.);
#1821=ORIENTED_EDGE('',*,*,#1392,.T.);
#1822=ORIENTED_EDGE('',*,*,#1393,.T.);
#1823=ORIENTED_EDGE('',*,*,#1394,.T.);
#1824=ORIENTED_EDGE('',*,*,#1395,.T.);
#1825=ORIENTED_EDGE('',*,*,#1396,.T.);
#1826=ORIENTED_EDGE('',*,*,#1397,.T.);
#1827=ORIENTED_EDGE('',*,*,#1398,.T.);
#1828=ORIENTED_EDGE('',*,*,#1399,.T.);
#1829=ORIENTED_EDGE('',*,*,#1400,.F.);
#1830=ORIENTED_EDGE('',*,*,#1401,.F.);
#1831=ORIENTED_EDGE('',*,*,#1402,.F.);
#1832=ORIENTED_EDGE('',*,*,#1403,.F.);
#1833=ORIENTED_EDGE('',*,*,#1404,.F.);
#1834=ORIENTED_EDGE('',*,*,#1405,.F.);
#1835=ORIENTED_EDGE('',*,*,#1406,.F.);
#1836=ORIENTED_EDGE('',*,*,#1321,.F.);
#1837=ORIENTED_EDGE('',*,*,#1407,.F.);
#1838=ORIENTED_EDGE('',*,*,#1380,.F.);
#1839=ORIENTED_EDGE('',*,*,#1407,.T.);
#1840=ORIENTED_EDGE('',*,*,#1320,.F.);
#1841=ORIENTED_EDGE('',*,*,#1408,.F.);
#1842=ORIENTED_EDGE('',*,*,#1383,.F.);
#1843=ORIENTED_EDGE('',*,*,#1406,.T.);
#1844=ORIENTED_EDGE('',*,*,#1377,.F.);
#1845=ORIENTED_EDGE('',*,*,#1409,.F.);
#1846=ORIENTED_EDGE('',*,*,#1322,.F.);
#1847=ORIENTED_EDGE('',*,*,#1408,.T.);
#1848=ORIENTED_EDGE('',*,*,#1319,.F.);
#1849=ORIENTED_EDGE('',*,*,#1410,.F.);
#1850=ORIENTED_EDGE('',*,*,#1386,.F.);
#1851=ORIENTED_EDGE('',*,*,#1409,.T.);
#1852=ORIENTED_EDGE('',*,*,#1374,.F.);
#1853=ORIENTED_EDGE('',*,*,#1411,.F.);
#1854=ORIENTED_EDGE('',*,*,#1323,.F.);
#1855=ORIENTED_EDGE('',*,*,#1410,.T.);
#1856=ORIENTED_EDGE('',*,*,#1318,.F.);
#1857=ORIENTED_EDGE('',*,*,#1412,.F.);
#1858=ORIENTED_EDGE('',*,*,#1389,.F.);
#1859=ORIENTED_EDGE('',*,*,#1411,.T.);
#1860=ORIENTED_EDGE('',*,*,#1371,.F.);
#1861=ORIENTED_EDGE('',*,*,#1413,.F.);
#1862=ORIENTED_EDGE('',*,*,#1316,.F.);
#1863=ORIENTED_EDGE('',*,*,#1412,.T.);
#1864=ORIENTED_EDGE('',*,*,#1317,.F.);
#1865=ORIENTED_EDGE('',*,*,#1413,.T.);
#1866=ORIENTED_EDGE('',*,*,#1391,.F.);
#1867=ORIENTED_EDGE('',*,*,#1414,.F.);
#1868=ORIENTED_EDGE('',*,*,#1379,.F.);
#1869=ORIENTED_EDGE('',*,*,#1415,.F.);
#1870=ORIENTED_EDGE('',*,*,#1397,.F.);
#1871=ORIENTED_EDGE('',*,*,#1415,.T.);
#1872=ORIENTED_EDGE('',*,*,#1382,.F.);
#1873=ORIENTED_EDGE('',*,*,#1416,.F.);
#1874=ORIENTED_EDGE('',*,*,#1398,.F.);
#1875=ORIENTED_EDGE('',*,*,#1414,.T.);
#1876=ORIENTED_EDGE('',*,*,#1396,.F.);
#1877=ORIENTED_EDGE('',*,*,#1417,.F.);
#1878=ORIENTED_EDGE('',*,*,#1376,.F.);
#1879=ORIENTED_EDGE('',*,*,#1416,.T.);
#1880=ORIENTED_EDGE('',*,*,#1385,.F.);
#1881=ORIENTED_EDGE('',*,*,#1418,.F.);
#1882=ORIENTED_EDGE('',*,*,#1399,.F.);
#1883=ORIENTED_EDGE('',*,*,#1417,.T.);
#1884=ORIENTED_EDGE('',*,*,#1395,.F.);
#1885=ORIENTED_EDGE('',*,*,#1419,.F.);
#1886=ORIENTED_EDGE('',*,*,#1373,.F.);
#1887=ORIENTED_EDGE('',*,*,#1418,.T.);
#1888=ORIENTED_EDGE('',*,*,#1388,.F.);
#1889=ORIENTED_EDGE('',*,*,#1420,.F.);
#1890=ORIENTED_EDGE('',*,*,#1392,.F.);
#1891=ORIENTED_EDGE('',*,*,#1419,.T.);
#1892=ORIENTED_EDGE('',*,*,#1394,.F.);
#1893=ORIENTED_EDGE('',*,*,#1421,.F.);
#1894=ORIENTED_EDGE('',*,*,#1369,.F.);
#1895=ORIENTED_EDGE('',*,*,#1420,.T.);
#1896=ORIENTED_EDGE('',*,*,#1390,.F.);
#1897=ORIENTED_EDGE('',*,*,#1421,.T.);
#1898=ORIENTED_EDGE('',*,*,#1393,.F.);
#1899=ORIENTED_EDGE('',*,*,#1405,.T.);
#1900=ORIENTED_EDGE('',*,*,#1422,.T.);
#1901=ORIENTED_EDGE('',*,*,#1423,.T.);
#1902=ORIENTED_EDGE('',*,*,#1424,.T.);
#1903=ORIENTED_EDGE('',*,*,#1422,.F.);
#1904=ORIENTED_EDGE('',*,*,#1425,.T.);
#1905=ORIENTED_EDGE('',*,*,#1404,.T.);
#1906=ORIENTED_EDGE('',*,*,#1426,.T.);
#1907=ORIENTED_EDGE('',*,*,#1427,.T.);
#1908=ORIENTED_EDGE('',*,*,#1428,.T.);
#1909=ORIENTED_EDGE('',*,*,#1426,.F.);
#1910=ORIENTED_EDGE('',*,*,#1429,.T.);
#1911=ORIENTED_EDGE('',*,*,#1403,.T.);
#1912=ORIENTED_EDGE('',*,*,#1430,.T.);
#1913=ORIENTED_EDGE('',*,*,#1431,.T.);
#1914=ORIENTED_EDGE('',*,*,#1432,.T.);
#1915=ORIENTED_EDGE('',*,*,#1430,.F.);
#1916=ORIENTED_EDGE('',*,*,#1433,.T.);
#1917=ORIENTED_EDGE('',*,*,#1434,.F.);
#1918=ORIENTED_EDGE('',*,*,#1435,.T.);
#1919=ORIENTED_EDGE('',*,*,#1402,.T.);
#1920=ORIENTED_EDGE('',*,*,#1435,.F.);
#1921=ORIENTED_EDGE('',*,*,#1434,.T.);
#1922=ORIENTED_EDGE('',*,*,#1436,.F.);
#1923=ORIENTED_EDGE('',*,*,#1437,.F.);
#1924=ORIENTED_EDGE('',*,*,#1438,.T.);
#1925=ORIENTED_EDGE('',*,*,#1401,.T.);
#1926=ORIENTED_EDGE('',*,*,#1438,.F.);
#1927=ORIENTED_EDGE('',*,*,#1437,.T.);
#1928=ORIENTED_EDGE('',*,*,#1439,.F.);
#1929=ORIENTED_EDGE('',*,*,#1440,.T.);
#1930=ORIENTED_EDGE('',*,*,#1400,.T.);
#1931=ORIENTED_EDGE('',*,*,#1440,.F.);
#1932=ORIENTED_EDGE('',*,*,#1439,.T.);
#1933=ORIENTED_EDGE('',*,*,#1441,.F.);
#1934=ORIENTED_EDGE('',*,*,#1441,.T.);
#1935=ORIENTED_EDGE('',*,*,#1442,.T.);
#1936=ORIENTED_EDGE('',*,*,#1443,.F.);
#1937=ORIENTED_EDGE('',*,*,#1442,.F.);
#1938=ORIENTED_EDGE('',*,*,#1443,.T.);
#1939=ORIENTED_EDGE('',*,*,#1436,.T.);
#1940=ORIENTED_EDGE('',*,*,#1444,.T.);
#1941=ORIENTED_EDGE('',*,*,#1445,.F.);
#1942=ORIENTED_EDGE('',*,*,#1444,.F.);
#1943=ORIENTED_EDGE('',*,*,#1445,.T.);
#1944=ORIENTED_EDGE('',*,*,#1308,.T.);
#1945=ORIENTED_EDGE('',*,*,#1446,.F.);
#1946=ORIENTED_EDGE('',*,*,#1284,.F.);
#1947=ORIENTED_EDGE('',*,*,#1447,.T.);
#1948=ORIENTED_EDGE('',*,*,#1309,.T.);
#1949=ORIENTED_EDGE('',*,*,#1447,.F.);
#1950=ORIENTED_EDGE('',*,*,#1291,.F.);
#1951=ORIENTED_EDGE('',*,*,#1448,.T.);
#1952=ORIENTED_EDGE('',*,*,#1310,.T.);
#1953=ORIENTED_EDGE('',*,*,#1448,.F.);
#1954=ORIENTED_EDGE('',*,*,#1290,.F.);
#1955=ORIENTED_EDGE('',*,*,#1449,.T.);
#1956=ORIENTED_EDGE('',*,*,#1311,.T.);
#1957=ORIENTED_EDGE('',*,*,#1449,.F.);
#1958=ORIENTED_EDGE('',*,*,#1289,.F.);
#1959=ORIENTED_EDGE('',*,*,#1450,.T.);
#1960=ORIENTED_EDGE('',*,*,#1312,.T.);
#1961=ORIENTED_EDGE('',*,*,#1450,.F.);
#1962=ORIENTED_EDGE('',*,*,#1288,.F.);
#1963=ORIENTED_EDGE('',*,*,#1451,.T.);
#1964=ORIENTED_EDGE('',*,*,#1313,.T.);
#1965=ORIENTED_EDGE('',*,*,#1451,.F.);
#1966=ORIENTED_EDGE('',*,*,#1287,.F.);
#1967=ORIENTED_EDGE('',*,*,#1452,.T.);
#1968=ORIENTED_EDGE('',*,*,#1314,.T.);
#1969=ORIENTED_EDGE('',*,*,#1452,.F.);
#1970=ORIENTED_EDGE('',*,*,#1286,.F.);
#1971=ORIENTED_EDGE('',*,*,#1453,.T.);
#1972=ORIENTED_EDGE('',*,*,#1315,.T.);
#1973=ORIENTED_EDGE('',*,*,#1453,.F.);
#1974=ORIENTED_EDGE('',*,*,#1285,.F.);
#1975=ORIENTED_EDGE('',*,*,#1446,.T.);
#1976=ORIENTED_EDGE('',*,*,#1267,.F.);
#1977=ORIENTED_EDGE('',*,*,#1454,.T.);
#1978=ORIENTED_EDGE('',*,*,#1292,.T.);
#1979=ORIENTED_EDGE('',*,*,#1455,.F.);
#1980=ORIENTED_EDGE('',*,*,#1268,.F.);
#1981=ORIENTED_EDGE('',*,*,#1455,.T.);
#1982=ORIENTED_EDGE('',*,*,#1299,.T.);
#1983=ORIENTED_EDGE('',*,*,#1456,.F.);
#1984=ORIENTED_EDGE('',*,*,#1269,.F.);
#1985=ORIENTED_EDGE('',*,*,#1456,.T.);
#1986=ORIENTED_EDGE('',*,*,#1298,.T.);
#1987=ORIENTED_EDGE('',*,*,#1457,.F.);
#1988=ORIENTED_EDGE('',*,*,#1270,.F.);
#1989=ORIENTED_EDGE('',*,*,#1457,.T.);
#1990=ORIENTED_EDGE('',*,*,#1297,.T.);
#1991=ORIENTED_EDGE('',*,*,#1458,.F.);
#1992=ORIENTED_EDGE('',*,*,#1271,.F.);
#1993=ORIENTED_EDGE('',*,*,#1458,.T.);
#1994=ORIENTED_EDGE('',*,*,#1296,.T.);
#1995=ORIENTED_EDGE('',*,*,#1459,.F.);
#1996=ORIENTED_EDGE('',*,*,#1272,.F.);
#1997=ORIENTED_EDGE('',*,*,#1459,.T.);
#1998=ORIENTED_EDGE('',*,*,#1295,.T.);
#1999=ORIENTED_EDGE('',*,*,#1460,.F.);
#2000=ORIENTED_EDGE('',*,*,#1273,.F.);
#2001=ORIENTED_EDGE('',*,*,#1460,.T.);
#2002=ORIENTED_EDGE('',*,*,#1294,.T.);
#2003=ORIENTED_EDGE('',*,*,#1461,.F.);
#2004=ORIENTED_EDGE('',*,*,#1266,.F.);
#2005=ORIENTED_EDGE('',*,*,#1461,.T.);
#2006=ORIENTED_EDGE('',*,*,#1293,.T.);
#2007=ORIENTED_EDGE('',*,*,#1454,.F.);
#2008=ORIENTED_EDGE('',*,*,#1275,.F.);
#2009=ORIENTED_EDGE('',*,*,#1274,.F.);
#2010=ORIENTED_EDGE('',*,*,#1429,.F.);
#2011=ORIENTED_EDGE('',*,*,#1462,.T.);
#2012=ORIENTED_EDGE('',*,*,#1427,.F.);
#2013=ORIENTED_EDGE('',*,*,#1428,.F.);
#2014=ORIENTED_EDGE('',*,*,#1462,.F.);
#2015=ORIENTED_EDGE('',*,*,#1433,.F.);
#2016=ORIENTED_EDGE('',*,*,#1463,.T.);
#2017=ORIENTED_EDGE('',*,*,#1431,.F.);
#2018=ORIENTED_EDGE('',*,*,#1432,.F.);
#2019=ORIENTED_EDGE('',*,*,#1463,.F.);
#2020=ORIENTED_EDGE('',*,*,#1425,.F.);
#2021=ORIENTED_EDGE('',*,*,#1464,.T.);
#2022=ORIENTED_EDGE('',*,*,#1423,.F.);
#2023=ORIENTED_EDGE('',*,*,#1424,.F.);
#2024=ORIENTED_EDGE('',*,*,#1464,.F.);
#2025=ORIENTED_EDGE('',*,*,#1465,.F.);
#2026=ORIENTED_EDGE('',*,*,#1466,.T.);
#2027=ORIENTED_EDGE('',*,*,#1351,.T.);
#2028=ORIENTED_EDGE('',*,*,#1466,.F.);
#2029=ORIENTED_EDGE('',*,*,#1465,.T.);
#2030=ORIENTED_EDGE('',*,*,#1467,.F.);
#2031=ORIENTED_EDGE('',*,*,#1468,.T.);
#2032=ORIENTED_EDGE('',*,*,#1350,.T.);
#2033=ORIENTED_EDGE('',*,*,#1468,.F.);
#2034=ORIENTED_EDGE('',*,*,#1467,.T.);
#2035=ORIENTED_EDGE('',*,*,#1469,.F.);
#2036=ORIENTED_EDGE('',*,*,#1470,.T.);
#2037=ORIENTED_EDGE('',*,*,#1349,.T.);
#2038=ORIENTED_EDGE('',*,*,#1470,.F.);
#2039=ORIENTED_EDGE('',*,*,#1469,.T.);
#2040=ORIENTED_EDGE('',*,*,#1346,.T.);
#2041=ORIENTED_EDGE('',*,*,#1471,.F.);
#2042=ORIENTED_EDGE('',*,*,#1233,.F.);
#2043=ORIENTED_EDGE('',*,*,#1472,.T.);
#2044=ORIENTED_EDGE('',*,*,#1347,.T.);
#2045=ORIENTED_EDGE('',*,*,#1472,.F.);
#2046=ORIENTED_EDGE('',*,*,#1236,.F.);
#2047=ORIENTED_EDGE('',*,*,#1473,.T.);
#2048=ORIENTED_EDGE('',*,*,#1348,.T.);
#2049=ORIENTED_EDGE('',*,*,#1473,.F.);
#2050=ORIENTED_EDGE('',*,*,#1235,.F.);
#2051=ORIENTED_EDGE('',*,*,#1474,.T.);
#2052=ORIENTED_EDGE('',*,*,#1345,.T.);
#2053=ORIENTED_EDGE('',*,*,#1474,.F.);
#2054=ORIENTED_EDGE('',*,*,#1234,.F.);
#2055=ORIENTED_EDGE('',*,*,#1471,.T.);
#2056=ORIENTED_EDGE('',*,*,#1475,.F.);
#2057=ORIENTED_EDGE('',*,*,#1476,.T.);
#2058=ORIENTED_EDGE('',*,*,#1344,.T.);
#2059=ORIENTED_EDGE('',*,*,#1476,.F.);
#2060=ORIENTED_EDGE('',*,*,#1475,.T.);
#2061=ORIENTED_EDGE('',*,*,#1477,.F.);
#2062=ORIENTED_EDGE('',*,*,#1478,.T.);
#2063=ORIENTED_EDGE('',*,*,#1343,.T.);
#2064=ORIENTED_EDGE('',*,*,#1478,.F.);
#2065=ORIENTED_EDGE('',*,*,#1477,.T.);
#2066=ORIENTED_EDGE('',*,*,#1479,.F.);
#2067=ORIENTED_EDGE('',*,*,#1480,.T.);
#2068=ORIENTED_EDGE('',*,*,#1342,.T.);
#2069=ORIENTED_EDGE('',*,*,#1480,.F.);
#2070=ORIENTED_EDGE('',*,*,#1479,.T.);
#2071=ORIENTED_EDGE('',*,*,#1481,.F.);
#2072=ORIENTED_EDGE('',*,*,#1482,.T.);
#2073=ORIENTED_EDGE('',*,*,#1341,.T.);
#2074=ORIENTED_EDGE('',*,*,#1482,.F.);
#2075=ORIENTED_EDGE('',*,*,#1481,.T.);
#2076=ORIENTED_EDGE('',*,*,#1483,.F.);
#2077=ORIENTED_EDGE('',*,*,#1484,.T.);
#2078=ORIENTED_EDGE('',*,*,#1340,.T.);
#2079=ORIENTED_EDGE('',*,*,#1484,.F.);
#2080=ORIENTED_EDGE('',*,*,#1483,.T.);
#2081=ORIENTED_EDGE('',*,*,#1485,.T.);
#2082=ORIENTED_EDGE('',*,*,#1486,.T.);
#2083=ORIENTED_EDGE('',*,*,#1487,.T.);
#2084=ORIENTED_EDGE('',*,*,#1488,.T.);
#2085=ORIENTED_EDGE('',*,*,#1489,.F.);
#2086=ORIENTED_EDGE('',*,*,#1490,.F.);
#2087=ORIENTED_EDGE('',*,*,#1491,.F.);
#2088=ORIENTED_EDGE('',*,*,#1492,.F.);
#2089=ORIENTED_EDGE('',*,*,#1238,.T.);
#2090=ORIENTED_EDGE('',*,*,#1493,.F.);
#2091=ORIENTED_EDGE('',*,*,#1485,.F.);
#2092=ORIENTED_EDGE('',*,*,#1494,.T.);
#2093=ORIENTED_EDGE('',*,*,#1237,.T.);
#2094=ORIENTED_EDGE('',*,*,#1495,.F.);
#2095=ORIENTED_EDGE('',*,*,#1486,.F.);
#2096=ORIENTED_EDGE('',*,*,#1493,.T.);
#2097=ORIENTED_EDGE('',*,*,#1240,.T.);
#2098=ORIENTED_EDGE('',*,*,#1496,.F.);
#2099=ORIENTED_EDGE('',*,*,#1487,.F.);
#2100=ORIENTED_EDGE('',*,*,#1495,.T.);
#2101=ORIENTED_EDGE('',*,*,#1239,.T.);
#2102=ORIENTED_EDGE('',*,*,#1494,.F.);
#2103=ORIENTED_EDGE('',*,*,#1488,.F.);
#2104=ORIENTED_EDGE('',*,*,#1496,.T.);
#2105=ORIENTED_EDGE('',*,*,#1497,.F.);
#2106=ORIENTED_EDGE('',*,*,#1498,.F.);
#2107=ORIENTED_EDGE('',*,*,#1490,.T.);
#2108=ORIENTED_EDGE('',*,*,#1499,.T.);
#2109=ORIENTED_EDGE('',*,*,#1500,.F.);
#2110=ORIENTED_EDGE('',*,*,#1499,.F.);
#2111=ORIENTED_EDGE('',*,*,#1489,.T.);
#2112=ORIENTED_EDGE('',*,*,#1501,.T.);
#2113=ORIENTED_EDGE('',*,*,#1502,.F.);
#2114=ORIENTED_EDGE('',*,*,#1501,.F.);
#2115=ORIENTED_EDGE('',*,*,#1492,.T.);
#2116=ORIENTED_EDGE('',*,*,#1503,.T.);
#2117=ORIENTED_EDGE('',*,*,#1504,.F.);
#2118=ORIENTED_EDGE('',*,*,#1503,.F.);
#2119=ORIENTED_EDGE('',*,*,#1491,.T.);
#2120=ORIENTED_EDGE('',*,*,#1498,.T.);
#2121=ORIENTED_EDGE('',*,*,#1497,.T.);
#2122=ORIENTED_EDGE('',*,*,#1500,.T.);
#2123=ORIENTED_EDGE('',*,*,#1502,.T.);
#2124=ORIENTED_EDGE('',*,*,#1504,.T.);
#2125=ORIENTED_EDGE('',*,*,#1505,.T.);
#2126=ORIENTED_EDGE('',*,*,#1506,.T.);
#2127=ORIENTED_EDGE('',*,*,#1507,.T.);
#2128=ORIENTED_EDGE('',*,*,#1508,.T.);
#2129=ORIENTED_EDGE('',*,*,#1509,.F.);
#2130=ORIENTED_EDGE('',*,*,#1228,.T.);
#2131=ORIENTED_EDGE('',*,*,#1510,.F.);
#2132=ORIENTED_EDGE('',*,*,#1508,.F.);
#2133=ORIENTED_EDGE('',*,*,#1510,.T.);
#2134=ORIENTED_EDGE('',*,*,#1227,.T.);
#2135=ORIENTED_EDGE('',*,*,#1511,.F.);
#2136=ORIENTED_EDGE('',*,*,#1505,.F.);
#2137=ORIENTED_EDGE('',*,*,#1509,.T.);
#2138=ORIENTED_EDGE('',*,*,#1507,.F.);
#2139=ORIENTED_EDGE('',*,*,#1512,.F.);
#2140=ORIENTED_EDGE('',*,*,#1225,.T.);
#2141=ORIENTED_EDGE('',*,*,#1511,.T.);
#2142=ORIENTED_EDGE('',*,*,#1226,.T.);
#2143=ORIENTED_EDGE('',*,*,#1512,.T.);
#2144=ORIENTED_EDGE('',*,*,#1506,.F.);
#2145=ORIENTED_EDGE('',*,*,#1230,.T.);
#2146=ORIENTED_EDGE('',*,*,#1513,.F.);
#2147=ORIENTED_EDGE('',*,*,#1514,.F.);
#2148=ORIENTED_EDGE('',*,*,#1515,.T.);
#2149=ORIENTED_EDGE('',*,*,#1231,.T.);
#2150=ORIENTED_EDGE('',*,*,#1515,.F.);
#2151=ORIENTED_EDGE('',*,*,#1516,.F.);
#2152=ORIENTED_EDGE('',*,*,#1517,.T.);
#2153=ORIENTED_EDGE('',*,*,#1232,.T.);
#2154=ORIENTED_EDGE('',*,*,#1517,.F.);
#2155=ORIENTED_EDGE('',*,*,#1518,.F.);
#2156=ORIENTED_EDGE('',*,*,#1519,.T.);
#2157=ORIENTED_EDGE('',*,*,#1229,.T.);
#2158=ORIENTED_EDGE('',*,*,#1519,.F.);
#2159=ORIENTED_EDGE('',*,*,#1520,.F.);
#2160=ORIENTED_EDGE('',*,*,#1513,.T.);
#2161=ORIENTED_EDGE('',*,*,#1514,.T.);
#2162=ORIENTED_EDGE('',*,*,#1520,.T.);
#2163=ORIENTED_EDGE('',*,*,#1518,.T.);
#2164=ORIENTED_EDGE('',*,*,#1516,.T.);
#2165=ORIENTED_EDGE('',*,*,#1209,.T.);
#2166=ORIENTED_EDGE('',*,*,#1521,.F.);
#2167=ORIENTED_EDGE('',*,*,#1522,.F.);
#2168=ORIENTED_EDGE('',*,*,#1523,.T.);
#2169=ORIENTED_EDGE('',*,*,#1212,.T.);
#2170=ORIENTED_EDGE('',*,*,#1524,.F.);
#2171=ORIENTED_EDGE('',*,*,#1525,.F.);
#2172=ORIENTED_EDGE('',*,*,#1521,.T.);
#2173=ORIENTED_EDGE('',*,*,#1211,.T.);
#2174=ORIENTED_EDGE('',*,*,#1526,.F.);
#2175=ORIENTED_EDGE('',*,*,#1527,.F.);
#2176=ORIENTED_EDGE('',*,*,#1524,.T.);
#2177=ORIENTED_EDGE('',*,*,#1210,.T.);
#2178=ORIENTED_EDGE('',*,*,#1523,.F.);
#2179=ORIENTED_EDGE('',*,*,#1528,.F.);
#2180=ORIENTED_EDGE('',*,*,#1526,.T.);
#2181=ORIENTED_EDGE('',*,*,#1522,.T.);
#2182=ORIENTED_EDGE('',*,*,#1525,.T.);
#2183=ORIENTED_EDGE('',*,*,#1527,.T.);
#2184=ORIENTED_EDGE('',*,*,#1528,.T.);
#2185=ORIENTED_EDGE('',*,*,#1217,.T.);
#2186=ORIENTED_EDGE('',*,*,#1529,.F.);
#2187=ORIENTED_EDGE('',*,*,#1530,.F.);
#2188=ORIENTED_EDGE('',*,*,#1531,.T.);
#2189=ORIENTED_EDGE('',*,*,#1220,.T.);
#2190=ORIENTED_EDGE('',*,*,#1532,.F.);
#2191=ORIENTED_EDGE('',*,*,#1533,.F.);
#2192=ORIENTED_EDGE('',*,*,#1529,.T.);
#2193=ORIENTED_EDGE('',*,*,#1219,.T.);
#2194=ORIENTED_EDGE('',*,*,#1534,.F.);
#2195=ORIENTED_EDGE('',*,*,#1535,.F.);
#2196=ORIENTED_EDGE('',*,*,#1532,.T.);
#2197=ORIENTED_EDGE('',*,*,#1218,.T.);
#2198=ORIENTED_EDGE('',*,*,#1531,.F.);
#2199=ORIENTED_EDGE('',*,*,#1536,.F.);
#2200=ORIENTED_EDGE('',*,*,#1534,.T.);
#2201=ORIENTED_EDGE('',*,*,#1530,.T.);
#2202=ORIENTED_EDGE('',*,*,#1533,.T.);
#2203=ORIENTED_EDGE('',*,*,#1535,.T.);
#2204=ORIENTED_EDGE('',*,*,#1536,.T.);
#2205=ORIENTED_EDGE('',*,*,#1213,.T.);
#2206=ORIENTED_EDGE('',*,*,#1537,.F.);
#2207=ORIENTED_EDGE('',*,*,#1538,.F.);
#2208=ORIENTED_EDGE('',*,*,#1539,.T.);
#2209=ORIENTED_EDGE('',*,*,#1216,.T.);
#2210=ORIENTED_EDGE('',*,*,#1540,.F.);
#2211=ORIENTED_EDGE('',*,*,#1541,.F.);
#2212=ORIENTED_EDGE('',*,*,#1537,.T.);
#2213=ORIENTED_EDGE('',*,*,#1215,.T.);
#2214=ORIENTED_EDGE('',*,*,#1542,.F.);
#2215=ORIENTED_EDGE('',*,*,#1543,.F.);
#2216=ORIENTED_EDGE('',*,*,#1540,.T.);
#2217=ORIENTED_EDGE('',*,*,#1214,.T.);
#2218=ORIENTED_EDGE('',*,*,#1539,.F.);
#2219=ORIENTED_EDGE('',*,*,#1544,.F.);
#2220=ORIENTED_EDGE('',*,*,#1542,.T.);
#2221=ORIENTED_EDGE('',*,*,#1538,.T.);
#2222=ORIENTED_EDGE('',*,*,#1541,.T.);
#2223=ORIENTED_EDGE('',*,*,#1543,.T.);
#2224=ORIENTED_EDGE('',*,*,#1544,.T.);
#2225=PLANE('',#2454);
#2226=PLANE('',#2461);
#2227=PLANE('',#2466);
#2228=PLANE('',#2471);
#2229=PLANE('',#2477);
#2230=PLANE('',#2478);
#2231=PLANE('',#2483);
#2232=PLANE('',#2488);
#2233=PLANE('',#2503);
#2234=PLANE('',#2504);
#2235=PLANE('',#2513);
#2236=PLANE('',#2532);
#2237=PLANE('',#2539);
#2238=PLANE('',#2550);
#2239=PLANE('',#2586);
#2240=PLANE('',#2590);
#2241=PLANE('',#2594);
#2242=PLANE('',#2598);
#2243=PLANE('',#2599);
#2244=PLANE('',#2645);
#2245=PLANE('',#2650);
#2246=PLANE('',#2655);
#2247=PLANE('',#2659);
#2248=PLANE('',#2663);
#2249=PLANE('',#2666);
#2250=PLANE('',#2670);
#2251=PLANE('',#2673);
#2252=PLANE('',#2675);
#2253=PLANE('',#2677);
#2254=PLANE('',#2679);
#2255=PLANE('',#2681);
#2256=PLANE('',#2683);
#2257=PLANE('',#2685);
#2258=PLANE('',#2687);
#2259=PLANE('',#2689);
#2260=PLANE('',#2690);
#2261=PLANE('',#2699);
#2262=PLANE('',#2702);
#2263=PLANE('',#2705);
#2264=PLANE('',#2707);
#2265=PLANE('',#2709);
#2266=PLANE('',#2712);
#2267=PLANE('',#2715);
#2268=PLANE('',#2718);
#2269=PLANE('',#2721);
#2270=PLANE('',#2724);
#2271=PLANE('',#2725);
#2272=PLANE('',#2731);
#2273=PLANE('',#2733);
#2274=PLANE('',#2736);
#2275=PLANE('',#2739);
#2276=PLANE('',#2740);
#2277=PLANE('',#2741);
#2278=PLANE('',#2754);
#2279=PLANE('',#2757);
#2280=PLANE('',#2758);
#2281=PLANE('',#2761);
#2282=PLANE('',#2764);
#2283=PLANE('',#2765);
#2284=PLANE('',#2768);
#2285=PLANE('',#2771);
#2286=PLANE('',#2772);
#2287=PLANE('',#2775);
#2288=PLANE('',#2778);
#2289=PLANE('',#2779);
#2290=ADVANCED_FACE('',(#319,#110,#111,#112),#2225,.F.);
#2291=ADVANCED_FACE('',(#320,#113,#114),#2226,.F.);
#2292=ADVANCED_FACE('',(#321,#115),#2227,.T.);
#2293=ADVANCED_FACE('',(#322,#116,#117),#2228,.F.);
#2294=ADVANCED_FACE('',(#323),#2229,.F.);
#2295=ADVANCED_FACE('',(#324,#118),#2230,.F.);
#2296=ADVANCED_FACE('',(#325,#119),#2231,.F.);
#2297=ADVANCED_FACE('',(#326,#120,#121),#2232,.T.);
#2298=ADVANCED_FACE('',(#327),#2233,.T.);
#2299=ADVANCED_FACE('',(#328,#122),#2234,.F.);
#2300=ADVANCED_FACE('',(#329,#123,#124),#2235,.T.);
#2301=ADVANCED_FACE('',(#330),#35,.T.);
#2302=ADVANCED_FACE('',(#331),#36,.T.);
#2303=ADVANCED_FACE('',(#332),#2236,.F.);
#2304=ADVANCED_FACE('',(#333),#37,.T.);
#2305=ADVANCED_FACE('',(#334),#38,.T.);
#2306=ADVANCED_FACE('',(#335,#125,#126,#127,#128,#129,#130,#131,#132,#133),
#2237,.F.);
#2307=ADVANCED_FACE('',(#336),#2238,.F.);
#2308=ADVANCED_FACE('',(#337),#39,.T.);
#2309=ADVANCED_FACE('',(#338),#14,.T.);
#2310=ADVANCED_FACE('',(#339),#15,.T.);
#2311=ADVANCED_FACE('',(#340),#40,.T.);
#2312=ADVANCED_FACE('',(#341),#41,.T.);
#2313=ADVANCED_FACE('',(#342),#16,.T.);
#2314=ADVANCED_FACE('',(#343),#17,.T.);
#2315=ADVANCED_FACE('',(#344),#42,.T.);
#2316=ADVANCED_FACE('',(#345),#43,.T.);
#2317=ADVANCED_FACE('',(#346),#18,.T.);
#2318=ADVANCED_FACE('',(#347),#19,.T.);
#2319=ADVANCED_FACE('',(#348),#44,.T.);
#2320=ADVANCED_FACE('',(#349),#45,.T.);
#2321=ADVANCED_FACE('',(#350),#20,.T.);
#2322=ADVANCED_FACE('',(#351),#21,.T.);
#2323=ADVANCED_FACE('',(#352),#46,.T.);
#2324=ADVANCED_FACE('',(#353),#47,.T.);
#2325=ADVANCED_FACE('',(#354),#2239,.F.);
#2326=ADVANCED_FACE('',(#355),#48,.T.);
#2327=ADVANCED_FACE('',(#356),#2240,.F.);
#2328=ADVANCED_FACE('',(#357),#49,.T.);
#2329=ADVANCED_FACE('',(#358),#2241,.F.);
#2330=ADVANCED_FACE('',(#359),#50,.T.);
#2331=ADVANCED_FACE('',(#360),#2242,.F.);
#2332=ADVANCED_FACE('',(#361,#134,#135,#136,#137,#138,#139),#2243,.T.);
#2333=ADVANCED_FACE('',(#362),#51,.F.);
#2334=ADVANCED_FACE('',(#363),#22,.F.);
#2335=ADVANCED_FACE('',(#364),#23,.F.);
#2336=ADVANCED_FACE('',(#365),#52,.F.);
#2337=ADVANCED_FACE('',(#366),#53,.F.);
#2338=ADVANCED_FACE('',(#367),#24,.F.);
#2339=ADVANCED_FACE('',(#368),#25,.F.);
#2340=ADVANCED_FACE('',(#369),#54,.F.);
#2341=ADVANCED_FACE('',(#370),#55,.T.);
#2342=ADVANCED_FACE('',(#371),#26,.T.);
#2343=ADVANCED_FACE('',(#372),#27,.T.);
#2344=ADVANCED_FACE('',(#373),#56,.T.);
#2345=ADVANCED_FACE('',(#374),#57,.T.);
#2346=ADVANCED_FACE('',(#375),#28,.T.);
#2347=ADVANCED_FACE('',(#376),#29,.T.);
#2348=ADVANCED_FACE('',(#377),#58,.T.);
#2349=ADVANCED_FACE('',(#378),#59,.T.);
#2350=ADVANCED_FACE('',(#379),#2244,.T.);
#2351=ADVANCED_FACE('',(#380),#60,.T.);
#2352=ADVANCED_FACE('',(#381),#2245,.T.);
#2353=ADVANCED_FACE('',(#382),#61,.T.);
#2354=ADVANCED_FACE('',(#383),#2246,.T.);
#2355=ADVANCED_FACE('',(#384),#62,.F.);
#2356=ADVANCED_FACE('',(#385,#140),#2247,.T.);
#2357=ADVANCED_FACE('',(#386),#63,.F.);
#2358=ADVANCED_FACE('',(#387),#2248,.T.);
#2359=ADVANCED_FACE('',(#388),#64,.F.);
#2360=ADVANCED_FACE('',(#389,#141),#2249,.T.);
#2361=ADVANCED_FACE('',(#390),#65,.T.);
#2362=ADVANCED_FACE('',(#391),#2250,.T.);
#2363=ADVANCED_FACE('',(#392),#66,.T.);
#2364=ADVANCED_FACE('',(#393),#2251,.T.);
#2365=ADVANCED_FACE('',(#394),#67,.F.);
#2366=ADVANCED_FACE('',(#395),#2252,.F.);
#2367=ADVANCED_FACE('',(#396),#68,.F.);
#2368=ADVANCED_FACE('',(#397),#2253,.F.);
#2369=ADVANCED_FACE('',(#398),#69,.F.);
#2370=ADVANCED_FACE('',(#399),#2254,.F.);
#2371=ADVANCED_FACE('',(#400),#70,.F.);
#2372=ADVANCED_FACE('',(#401),#2255,.F.);
#2373=ADVANCED_FACE('',(#402),#71,.T.);
#2374=ADVANCED_FACE('',(#403),#2256,.F.);
#2375=ADVANCED_FACE('',(#404),#72,.T.);
#2376=ADVANCED_FACE('',(#405),#2257,.F.);
#2377=ADVANCED_FACE('',(#406),#73,.T.);
#2378=ADVANCED_FACE('',(#407),#2258,.F.);
#2379=ADVANCED_FACE('',(#408),#74,.T.);
#2380=ADVANCED_FACE('',(#409),#2259,.F.);
#2381=ADVANCED_FACE('',(#410),#2260,.T.);
#2382=ADVANCED_FACE('',(#411),#30,.T.);
#2383=ADVANCED_FACE('',(#412),#31,.T.);
#2384=ADVANCED_FACE('',(#413),#32,.T.);
#2385=ADVANCED_FACE('',(#414),#75,.F.);
#2386=ADVANCED_FACE('',(#415),#2261,.T.);
#2387=ADVANCED_FACE('',(#416),#76,.F.);
#2388=ADVANCED_FACE('',(#417),#2262,.T.);
#2389=ADVANCED_FACE('',(#418),#77,.F.);
#2390=ADVANCED_FACE('',(#419),#2263,.T.);
#2391=ADVANCED_FACE('',(#420),#78,.F.);
#2392=ADVANCED_FACE('',(#421),#2264,.F.);
#2393=ADVANCED_FACE('',(#422),#79,.F.);
#2394=ADVANCED_FACE('',(#423),#2265,.F.);
#2395=ADVANCED_FACE('',(#424),#80,.F.);
#2396=ADVANCED_FACE('',(#425),#2266,.T.);
#2397=ADVANCED_FACE('',(#426),#81,.F.);
#2398=ADVANCED_FACE('',(#427),#2267,.T.);
#2399=ADVANCED_FACE('',(#428),#82,.F.);
#2400=ADVANCED_FACE('',(#429),#2268,.T.);
#2401=ADVANCED_FACE('',(#430),#83,.F.);
#2402=ADVANCED_FACE('',(#431),#2269,.T.);
#2403=ADVANCED_FACE('',(#432),#84,.F.);
#2404=ADVANCED_FACE('',(#433),#2270,.T.);
#2405=ADVANCED_FACE('',(#434,#142),#2271,.T.);
#2406=ADVANCED_FACE('',(#435),#85,.T.);
#2407=ADVANCED_FACE('',(#436),#2272,.F.);
#2408=ADVANCED_FACE('',(#437),#86,.T.);
#2409=ADVANCED_FACE('',(#438),#2273,.F.);
#2410=ADVANCED_FACE('',(#439),#87,.F.);
#2411=ADVANCED_FACE('',(#440),#2274,.T.);
#2412=ADVANCED_FACE('',(#441),#88,.F.);
#2413=ADVANCED_FACE('',(#442),#2275,.T.);
#2414=ADVANCED_FACE('',(#443),#2276,.T.);
#2415=ADVANCED_FACE('',(#444),#2277,.T.);
#2416=ADVANCED_FACE('',(#445),#89,.T.);
#2417=ADVANCED_FACE('',(#446),#33,.T.);
#2418=ADVANCED_FACE('',(#447),#34,.T.);
#2419=ADVANCED_FACE('',(#448),#90,.T.);
#2420=ADVANCED_FACE('',(#449),#91,.F.);
#2421=ADVANCED_FACE('',(#450),#2278,.F.);
#2422=ADVANCED_FACE('',(#451),#92,.F.);
#2423=ADVANCED_FACE('',(#452),#2279,.F.);
#2424=ADVANCED_FACE('',(#453),#2280,.T.);
#2425=ADVANCED_FACE('',(#454),#93,.T.);
#2426=ADVANCED_FACE('',(#455),#2281,.F.);
#2427=ADVANCED_FACE('',(#456),#94,.T.);
#2428=ADVANCED_FACE('',(#457),#2282,.F.);
#2429=ADVANCED_FACE('',(#458),#2283,.T.);
#2430=ADVANCED_FACE('',(#459),#95,.T.);
#2431=ADVANCED_FACE('',(#460),#2284,.F.);
#2432=ADVANCED_FACE('',(#461),#96,.T.);
#2433=ADVANCED_FACE('',(#462),#2285,.F.);
#2434=ADVANCED_FACE('',(#463),#2286,.T.);
#2435=ADVANCED_FACE('',(#464),#97,.T.);
#2436=ADVANCED_FACE('',(#465),#2287,.F.);
#2437=ADVANCED_FACE('',(#466),#98,.T.);
#2438=ADVANCED_FACE('',(#467),#2288,.F.);
#2439=ADVANCED_FACE('',(#468),#2289,.T.);
#2440=CLOSED_SHELL('',(#2290,#2291,#2292,#2293,#2294,#2295,#2296,#2297,
#2298,#2299,#2300,#2301,#2302,#2303,#2304,#2305,#2306,#2307,#2308,#2309,
#2310,#2311,#2312,#2313,#2314,#2315,#2316,#2317,#2318,#2319,#2320,#2321,
#2322,#2323,#2324,#2325,#2326,#2327,#2328,#2329,#2330,#2331,#2332,#2333,
#2334,#2335,#2336,#2337,#2338,#2339,#2340,#2341,#2342,#2343,#2344,#2345,
#2346,#2347,#2348,#2349,#2350,#2351,#2352,#2353,#2354,#2355,#2356,#2357,
#2358,#2359,#2360,#2361,#2362,#2363,#2364,#2365,#2366,#2367,#2368,#2369,
#2370,#2371,#2372,#2373,#2374,#2375,#2376,#2377,#2378,#2379,#2380,#2381,
#2382,#2383,#2384,#2385,#2386,#2387,#2388,#2389,#2390,#2391,#2392,#2393,
#2394,#2395,#2396,#2397,#2398,#2399,#2400,#2401,#2402,#2403,#2404,#2405,
#2406,#2407,#2408,#2409,#2410,#2411,#2412,#2413,#2414,#2415,#2416,#2417,
#2418,#2419,#2420,#2421,#2422,#2423,#2424,#2425,#2426,#2427,#2428,#2429,
#2430,#2431,#2432,#2433,#2434,#2435,#2436,#2437,#2438,#2439));
#2441=DERIVED_UNIT_ELEMENT(#2443,1.);
#2442=DERIVED_UNIT_ELEMENT(#4319,-3.);
#2443=(
MASS_UNIT()
NAMED_UNIT(*)
SI_UNIT(.KILO.,.GRAM.)
);
#2444=DERIVED_UNIT((#2441,#2442));
#2445=MEASURE_REPRESENTATION_ITEM('density measure',
POSITIVE_RATIO_MEASURE(7850.),#2444);
#2446=PROPERTY_DEFINITION_REPRESENTATION(#2451,#2448);
#2447=PROPERTY_DEFINITION_REPRESENTATION(#2452,#2449);
#2448=REPRESENTATION('material name',(#2450),#4316);
#2449=REPRESENTATION('density',(#2445),#4316);
#2450=DESCRIPTIVE_REPRESENTATION_ITEM('Steel','Steel');
#2451=PROPERTY_DEFINITION('material property','material name',#4326);
#2452=PROPERTY_DEFINITION('material property','density of part',#4326);
#2453=AXIS2_PLACEMENT_3D('',#3598,#2780,#2781);
#2454=AXIS2_PLACEMENT_3D('',#3599,#2782,#2783);
#2455=AXIS2_PLACEMENT_3D('',#3610,#2788,#2789);
#2456=AXIS2_PLACEMENT_3D('',#3614,#2791,#2792);
#2457=AXIS2_PLACEMENT_3D('',#3618,#2794,#2795);
#2458=AXIS2_PLACEMENT_3D('',#3622,#2797,#2798);
#2459=AXIS2_PLACEMENT_3D('',#3626,#2800,#2801);
#2460=AXIS2_PLACEMENT_3D('',#3630,#2803,#2804);
#2461=AXIS2_PLACEMENT_3D('',#3632,#2806,#2807);
#2462=AXIS2_PLACEMENT_3D('',#3643,#2812,#2813);
#2463=AXIS2_PLACEMENT_3D('',#3647,#2815,#2816);
#2464=AXIS2_PLACEMENT_3D('',#3653,#2819,#2820);
#2465=AXIS2_PLACEMENT_3D('',#3656,#2822,#2823);
#2466=AXIS2_PLACEMENT_3D('',#3657,#2824,#2825);
#2467=AXIS2_PLACEMENT_3D('',#3660,#2826,#2827);
#2468=AXIS2_PLACEMENT_3D('',#3664,#2829,#2830);
#2469=AXIS2_PLACEMENT_3D('',#3670,#2833,#2834);
#2470=AXIS2_PLACEMENT_3D('',#3673,#2836,#2837);
#2471=AXIS2_PLACEMENT_3D('',#3674,#2838,#2839);
#2472=AXIS2_PLACEMENT_3D('',#3679,#2841,#2842);
#2473=AXIS2_PLACEMENT_3D('',#3682,#2844,#2845);
#2474=AXIS2_PLACEMENT_3D('',#3685,#2846,#2847);
#2475=AXIS2_PLACEMENT_3D('',#3689,#2849,#2850);
#2476=AXIS2_PLACEMENT_3D('',#3692,#2852,#2853);
#2477=AXIS2_PLACEMENT_3D('',#3693,#2854,#2855);
#2478=AXIS2_PLACEMENT_3D('',#3694,#2856,#2857);
#2479=AXIS2_PLACEMENT_3D('',#3699,#2859,#2860);
#2480=AXIS2_PLACEMENT_3D('',#3703,#2862,#2863);
#2481=AXIS2_PLACEMENT_3D('',#3707,#2865,#2866);
#2482=AXIS2_PLACEMENT_3D('',#3710,#2868,#2869);
#2483=AXIS2_PLACEMENT_3D('',#3711,#2870,#2871);
#2484=AXIS2_PLACEMENT_3D('',#3714,#2872,#2873);
#2485=AXIS2_PLACEMENT_3D('',#3718,#2875,#2876);
#2486=AXIS2_PLACEMENT_3D('',#3722,#2878,#2879);
#2487=AXIS2_PLACEMENT_3D('',#3726,#2881,#2882);
#2488=AXIS2_PLACEMENT_3D('',#3728,#2884,#2885);
#2489=AXIS2_PLACEMENT_3D('',#3733,#2887,#2888);
#2490=AXIS2_PLACEMENT_3D('',#3737,#2890,#2891);
#2491=AXIS2_PLACEMENT_3D('',#3741,#2893,#2894);
#2492=AXIS2_PLACEMENT_3D('',#3744,#2896,#2897);
#2493=AXIS2_PLACEMENT_3D('',#3747,#2898,#2899);
#2494=AXIS2_PLACEMENT_3D('',#3748,#2900,#2901);
#2495=AXIS2_PLACEMENT_3D('',#3751,#2902,#2903);
#2496=AXIS2_PLACEMENT_3D('',#3753,#2904,#2905);
#2497=AXIS2_PLACEMENT_3D('',#3755,#2906,#2907);
#2498=AXIS2_PLACEMENT_3D('',#3757,#2908,#2909);
#2499=AXIS2_PLACEMENT_3D('',#3759,#2910,#2911);
#2500=AXIS2_PLACEMENT_3D('',#3761,#2912,#2913);
#2501=AXIS2_PLACEMENT_3D('',#3763,#2914,#2915);
#2502=AXIS2_PLACEMENT_3D('',#3764,#2916,#2917);
#2503=AXIS2_PLACEMENT_3D('',#3765,#2918,#2919);
#2504=AXIS2_PLACEMENT_3D('',#3766,#2920,#2921);
#2505=AXIS2_PLACEMENT_3D('',#3769,#2922,#2923);
#2506=AXIS2_PLACEMENT_3D('',#3773,#2925,#2926);
#2507=AXIS2_PLACEMENT_3D('',#3777,#2928,#2929);
#2508=AXIS2_PLACEMENT_3D('',#3781,#2931,#2932);
#2509=AXIS2_PLACEMENT_3D('',#3785,#2934,#2935);
#2510=AXIS2_PLACEMENT_3D('',#3789,#2937,#2938);
#2511=AXIS2_PLACEMENT_3D('',#3793,#2940,#2941);
#2512=AXIS2_PLACEMENT_3D('',#3797,#2943,#2944);
#2513=AXIS2_PLACEMENT_3D('',#3799,#2946,#2947);
#2514=AXIS2_PLACEMENT_3D('',#3802,#2948,#2949);
#2515=AXIS2_PLACEMENT_3D('',#3806,#2951,#2952);
#2516=AXIS2_PLACEMENT_3D('',#3810,#2954,#2955);
#2517=AXIS2_PLACEMENT_3D('',#3814,#2957,#2958);
#2518=AXIS2_PLACEMENT_3D('',#3818,#2960,#2961);
#2519=AXIS2_PLACEMENT_3D('',#3822,#2963,#2964);
#2520=AXIS2_PLACEMENT_3D('',#3826,#2966,#2967);
#2521=AXIS2_PLACEMENT_3D('',#3830,#2969,#2970);
#2522=AXIS2_PLACEMENT_3D('',#3834,#2972,#2973);
#2523=AXIS2_PLACEMENT_3D('',#3838,#2975,#2976);
#2524=AXIS2_PLACEMENT_3D('',#3842,#2978,#2979);
#2525=AXIS2_PLACEMENT_3D('',#3846,#2981,#2982);
#2526=AXIS2_PLACEMENT_3D('',#3848,#2984,#2985);
#2527=AXIS2_PLACEMENT_3D('',#3852,#2987,#2988);
#2528=AXIS2_PLACEMENT_3D('',#3853,#2989,#2990);
#2529=AXIS2_PLACEMENT_3D('',#3854,#2991,#2992);
#2530=AXIS2_PLACEMENT_3D('',#3856,#2993,#2994);
#2531=AXIS2_PLACEMENT_3D('',#3859,#2996,#2997);
#2532=AXIS2_PLACEMENT_3D('',#3860,#2998,#2999);
#2533=AXIS2_PLACEMENT_3D('',#3866,#3003,#3004);
#2534=AXIS2_PLACEMENT_3D('',#3867,#3005,#3006);
#2535=AXIS2_PLACEMENT_3D('',#3868,#3007,#3008);
#2536=AXIS2_PLACEMENT_3D('',#3869,#3009,#3010);
#2537=AXIS2_PLACEMENT_3D('',#3871,#3011,#3012);
#2538=AXIS2_PLACEMENT_3D('',#3874,#3014,#3015);
#2539=AXIS2_PLACEMENT_3D('',#3875,#3016,#3017);
#2540=AXIS2_PLACEMENT_3D('',#3879,#3020,#3021);
#2541=AXIS2_PLACEMENT_3D('',#3881,#3022,#3023);
#2542=AXIS2_PLACEMENT_3D('',#3883,#3024,#3025);
#2543=AXIS2_PLACEMENT_3D('',#3885,#3026,#3027);
#2544=AXIS2_PLACEMENT_3D('',#3887,#3028,#3029);
#2545=AXIS2_PLACEMENT_3D('',#3892,#3031,#3032);
#2546=AXIS2_PLACEMENT_3D('',#3895,#3034,#3035);
#2547=AXIS2_PLACEMENT_3D('',#3897,#3036,#3037);
#2548=AXIS2_PLACEMENT_3D('',#3899,#3038,#3039);
#2549=AXIS2_PLACEMENT_3D('',#3901,#3040,#3041);
#2550=AXIS2_PLACEMENT_3D('',#3902,#3042,#3043);
#2551=AXIS2_PLACEMENT_3D('',#3903,#3044,#3045);
#2552=AXIS2_PLACEMENT_3D('',#3904,#3046,#3047);
#2553=AXIS2_PLACEMENT_3D('',#3905,#3048,#3049);
#2554=AXIS2_PLACEMENT_3D('',#3906,#3050,#3051);
#2555=AXIS2_PLACEMENT_3D('',#3907,#3052,#3053);
#2556=AXIS2_PLACEMENT_3D('',#3908,#3054,#3055);
#2557=AXIS2_PLACEMENT_3D('',#3909,#3056,#3057);
#2558=AXIS2_PLACEMENT_3D('',#3910,#3058,#3059);
#2559=AXIS2_PLACEMENT_3D('',#3911,#3060,#3061);
#2560=AXIS2_PLACEMENT_3D('',#3912,#3062,#3063);
#2561=AXIS2_PLACEMENT_3D('',#3913,#3064,#3065);
#2562=AXIS2_PLACEMENT_3D('',#3914,#3066,#3067);
#2563=AXIS2_PLACEMENT_3D('',#3915,#3068,#3069);
#2564=AXIS2_PLACEMENT_3D('',#3916,#3070,#3071);
#2565=AXIS2_PLACEMENT_3D('',#3917,#3072,#3073);
#2566=AXIS2_PLACEMENT_3D('',#3918,#3074,#3075);
#2567=AXIS2_PLACEMENT_3D('',#3919,#3076,#3077);
#2568=AXIS2_PLACEMENT_3D('',#3920,#3078,#3079);
#2569=AXIS2_PLACEMENT_3D('',#3921,#3080,#3081);
#2570=AXIS2_PLACEMENT_3D('',#3922,#3082,#3083);
#2571=AXIS2_PLACEMENT_3D('',#3923,#3084,#3085);
#2572=AXIS2_PLACEMENT_3D('',#3924,#3086,#3087);
#2573=AXIS2_PLACEMENT_3D('',#3925,#3088,#3089);
#2574=AXIS2_PLACEMENT_3D('',#3926,#3090,#3091);
#2575=AXIS2_PLACEMENT_3D('',#3927,#3092,#3093);
#2576=AXIS2_PLACEMENT_3D('',#3928,#3094,#3095);
#2577=AXIS2_PLACEMENT_3D('',#3929,#3096,#3097);
#2578=AXIS2_PLACEMENT_3D('',#3930,#3098,#3099);
#2579=AXIS2_PLACEMENT_3D('',#3931,#3100,#3101);
#2580=AXIS2_PLACEMENT_3D('',#3932,#3102,#3103);
#2581=AXIS2_PLACEMENT_3D('',#3933,#3104,#3105);
#2582=AXIS2_PLACEMENT_3D('',#3934,#3106,#3107);
#2583=AXIS2_PLACEMENT_3D('',#3935,#3108,#3109);
#2584=AXIS2_PLACEMENT_3D('',#3940,#3111,#3112);
#2585=AXIS2_PLACEMENT_3D('',#3943,#3114,#3115);
#2586=AXIS2_PLACEMENT_3D('',#3944,#3116,#3117);
#2587=AXIS2_PLACEMENT_3D('',#3950,#3121,#3122);
#2588=AXIS2_PLACEMENT_3D('',#3954,#3124,#3125);
#2589=AXIS2_PLACEMENT_3D('',#3955,#3126,#3127);
#2590=AXIS2_PLACEMENT_3D('',#3956,#3128,#3129);
#2591=AXIS2_PLACEMENT_3D('',#3962,#3133,#3134);
#2592=AXIS2_PLACEMENT_3D('',#3966,#3136,#3137);
#2593=AXIS2_PLACEMENT_3D('',#3967,#3138,#3139);
#2594=AXIS2_PLACEMENT_3D('',#3968,#3140,#3141);
#2595=AXIS2_PLACEMENT_3D('',#3974,#3145,#3146);
#2596=AXIS2_PLACEMENT_3D('',#3978,#3148,#3149);
#2597=AXIS2_PLACEMENT_3D('',#3979,#3150,#3151);
#2598=AXIS2_PLACEMENT_3D('',#3980,#3152,#3153);
#2599=AXIS2_PLACEMENT_3D('',#3983,#3156,#3157);
#2600=AXIS2_PLACEMENT_3D('',#3986,#3158,#3159);
#2601=AXIS2_PLACEMENT_3D('',#3990,#3161,#3162);
#2602=AXIS2_PLACEMENT_3D('',#3994,#3164,#3165);
#2603=AXIS2_PLACEMENT_3D('',#3998,#3167,#3168);
#2604=AXIS2_PLACEMENT_3D('',#4001,#3170,#3171);
#2605=AXIS2_PLACEMENT_3D('',#4003,#3172,#3173);
#2606=AXIS2_PLACEMENT_3D('',#4005,#3174,#3175);
#2607=AXIS2_PLACEMENT_3D('',#4007,#3176,#3177);
#2608=AXIS2_PLACEMENT_3D('',#4009,#3178,#3179);
#2609=AXIS2_PLACEMENT_3D('',#4011,#3180,#3181);
#2610=AXIS2_PLACEMENT_3D('',#4012,#3182,#3183);
#2611=AXIS2_PLACEMENT_3D('',#4013,#3184,#3185);
#2612=AXIS2_PLACEMENT_3D('',#4014,#3186,#3187);
#2613=AXIS2_PLACEMENT_3D('',#4015,#3188,#3189);
#2614=AXIS2_PLACEMENT_3D('',#4016,#3190,#3191);
#2615=AXIS2_PLACEMENT_3D('',#4017,#3192,#3193);
#2616=AXIS2_PLACEMENT_3D('',#4018,#3194,#3195);
#2617=AXIS2_PLACEMENT_3D('',#4019,#3196,#3197);
#2618=AXIS2_PLACEMENT_3D('',#4020,#3198,#3199);
#2619=AXIS2_PLACEMENT_3D('',#4021,#3200,#3201);
#2620=AXIS2_PLACEMENT_3D('',#4022,#3202,#3203);
#2621=AXIS2_PLACEMENT_3D('',#4023,#3204,#3205);
#2622=AXIS2_PLACEMENT_3D('',#4024,#3206,#3207);
#2623=AXIS2_PLACEMENT_3D('',#4025,#3208,#3209);
#2624=AXIS2_PLACEMENT_3D('',#4026,#3210,#3211);
#2625=AXIS2_PLACEMENT_3D('',#4027,#3212,#3213);
#2626=AXIS2_PLACEMENT_3D('',#4028,#3214,#3215);
#2627=AXIS2_PLACEMENT_3D('',#4029,#3216,#3217);
#2628=AXIS2_PLACEMENT_3D('',#4030,#3218,#3219);
#2629=AXIS2_PLACEMENT_3D('',#4031,#3220,#3221);
#2630=AXIS2_PLACEMENT_3D('',#4032,#3222,#3223);
#2631=AXIS2_PLACEMENT_3D('',#4033,#3224,#3225);
#2632=AXIS2_PLACEMENT_3D('',#4034,#3226,#3227);
#2633=AXIS2_PLACEMENT_3D('',#4035,#3228,#3229);
#2634=AXIS2_PLACEMENT_3D('',#4036,#3230,#3231);
#2635=AXIS2_PLACEMENT_3D('',#4037,#3232,#3233);
#2636=AXIS2_PLACEMENT_3D('',#4038,#3234,#3235);
#2637=AXIS2_PLACEMENT_3D('',#4039,#3236,#3237);
#2638=AXIS2_PLACEMENT_3D('',#4040,#3238,#3239);
#2639=AXIS2_PLACEMENT_3D('',#4041,#3240,#3241);
#2640=AXIS2_PLACEMENT_3D('',#4042,#3242,#3243);
#2641=AXIS2_PLACEMENT_3D('',#4043,#3244,#3245);
#2642=AXIS2_PLACEMENT_3D('',#4044,#3246,#3247);
#2643=AXIS2_PLACEMENT_3D('',#4048,#3249,#3250);
#2644=AXIS2_PLACEMENT_3D('',#4049,#3251,#3252);
#2645=AXIS2_PLACEMENT_3D('',#4050,#3253,#3254);
#2646=AXIS2_PLACEMENT_3D('',#4052,#3255,#3256);
#2647=AXIS2_PLACEMENT_3D('',#4053,#3257,#3258);
#2648=AXIS2_PLACEMENT_3D('',#4057,#3260,#3261);
#2649=AXIS2_PLACEMENT_3D('',#4058,#3262,#3263);
#2650=AXIS2_PLACEMENT_3D('',#4059,#3264,#3265);
#2651=AXIS2_PLACEMENT_3D('',#4061,#3266,#3267);
#2652=AXIS2_PLACEMENT_3D('',#4062,#3268,#3269);
#2653=AXIS2_PLACEMENT_3D('',#4066,#3271,#3272);
#2654=AXIS2_PLACEMENT_3D('',#4067,#3273,#3274);
#2655=AXIS2_PLACEMENT_3D('',#4068,#3275,#3276);
#2656=AXIS2_PLACEMENT_3D('',#4070,#3277,#3278);
#2657=AXIS2_PLACEMENT_3D('',#4071,#3279,#3280);
#2658=AXIS2_PLACEMENT_3D('',#4073,#3281,#3282);
#2659=AXIS2_PLACEMENT_3D('',#4075,#3284,#3285);
#2660=AXIS2_PLACEMENT_3D('',#4077,#3286,#3287);
#2661=AXIS2_PLACEMENT_3D('',#4078,#3288,#3289);
#2662=AXIS2_PLACEMENT_3D('',#4080,#3290,#3291);
#2663=AXIS2_PLACEMENT_3D('',#4082,#3293,#3294);
#2664=AXIS2_PLACEMENT_3D('',#4083,#3295,#3296);
#2665=AXIS2_PLACEMENT_3D('',#4085,#3297,#3298);
#2666=AXIS2_PLACEMENT_3D('',#4087,#3300,#3301);
#2667=AXIS2_PLACEMENT_3D('',#4089,#3302,#3303);
#2668=AXIS2_PLACEMENT_3D('',#4090,#3304,#3305);
#2669=AXIS2_PLACEMENT_3D('',#4093,#3307,#3308);
#2670=AXIS2_PLACEMENT_3D('',#4094,#3309,#3310);
#2671=AXIS2_PLACEMENT_3D('',#4095,#3311,#3312);
#2672=AXIS2_PLACEMENT_3D('',#4098,#3314,#3315);
#2673=AXIS2_PLACEMENT_3D('',#4099,#3316,#3317);
#2674=AXIS2_PLACEMENT_3D('',#4100,#3318,#3319);
#2675=AXIS2_PLACEMENT_3D('',#4103,#3322,#3323);
#2676=AXIS2_PLACEMENT_3D('',#4105,#3325,#3326);
#2677=AXIS2_PLACEMENT_3D('',#4107,#3328,#3329);
#2678=AXIS2_PLACEMENT_3D('',#4109,#3331,#3332);
#2679=AXIS2_PLACEMENT_3D('',#4111,#3334,#3335);
#2680=AXIS2_PLACEMENT_3D('',#4113,#3337,#3338);
#2681=AXIS2_PLACEMENT_3D('',#4115,#3340,#3341);
#2682=AXIS2_PLACEMENT_3D('',#4116,#3342,#3343);
#2683=AXIS2_PLACEMENT_3D('',#4119,#3346,#3347);
#2684=AXIS2_PLACEMENT_3D('',#4121,#3349,#3350);
#2685=AXIS2_PLACEMENT_3D('',#4123,#3352,#3353);
#2686=AXIS2_PLACEMENT_3D('',#4125,#3355,#3356);
#2687=AXIS2_PLACEMENT_3D('',#4127,#3358,#3359);
#2688=AXIS2_PLACEMENT_3D('',#4129,#3361,#3362);
#2689=AXIS2_PLACEMENT_3D('',#4131,#3364,#3365);
#2690=AXIS2_PLACEMENT_3D('',#4132,#3366,#3367);
#2691=AXIS2_PLACEMENT_3D('',#4133,#3368,#3369);
#2692=AXIS2_PLACEMENT_3D('',#4134,#3370,#3371);
#2693=AXIS2_PLACEMENT_3D('',#4135,#3372,#3373);
#2694=AXIS2_PLACEMENT_3D('',#4136,#3374,#3375);
#2695=AXIS2_PLACEMENT_3D('',#4137,#3376,#3377);
#2696=AXIS2_PLACEMENT_3D('',#4138,#3378,#3379);
#2697=AXIS2_PLACEMENT_3D('',#4139,#3380,#3381);
#2698=AXIS2_PLACEMENT_3D('',#4141,#3382,#3383);
#2699=AXIS2_PLACEMENT_3D('',#4143,#3385,#3386);
#2700=AXIS2_PLACEMENT_3D('',#4144,#3387,#3388);
#2701=AXIS2_PLACEMENT_3D('',#4146,#3389,#3390);
#2702=AXIS2_PLACEMENT_3D('',#4148,#3392,#3393);
#2703=AXIS2_PLACEMENT_3D('',#4149,#3394,#3395);
#2704=AXIS2_PLACEMENT_3D('',#4151,#3396,#3397);
#2705=AXIS2_PLACEMENT_3D('',#4153,#3399,#3400);
#2706=AXIS2_PLACEMENT_3D('',#4154,#3401,#3402);
#2707=AXIS2_PLACEMENT_3D('',#4157,#3405,#3406);
#2708=AXIS2_PLACEMENT_3D('',#4159,#3408,#3409);
#2709=AXIS2_PLACEMENT_3D('',#4161,#3411,#3412);
#2710=AXIS2_PLACEMENT_3D('',#4162,#3413,#3414);
#2711=AXIS2_PLACEMENT_3D('',#4164,#3415,#3416);
#2712=AXIS2_PLACEMENT_3D('',#4166,#3418,#3419);
#2713=AXIS2_PLACEMENT_3D('',#4167,#3420,#3421);
#2714=AXIS2_PLACEMENT_3D('',#4169,#3422,#3423);
#2715=AXIS2_PLACEMENT_3D('',#4171,#3425,#3426);
#2716=AXIS2_PLACEMENT_3D('',#4172,#3427,#3428);
#2717=AXIS2_PLACEMENT_3D('',#4174,#3429,#3430);
#2718=AXIS2_PLACEMENT_3D('',#4176,#3432,#3433);
#2719=AXIS2_PLACEMENT_3D('',#4177,#3434,#3435);
#2720=AXIS2_PLACEMENT_3D('',#4179,#3436,#3437);
#2721=AXIS2_PLACEMENT_3D('',#4181,#3439,#3440);
#2722=AXIS2_PLACEMENT_3D('',#4182,#3441,#3442);
#2723=AXIS2_PLACEMENT_3D('',#4184,#3443,#3444);
#2724=AXIS2_PLACEMENT_3D('',#4186,#3446,#3447);
#2725=AXIS2_PLACEMENT_3D('',#4187,#3448,#3449);
#2726=AXIS2_PLACEMENT_3D('',#4190,#3450,#3451);
#2727=AXIS2_PLACEMENT_3D('',#4194,#3453,#3454);
#2728=AXIS2_PLACEMENT_3D('',#4200,#3457,#3458);
#2729=AXIS2_PLACEMENT_3D('',#4203,#3460,#3461);
#2730=AXIS2_PLACEMENT_3D('',#4204,#3462,#3463);
#2731=AXIS2_PLACEMENT_3D('',#4207,#3466,#3467);
#2732=AXIS2_PLACEMENT_3D('',#4209,#3469,#3470);
#2733=AXIS2_PLACEMENT_3D('',#4211,#3472,#3473);
#2734=AXIS2_PLACEMENT_3D('',#4212,#3474,#3475);
#2735=AXIS2_PLACEMENT_3D('',#4215,#3476,#3477);
#2736=AXIS2_PLACEMENT_3D('',#4218,#3480,#3481);
#2737=AXIS2_PLACEMENT_3D('',#4222,#3484,#3485);
#2738=AXIS2_PLACEMENT_3D('',#4224,#3486,#3487);
#2739=AXIS2_PLACEMENT_3D('',#4226,#3489,#3490);
#2740=AXIS2_PLACEMENT_3D('',#4228,#3492,#3493);
#2741=AXIS2_PLACEMENT_3D('',#4229,#3494,#3495);
#2742=AXIS2_PLACEMENT_3D('',#4232,#3496,#3497);
#2743=AXIS2_PLACEMENT_3D('',#4236,#3499,#3500);
#2744=AXIS2_PLACEMENT_3D('',#4238,#3502,#3503);
#2745=AXIS2_PLACEMENT_3D('',#4239,#3504,#3505);
#2746=AXIS2_PLACEMENT_3D('',#4240,#3506,#3507);
#2747=AXIS2_PLACEMENT_3D('',#4241,#3508,#3509);
#2748=AXIS2_PLACEMENT_3D('',#4242,#3510,#3511);
#2749=AXIS2_PLACEMENT_3D('',#4243,#3512,#3513);
#2750=AXIS2_PLACEMENT_3D('',#4244,#3514,#3515);
#2751=AXIS2_PLACEMENT_3D('',#4245,#3516,#3517);
#2752=AXIS2_PLACEMENT_3D('',#4246,#3518,#3519);
#2753=AXIS2_PLACEMENT_3D('',#4250,#3521,#3522);
#2754=AXIS2_PLACEMENT_3D('',#4252,#3524,#3525);
#2755=AXIS2_PLACEMENT_3D('',#4256,#3528,#3529);
#2756=AXIS2_PLACEMENT_3D('',#4258,#3530,#3531);
#2757=AXIS2_PLACEMENT_3D('',#4260,#3533,#3534);
#2758=AXIS2_PLACEMENT_3D('',#4262,#3536,#3537);
#2759=AXIS2_PLACEMENT_3D('',#4263,#3538,#3539);
#2760=AXIS2_PLACEMENT_3D('',#4267,#3541,#3542);
#2761=AXIS2_PLACEMENT_3D('',#4269,#3544,#3545);
#2762=AXIS2_PLACEMENT_3D('',#4273,#3548,#3549);
#2763=AXIS2_PLACEMENT_3D('',#4276,#3551,#3552);
#2764=AXIS2_PLACEMENT_3D('',#4277,#3553,#3554);
#2765=AXIS2_PLACEMENT_3D('',#4279,#3556,#3557);
#2766=AXIS2_PLACEMENT_3D('',#4280,#3558,#3559);
#2767=AXIS2_PLACEMENT_3D('',#4284,#3561,#3562);
#2768=AXIS2_PLACEMENT_3D('',#4286,#3564,#3565);
#2769=AXIS2_PLACEMENT_3D('',#4290,#3568,#3569);
#2770=AXIS2_PLACEMENT_3D('',#4293,#3571,#3572);
#2771=AXIS2_PLACEMENT_3D('',#4294,#3573,#3574);
#2772=AXIS2_PLACEMENT_3D('',#4296,#3576,#3577);
#2773=AXIS2_PLACEMENT_3D('',#4297,#3578,#3579);
#2774=AXIS2_PLACEMENT_3D('',#4301,#3581,#3582);
#2775=AXIS2_PLACEMENT_3D('',#4303,#3584,#3585);
#2776=AXIS2_PLACEMENT_3D('',#4307,#3588,#3589);
#2777=AXIS2_PLACEMENT_3D('',#4310,#3591,#3592);
#2778=AXIS2_PLACEMENT_3D('',#4311,#3593,#3594);
#2779=AXIS2_PLACEMENT_3D('',#4313,#3596,#3597);
#2780=DIRECTION('axis',(0.,0.,1.));
#2781=DIRECTION('refdir',(1.,0.,0.));
#2782=DIRECTION('center_axis',(-1.,0.,0.));
#2783=DIRECTION('ref_axis',(0.,0.,1.));
#2784=DIRECTION('',(0.,0.,-1.));
#2785=DIRECTION('',(0.,1.,0.));
#2786=DIRECTION('',(0.,0.,-1.));
#2787=DIRECTION('',(0.,1.,0.));
#2788=DIRECTION('center_axis',(1.,0.,0.));
#2789=DIRECTION('ref_axis',(0.,0.,-1.));
#2790=DIRECTION('',(0.,1.,0.));
#2791=DIRECTION('center_axis',(1.,0.,0.));
#2792=DIRECTION('ref_axis',(0.,0.,-1.));
#2793=DIRECTION('',(0.,-1.,0.));
#2794=DIRECTION('center_axis',(1.,0.,0.));
#2795=DIRECTION('ref_axis',(0.,0.,-1.));
#2796=DIRECTION('',(0.,1.,2.12201485450336E-17));
#2797=DIRECTION('center_axis',(1.,0.,0.));
#2798=DIRECTION('ref_axis',(0.,0.,-1.));
#2799=DIRECTION('',(0.,-1.,-2.12201485450336E-17));
#2800=DIRECTION('center_axis',(1.,0.,0.));
#2801=DIRECTION('ref_axis',(0.,0.,-1.));
#2802=DIRECTION('',(0.,1.,-1.90981336905303E-16));
#2803=DIRECTION('center_axis',(1.,0.,0.));
#2804=DIRECTION('ref_axis',(0.,0.,-1.));
#2805=DIRECTION('',(0.,-1.,1.90981336905303E-16));
#2806=DIRECTION('center_axis',(1.,0.,0.));
#2807=DIRECTION('ref_axis',(0.,0.,-1.));
#2808=DIRECTION('',(0.,0.,-1.));
#2809=DIRECTION('',(0.,-1.,0.));
#2810=DIRECTION('',(0.,0.,-1.));
#2811=DIRECTION('',(0.,-1.,0.));
#2812=DIRECTION('center_axis',(-1.,0.,0.));
#2813=DIRECTION('ref_axis',(0.,0.,1.));
#2814=DIRECTION('',(0.,1.,0.));
#2815=DIRECTION('center_axis',(-1.,0.,0.));
#2816=DIRECTION('ref_axis',(0.,0.,1.));
#2817=DIRECTION('',(0.,-1.,0.));
#2818=DIRECTION('',(0.,1.,0.));
#2819=DIRECTION('center_axis',(-1.,0.,0.));
#2820=DIRECTION('ref_axis',(0.,0.,1.));
#2821=DIRECTION('',(0.,-1.,0.));
#2822=DIRECTION('center_axis',(-1.,0.,0.));
#2823=DIRECTION('ref_axis',(0.,0.,1.));
#2824=DIRECTION('center_axis',(0.,-1.,0.));
#2825=DIRECTION('ref_axis',(0.,0.,-1.));
#2826=DIRECTION('center_axis',(0.,-1.,0.));
#2827=DIRECTION('ref_axis',(0.,0.,-1.));
#2828=DIRECTION('',(1.,0.,0.));
#2829=DIRECTION('center_axis',(0.,-1.,0.));
#2830=DIRECTION('ref_axis',(0.,0.,-1.));
#2831=DIRECTION('',(-1.,0.,0.));
#2832=DIRECTION('',(1.,0.,0.));
#2833=DIRECTION('center_axis',(0.,-1.,0.));
#2834=DIRECTION('ref_axis',(1.,0.,0.));
#2835=DIRECTION('',(-1.,0.,0.));
#2836=DIRECTION('center_axis',(0.,-1.,0.));
#2837=DIRECTION('ref_axis',(1.,0.,0.));
#2838=DIRECTION('center_axis',(0.,0.,1.));
#2839=DIRECTION('ref_axis',(1.,0.,0.));
#2840=DIRECTION('',(1.,0.,0.));
#2841=DIRECTION('center_axis',(0.,0.,1.));
#2842=DIRECTION('ref_axis',(1.,0.,0.));
#2843=DIRECTION('',(-1.,0.,0.));
#2844=DIRECTION('center_axis',(0.,0.,1.));
#2845=DIRECTION('ref_axis',(1.,0.,0.));
#2846=DIRECTION('center_axis',(0.,0.,1.));
#2847=DIRECTION('ref_axis',(1.,0.,0.));
#2848=DIRECTION('',(-1.,0.,0.));
#2849=DIRECTION('center_axis',(0.,0.,1.));
#2850=DIRECTION('ref_axis',(1.,0.,0.));
#2851=DIRECTION('',(1.,0.,0.));
#2852=DIRECTION('center_axis',(0.,0.,1.));
#2853=DIRECTION('ref_axis',(1.,0.,0.));
#2854=DIRECTION('center_axis',(0.,0.,1.));
#2855=DIRECTION('ref_axis',(1.,0.,0.));
#2856=DIRECTION('center_axis',(0.,0.,1.));
#2857=DIRECTION('ref_axis',(1.,0.,0.));
#2858=DIRECTION('',(1.,0.,0.));
#2859=DIRECTION('center_axis',(0.,0.,1.));
#2860=DIRECTION('ref_axis',(1.,0.,0.));
#2861=DIRECTION('',(0.,-1.,0.));
#2862=DIRECTION('center_axis',(0.,0.,1.));
#2863=DIRECTION('ref_axis',(1.,0.,0.));
#2864=DIRECTION('',(-1.,0.,0.));
#2865=DIRECTION('center_axis',(0.,0.,1.));
#2866=DIRECTION('ref_axis',(1.,0.,0.));
#2867=DIRECTION('',(0.,1.,0.));
#2868=DIRECTION('center_axis',(0.,0.,1.));
#2869=DIRECTION('ref_axis',(1.,0.,0.));
#2870=DIRECTION('center_axis',(0.,0.,1.));
#2871=DIRECTION('ref_axis',(1.,0.,0.));
#2872=DIRECTION('center_axis',(0.,0.,1.));
#2873=DIRECTION('ref_axis',(1.,0.,0.));
#2874=DIRECTION('',(0.,1.,0.));
#2875=DIRECTION('center_axis',(0.,0.,1.));
#2876=DIRECTION('ref_axis',(1.,0.,0.));
#2877=DIRECTION('',(1.,0.,0.));
#2878=DIRECTION('center_axis',(0.,0.,1.));
#2879=DIRECTION('ref_axis',(1.,0.,0.));
#2880=DIRECTION('',(0.,-1.,0.));
#2881=DIRECTION('center_axis',(0.,0.,1.));
#2882=DIRECTION('ref_axis',(1.,0.,0.));
#2883=DIRECTION('',(-1.,0.,0.));
#2884=DIRECTION('center_axis',(0.,0.,1.));
#2885=DIRECTION('ref_axis',(1.,0.,0.));
#2886=DIRECTION('',(2.20391667419386E-16,1.,0.));
#2887=DIRECTION('center_axis',(0.,0.,1.));
#2888=DIRECTION('ref_axis',(1.,0.,0.));
#2889=DIRECTION('',(-1.,3.09829681290741E-16,0.));
#2890=DIRECTION('center_axis',(0.,0.,1.));
#2891=DIRECTION('ref_axis',(1.,0.,0.));
#2892=DIRECTION('',(2.75489584274233E-16,-1.,0.));
#2893=DIRECTION('center_axis',(0.,0.,1.));
#2894=DIRECTION('ref_axis',(1.,0.,0.));
#2895=DIRECTION('',(1.,4.13106241720989E-16,0.));
#2896=DIRECTION('center_axis',(0.,0.,1.));
#2897=DIRECTION('ref_axis',(1.,0.,0.));
#2898=DIRECTION('center_axis',(0.,0.,1.));
#2899=DIRECTION('ref_axis',(1.,0.,0.));
#2900=DIRECTION('center_axis',(0.,0.,1.));
#2901=DIRECTION('ref_axis',(1.,0.,0.));
#2902=DIRECTION('center_axis',(0.,0.,1.));
#2903=DIRECTION('ref_axis',(1.,0.,0.));
#2904=DIRECTION('center_axis',(0.,0.,1.));
#2905=DIRECTION('ref_axis',(1.,0.,0.));
#2906=DIRECTION('center_axis',(0.,0.,1.));
#2907=DIRECTION('ref_axis',(1.,0.,0.));
#2908=DIRECTION('center_axis',(0.,0.,1.));
#2909=DIRECTION('ref_axis',(1.,0.,0.));
#2910=DIRECTION('center_axis',(0.,0.,1.));
#2911=DIRECTION('ref_axis',(1.,0.,0.));
#2912=DIRECTION('center_axis',(0.,0.,1.));
#2913=DIRECTION('ref_axis',(1.,0.,0.));
#2914=DIRECTION('center_axis',(0.,0.,1.));
#2915=DIRECTION('ref_axis',(1.,0.,0.));
#2916=DIRECTION('center_axis',(0.,0.,1.));
#2917=DIRECTION('ref_axis',(1.,0.,0.));
#2918=DIRECTION('center_axis',(0.,0.,1.));
#2919=DIRECTION('ref_axis',(1.,0.,0.));
#2920=DIRECTION('center_axis',(0.,0.,-1.));
#2921=DIRECTION('ref_axis',(-1.,0.,0.));
#2922=DIRECTION('center_axis',(0.,0.,1.));
#2923=DIRECTION('ref_axis',(-1.,0.,0.));
#2924=DIRECTION('',(-1.,0.,0.));
#2925=DIRECTION('center_axis',(0.,0.,1.));
#2926=DIRECTION('ref_axis',(1.,0.,0.));
#2927=DIRECTION('',(0.,-1.,0.));
#2928=DIRECTION('center_axis',(0.,0.,1.));
#2929=DIRECTION('ref_axis',(1.,0.,0.));
#2930=DIRECTION('',(1.,0.,0.));
#2931=DIRECTION('center_axis',(0.,0.,1.));
#2932=DIRECTION('ref_axis',(1.,0.,0.));
#2933=DIRECTION('',(0.,1.,0.));
#2934=DIRECTION('center_axis',(0.,0.,1.));
#2935=DIRECTION('ref_axis',(1.,0.,0.));
#2936=DIRECTION('',(2.20391667419386E-16,1.,0.));
#2937=DIRECTION('center_axis',(0.,0.,1.));
#2938=DIRECTION('ref_axis',(1.,0.,0.));
#2939=DIRECTION('',(1.,4.13106241720989E-16,0.));
#2940=DIRECTION('center_axis',(0.,0.,1.));
#2941=DIRECTION('ref_axis',(1.,0.,0.));
#2942=DIRECTION('',(2.75489584274233E-16,-1.,0.));
#2943=DIRECTION('center_axis',(0.,0.,1.));
#2944=DIRECTION('ref_axis',(1.,0.,0.));
#2945=DIRECTION('',(-1.,3.09829681290741E-16,0.));
#2946=DIRECTION('center_axis',(0.,0.,1.));
#2947=DIRECTION('ref_axis',(1.,0.,0.));
#2948=DIRECTION('center_axis',(0.,0.,1.));
#2949=DIRECTION('ref_axis',(1.,0.,0.));
#2950=DIRECTION('',(1.,0.,0.));
#2951=DIRECTION('center_axis',(0.,0.,1.));
#2952=DIRECTION('ref_axis',(1.,0.,0.));
#2953=DIRECTION('',(0.,1.,0.));
#2954=DIRECTION('center_axis',(0.,0.,1.));
#2955=DIRECTION('ref_axis',(1.,0.,0.));
#2956=DIRECTION('',(-1.,0.,0.));
#2957=DIRECTION('center_axis',(0.,0.,1.));
#2958=DIRECTION('ref_axis',(1.,0.,0.));
#2959=DIRECTION('',(0.,-1.,0.));
#2960=DIRECTION('center_axis',(0.,0.,1.));
#2961=DIRECTION('ref_axis',(-1.,0.,0.));
#2962=DIRECTION('',(0.,1.,0.));
#2963=DIRECTION('center_axis',(0.,0.,1.));
#2964=DIRECTION('ref_axis',(1.,0.,0.));
#2965=DIRECTION('',(1.,0.,0.));
#2966=DIRECTION('center_axis',(0.,0.,1.));
#2967=DIRECTION('ref_axis',(1.,0.,0.));
#2968=DIRECTION('',(0.,-1.,0.));
#2969=DIRECTION('center_axis',(0.,0.,1.));
#2970=DIRECTION('ref_axis',(1.,0.,0.));
#2971=DIRECTION('',(-1.,0.,0.));
#2972=DIRECTION('center_axis',(0.,0.,1.));
#2973=DIRECTION('ref_axis',(1.,0.,0.));
#2974=DIRECTION('',(1.,0.,0.));
#2975=DIRECTION('center_axis',(0.,0.,1.));
#2976=DIRECTION('ref_axis',(1.,0.,0.));
#2977=DIRECTION('',(-5.92118946466749E-16,-1.,0.));
#2978=DIRECTION('center_axis',(0.,0.,1.));
#2979=DIRECTION('ref_axis',(1.,0.,0.));
#2980=DIRECTION('',(-1.,0.,0.));
#2981=DIRECTION('center_axis',(0.,0.,1.));
#2982=DIRECTION('ref_axis',(1.,0.,0.));
#2983=DIRECTION('',(-5.92118946466749E-16,1.,0.));
#2984=DIRECTION('center_axis',(0.,0.,-1.));
#2985=DIRECTION('ref_axis',(-1.,0.,0.));
#2986=DIRECTION('',(0.,0.,-1.));
#2987=DIRECTION('center_axis',(0.,0.,1.));
#2988=DIRECTION('ref_axis',(1.,0.,0.));
#2989=DIRECTION('center_axis',(0.,0.,1.));
#2990=DIRECTION('ref_axis',(1.,0.,0.));
#2991=DIRECTION('center_axis',(0.,0.,-1.));
#2992=DIRECTION('ref_axis',(-1.,0.,0.));
#2993=DIRECTION('center_axis',(0.,0.,1.));
#2994=DIRECTION('ref_axis',(1.,0.,0.));
#2995=DIRECTION('',(0.,0.,-1.));
#2996=DIRECTION('center_axis',(0.,0.,1.));
#2997=DIRECTION('ref_axis',(1.,0.,0.));
#2998=DIRECTION('center_axis',(0.,-1.,0.));
#2999=DIRECTION('ref_axis',(0.,0.,-1.));
#3000=DIRECTION('',(-1.,0.,0.));
#3001=DIRECTION('',(0.,0.,-1.));
#3002=DIRECTION('',(-1.,0.,0.));
#3003=DIRECTION('center_axis',(0.,0.,-1.));
#3004=DIRECTION('ref_axis',(-1.,0.,0.));
#3005=DIRECTION('center_axis',(0.,0.,1.));
#3006=DIRECTION('ref_axis',(1.,0.,0.));
#3007=DIRECTION('center_axis',(0.,0.,1.));
#3008=DIRECTION('ref_axis',(1.,0.,0.));
#3009=DIRECTION('center_axis',(0.,0.,-1.));
#3010=DIRECTION('ref_axis',(-1.,0.,0.));
#3011=DIRECTION('center_axis',(0.,0.,1.));
#3012=DIRECTION('ref_axis',(1.,0.,0.));
#3013=DIRECTION('',(0.,0.,-1.));
#3014=DIRECTION('center_axis',(0.,0.,1.));
#3015=DIRECTION('ref_axis',(1.,0.,0.));
#3016=DIRECTION('center_axis',(0.,1.,0.));
#3017=DIRECTION('ref_axis',(0.,0.,1.));
#3018=DIRECTION('',(1.,0.,0.));
#3019=DIRECTION('',(1.,0.,0.));
#3020=DIRECTION('center_axis',(0.,-1.,0.));
#3021=DIRECTION('ref_axis',(0.,0.,-1.));
#3022=DIRECTION('center_axis',(0.,-1.,0.));
#3023=DIRECTION('ref_axis',(0.,0.,-1.));
#3024=DIRECTION('center_axis',(0.,-1.,0.));
#3025=DIRECTION('ref_axis',(0.,0.,-1.));
#3026=DIRECTION('center_axis',(0.,-1.,0.));
#3027=DIRECTION('ref_axis',(0.,0.,-1.));
#3028=DIRECTION('center_axis',(0.,-1.,0.));
#3029=DIRECTION('ref_axis',(0.,0.,-1.));
#3030=DIRECTION('',(1.,0.,0.));
#3031=DIRECTION('center_axis',(0.,-1.,0.));
#3032=DIRECTION('ref_axis',(0.,0.,-1.));
#3033=DIRECTION('',(-1.,0.,0.));
#3034=DIRECTION('center_axis',(0.,-1.,0.));
#3035=DIRECTION('ref_axis',(0.,0.,-1.));
#3036=DIRECTION('center_axis',(0.,-1.,0.));
#3037=DIRECTION('ref_axis',(0.,0.,-1.));
#3038=DIRECTION('center_axis',(0.,-1.,0.));
#3039=DIRECTION('ref_axis',(0.,0.,-1.));
#3040=DIRECTION('center_axis',(0.,-1.,0.));
#3041=DIRECTION('ref_axis',(0.,0.,-1.));
#3042=DIRECTION('center_axis',(0.,0.,1.));
#3043=DIRECTION('ref_axis',(1.,0.,0.));
#3044=DIRECTION('center_axis',(0.,-1.,0.));
#3045=DIRECTION('ref_axis',(0.,0.,-1.));
#3046=DIRECTION('center_axis',(0.,1.,0.));
#3047=DIRECTION('ref_axis',(0.,0.,1.));
#3048=DIRECTION('center_axis',(0.,-1.,0.));
#3049=DIRECTION('ref_axis',(0.,0.,-1.));
#3050=DIRECTION('center_axis',(0.,0.,1.));
#3051=DIRECTION('ref_axis',(1.,0.,0.));
#3052=DIRECTION('center_axis',(1.,0.,0.));
#3053=DIRECTION('ref_axis',(0.,0.,-1.));
#3054=DIRECTION('center_axis',(0.,0.,1.));
#3055=DIRECTION('ref_axis',(1.,0.,0.));
#3056=DIRECTION('center_axis',(1.,0.,0.));
#3057=DIRECTION('ref_axis',(0.,0.,-1.));
#3058=DIRECTION('center_axis',(1.,0.,0.));
#3059=DIRECTION('ref_axis',(0.,0.,-1.));
#3060=DIRECTION('center_axis',(1.,0.,0.));
#3061=DIRECTION('ref_axis',(0.,0.,-1.));
#3062=DIRECTION('center_axis',(-1.,0.,0.));
#3063=DIRECTION('ref_axis',(0.,0.,1.));
#3064=DIRECTION('center_axis',(1.,0.,0.));
#3065=DIRECTION('ref_axis',(0.,0.,-1.));
#3066=DIRECTION('center_axis',(0.,0.,1.));
#3067=DIRECTION('ref_axis',(1.,0.,0.));
#3068=DIRECTION('center_axis',(0.,1.,0.));
#3069=DIRECTION('ref_axis',(0.,0.,1.));
#3070=DIRECTION('center_axis',(0.,0.,1.));
#3071=DIRECTION('ref_axis',(1.,0.,0.));
#3072=DIRECTION('center_axis',(0.,-1.,0.));
#3073=DIRECTION('ref_axis',(0.,0.,-1.));
#3074=DIRECTION('center_axis',(0.,1.,0.));
#3075=DIRECTION('ref_axis',(0.,0.,1.));
#3076=DIRECTION('center_axis',(1.,0.,0.));
#3077=DIRECTION('ref_axis',(0.,0.,-1.));
#3078=DIRECTION('center_axis',(1.,0.,0.));
#3079=DIRECTION('ref_axis',(0.,0.,-1.));
#3080=DIRECTION('center_axis',(-1.,0.,0.));
#3081=DIRECTION('ref_axis',(0.,0.,1.));
#3082=DIRECTION('center_axis',(0.,0.,1.));
#3083=DIRECTION('ref_axis',(1.,0.,0.));
#3084=DIRECTION('center_axis',(0.,-1.,0.));
#3085=DIRECTION('ref_axis',(0.,0.,-1.));
#3086=DIRECTION('center_axis',(0.,0.,1.));
#3087=DIRECTION('ref_axis',(1.,0.,0.));
#3088=DIRECTION('center_axis',(0.,-1.,0.));
#3089=DIRECTION('ref_axis',(0.,0.,-1.));
#3090=DIRECTION('center_axis',(0.,1.,0.));
#3091=DIRECTION('ref_axis',(0.,0.,1.));
#3092=DIRECTION('center_axis',(0.,-1.,0.));
#3093=DIRECTION('ref_axis',(0.,0.,-1.));
#3094=DIRECTION('center_axis',(0.,-1.,0.));
#3095=DIRECTION('ref_axis',(0.,0.,-1.));
#3096=DIRECTION('center_axis',(0.,-1.,0.));
#3097=DIRECTION('ref_axis',(0.,0.,-1.));
#3098=DIRECTION('center_axis',(0.,0.,1.));
#3099=DIRECTION('ref_axis',(1.,0.,0.));
#3100=DIRECTION('center_axis',(1.,0.,0.));
#3101=DIRECTION('ref_axis',(0.,0.,-1.));
#3102=DIRECTION('center_axis',(0.,0.,1.));
#3103=DIRECTION('ref_axis',(1.,0.,0.));
#3104=DIRECTION('center_axis',(-1.,0.,0.));
#3105=DIRECTION('ref_axis',(0.,0.,1.));
#3106=DIRECTION('center_axis',(-1.,0.,0.));
#3107=DIRECTION('ref_axis',(0.,0.,1.));
#3108=DIRECTION('center_axis',(0.,0.,-1.));
#3109=DIRECTION('ref_axis',(-1.,0.,0.));
#3110=DIRECTION('',(0.,0.,-1.));
#3111=DIRECTION('center_axis',(0.,0.,1.));
#3112=DIRECTION('ref_axis',(1.,0.,0.));
#3113=DIRECTION('',(0.,0.,-1.));
#3114=DIRECTION('center_axis',(0.,0.,1.));
#3115=DIRECTION('ref_axis',(1.,0.,0.));
#3116=DIRECTION('center_axis',(-1.,-4.62592926927148E-16,0.));
#3117=DIRECTION('ref_axis',(0.,0.,1.));
#3118=DIRECTION('',(0.,0.,-1.));
#3119=DIRECTION('',(-5.92118946466749E-16,1.,0.));
#3120=DIRECTION('',(-5.92118946466749E-16,1.,0.));
#3121=DIRECTION('center_axis',(0.,0.,-1.));
#3122=DIRECTION('ref_axis',(-1.,0.,0.));
#3123=DIRECTION('',(0.,0.,-1.));
#3124=DIRECTION('center_axis',(0.,0.,1.));
#3125=DIRECTION('ref_axis',(1.,0.,0.));
#3126=DIRECTION('center_axis',(0.,0.,1.));
#3127=DIRECTION('ref_axis',(1.,0.,0.));
#3128=DIRECTION('center_axis',(0.,-1.,0.));
#3129=DIRECTION('ref_axis',(0.,0.,-1.));
#3130=DIRECTION('',(0.,0.,-1.));
#3131=DIRECTION('',(-1.,0.,0.));
#3132=DIRECTION('',(-1.,0.,0.));
#3133=DIRECTION('center_axis',(0.,0.,-1.));
#3134=DIRECTION('ref_axis',(-1.,0.,0.));
#3135=DIRECTION('',(0.,0.,-1.));
#3136=DIRECTION('center_axis',(0.,0.,1.));
#3137=DIRECTION('ref_axis',(1.,0.,0.));
#3138=DIRECTION('center_axis',(0.,0.,1.));
#3139=DIRECTION('ref_axis',(1.,0.,0.));
#3140=DIRECTION('center_axis',(1.,-4.62592926927148E-16,0.));
#3141=DIRECTION('ref_axis',(0.,0.,-1.));
#3142=DIRECTION('',(0.,0.,-1.));
#3143=DIRECTION('',(-5.92118946466749E-16,-1.,0.));
#3144=DIRECTION('',(-5.92118946466749E-16,-1.,0.));
#3145=DIRECTION('center_axis',(0.,0.,-1.));
#3146=DIRECTION('ref_axis',(-1.,0.,0.));
#3147=DIRECTION('',(0.,0.,-1.));
#3148=DIRECTION('center_axis',(0.,0.,1.));
#3149=DIRECTION('ref_axis',(1.,0.,0.));
#3150=DIRECTION('center_axis',(0.,0.,1.));
#3151=DIRECTION('ref_axis',(1.,0.,0.));
#3152=DIRECTION('center_axis',(0.,1.,0.));
#3153=DIRECTION('ref_axis',(0.,0.,1.));
#3154=DIRECTION('',(1.,0.,0.));
#3155=DIRECTION('',(1.,0.,0.));
#3156=DIRECTION('center_axis',(0.,0.,1.));
#3157=DIRECTION('ref_axis',(1.,0.,0.));
#3158=DIRECTION('center_axis',(0.,0.,1.));
#3159=DIRECTION('ref_axis',(1.,0.,0.));
#3160=DIRECTION('',(1.,0.,0.));
#3161=DIRECTION('center_axis',(0.,0.,1.));
#3162=DIRECTION('ref_axis',(1.,0.,0.));
#3163=DIRECTION('',(-5.92118946466749E-16,1.,0.));
#3164=DIRECTION('center_axis',(0.,0.,1.));
#3165=DIRECTION('ref_axis',(1.,0.,0.));
#3166=DIRECTION('',(-1.,0.,0.));
#3167=DIRECTION('center_axis',(0.,0.,1.));
#3168=DIRECTION('ref_axis',(1.,0.,0.));
#3169=DIRECTION('',(-5.92118946466749E-16,-1.,0.));
#3170=DIRECTION('center_axis',(0.,0.,1.));
#3171=DIRECTION('ref_axis',(1.,0.,0.));
#3172=DIRECTION('center_axis',(0.,0.,1.));
#3173=DIRECTION('ref_axis',(1.,0.,0.));
#3174=DIRECTION('center_axis',(0.,0.,1.));
#3175=DIRECTION('ref_axis',(1.,0.,0.));
#3176=DIRECTION('center_axis',(0.,0.,1.));
#3177=DIRECTION('ref_axis',(1.,0.,0.));
#3178=DIRECTION('center_axis',(0.,0.,1.));
#3179=DIRECTION('ref_axis',(1.,0.,0.));
#3180=DIRECTION('center_axis',(0.,0.,1.));
#3181=DIRECTION('ref_axis',(1.,0.,0.));
#3182=DIRECTION('center_axis',(-1.,0.,0.));
#3183=DIRECTION('ref_axis',(0.,0.,1.));
#3184=DIRECTION('center_axis',(-1.,0.,0.));
#3185=DIRECTION('ref_axis',(0.,0.,1.));
#3186=DIRECTION('center_axis',(1.,0.,0.));
#3187=DIRECTION('ref_axis',(0.,0.,-1.));
#3188=DIRECTION('center_axis',(0.,0.,1.));
#3189=DIRECTION('ref_axis',(1.,0.,0.));
#3190=DIRECTION('center_axis',(0.,1.,0.));
#3191=DIRECTION('ref_axis',(0.,0.,1.));
#3192=DIRECTION('center_axis',(0.,0.,1.));
#3193=DIRECTION('ref_axis',(1.,0.,0.));
#3194=DIRECTION('center_axis',(0.,1.,0.));
#3195=DIRECTION('ref_axis',(0.,0.,1.));
#3196=DIRECTION('center_axis',(-4.62592926927148E-16,-1.,0.));
#3197=DIRECTION('ref_axis',(1.,-4.62592926927148E-16,0.));
#3198=DIRECTION('center_axis',(0.,1.,0.));
#3199=DIRECTION('ref_axis',(0.,0.,1.));
#3200=DIRECTION('center_axis',(-4.62592926927148E-16,1.,0.));
#3201=DIRECTION('ref_axis',(-1.,-4.62592926927148E-16,0.));
#3202=DIRECTION('center_axis',(0.,1.,0.));
#3203=DIRECTION('ref_axis',(0.,0.,1.));
#3204=DIRECTION('center_axis',(0.,0.,1.));
#3205=DIRECTION('ref_axis',(1.,0.,0.));
#3206=DIRECTION('center_axis',(-1.,0.,0.));
#3207=DIRECTION('ref_axis',(0.,0.,1.));
#3208=DIRECTION('center_axis',(0.,0.,1.));
#3209=DIRECTION('ref_axis',(1.,0.,0.));
#3210=DIRECTION('center_axis',(1.,0.,0.));
#3211=DIRECTION('ref_axis',(0.,0.,-1.));
#3212=DIRECTION('center_axis',(1.,0.,0.));
#3213=DIRECTION('ref_axis',(0.,0.,-1.));
#3214=DIRECTION('center_axis',(1.,0.,0.));
#3215=DIRECTION('ref_axis',(0.,0.,-1.));
#3216=DIRECTION('center_axis',(1.,0.,0.));
#3217=DIRECTION('ref_axis',(0.,0.,-1.));
#3218=DIRECTION('center_axis',(-1.,0.,0.));
#3219=DIRECTION('ref_axis',(0.,0.,1.));
#3220=DIRECTION('center_axis',(0.,0.,1.));
#3221=DIRECTION('ref_axis',(1.,0.,0.));
#3222=DIRECTION('center_axis',(0.,-1.,0.));
#3223=DIRECTION('ref_axis',(0.,0.,-1.));
#3224=DIRECTION('center_axis',(0.,0.,1.));
#3225=DIRECTION('ref_axis',(1.,0.,0.));
#3226=DIRECTION('center_axis',(0.,-1.,0.));
#3227=DIRECTION('ref_axis',(0.,0.,-1.));
#3228=DIRECTION('center_axis',(4.62592926927148E-16,1.,0.));
#3229=DIRECTION('ref_axis',(-1.,4.62592926927148E-16,0.));
#3230=DIRECTION('center_axis',(0.,-1.,0.));
#3231=DIRECTION('ref_axis',(0.,0.,-1.));
#3232=DIRECTION('center_axis',(4.62592926927148E-16,-1.,0.));
#3233=DIRECTION('ref_axis',(1.,4.62592926927148E-16,0.));
#3234=DIRECTION('center_axis',(0.,-1.,0.));
#3235=DIRECTION('ref_axis',(0.,0.,-1.));
#3236=DIRECTION('center_axis',(0.,0.,1.));
#3237=DIRECTION('ref_axis',(1.,0.,0.));
#3238=DIRECTION('center_axis',(1.,0.,0.));
#3239=DIRECTION('ref_axis',(0.,0.,-1.));
#3240=DIRECTION('center_axis',(0.,0.,1.));
#3241=DIRECTION('ref_axis',(1.,0.,0.));
#3242=DIRECTION('center_axis',(-1.,0.,0.));
#3243=DIRECTION('ref_axis',(0.,0.,1.));
#3244=DIRECTION('center_axis',(-1.,0.,0.));
#3245=DIRECTION('ref_axis',(0.,0.,1.));
#3246=DIRECTION('center_axis',(0.,0.,-1.));
#3247=DIRECTION('ref_axis',(-1.,0.,0.));
#3248=DIRECTION('',(0.,0.,1.));
#3249=DIRECTION('center_axis',(0.,0.,1.));
#3250=DIRECTION('ref_axis',(1.,0.,0.));
#3251=DIRECTION('center_axis',(0.,0.,1.));
#3252=DIRECTION('ref_axis',(1.,0.,0.));
#3253=DIRECTION('center_axis',(0.,0.,1.));
#3254=DIRECTION('ref_axis',(1.,0.,0.));
#3255=DIRECTION('center_axis',(0.,0.,1.));
#3256=DIRECTION('ref_axis',(1.,0.,0.));
#3257=DIRECTION('center_axis',(0.,0.,-1.));
#3258=DIRECTION('ref_axis',(-1.,0.,0.));
#3259=DIRECTION('',(0.,0.,1.));
#3260=DIRECTION('center_axis',(0.,0.,1.));
#3261=DIRECTION('ref_axis',(1.,0.,0.));
#3262=DIRECTION('center_axis',(0.,0.,1.));
#3263=DIRECTION('ref_axis',(1.,0.,0.));
#3264=DIRECTION('center_axis',(0.,0.,1.));
#3265=DIRECTION('ref_axis',(1.,0.,0.));
#3266=DIRECTION('center_axis',(0.,0.,1.));
#3267=DIRECTION('ref_axis',(1.,0.,0.));
#3268=DIRECTION('center_axis',(0.,0.,-1.));
#3269=DIRECTION('ref_axis',(-1.,0.,0.));
#3270=DIRECTION('',(0.,0.,1.));
#3271=DIRECTION('center_axis',(0.,0.,1.));
#3272=DIRECTION('ref_axis',(1.,0.,0.));
#3273=DIRECTION('center_axis',(0.,0.,1.));
#3274=DIRECTION('ref_axis',(1.,0.,0.));
#3275=DIRECTION('center_axis',(0.,0.,1.));
#3276=DIRECTION('ref_axis',(1.,0.,0.));
#3277=DIRECTION('center_axis',(0.,0.,1.));
#3278=DIRECTION('ref_axis',(1.,0.,0.));
#3279=DIRECTION('center_axis',(0.,0.,1.));
#3280=DIRECTION('ref_axis',(1.,0.,0.));
#3281=DIRECTION('center_axis',(0.,0.,1.));
#3282=DIRECTION('ref_axis',(1.,0.,0.));
#3283=DIRECTION('',(0.,0.,1.));
#3284=DIRECTION('center_axis',(0.,0.,1.));
#3285=DIRECTION('ref_axis',(1.,0.,0.));
#3286=DIRECTION('center_axis',(0.,0.,1.));
#3287=DIRECTION('ref_axis',(1.,0.,0.));
#3288=DIRECTION('center_axis',(0.,0.,1.));
#3289=DIRECTION('ref_axis',(1.,0.,0.));
#3290=DIRECTION('center_axis',(0.,0.,1.));
#3291=DIRECTION('ref_axis',(1.,0.,0.));
#3292=DIRECTION('',(0.,0.,1.));
#3293=DIRECTION('center_axis',(0.,0.,1.));
#3294=DIRECTION('ref_axis',(1.,0.,0.));
#3295=DIRECTION('center_axis',(0.,0.,1.));
#3296=DIRECTION('ref_axis',(1.,0.,0.));
#3297=DIRECTION('center_axis',(0.,0.,1.));
#3298=DIRECTION('ref_axis',(1.,0.,0.));
#3299=DIRECTION('',(0.,0.,1.));
#3300=DIRECTION('center_axis',(0.,0.,1.));
#3301=DIRECTION('ref_axis',(1.,0.,0.));
#3302=DIRECTION('center_axis',(0.,0.,1.));
#3303=DIRECTION('ref_axis',(1.,0.,0.));
#3304=DIRECTION('center_axis',(0.,0.,-1.));
#3305=DIRECTION('ref_axis',(-1.,0.,0.));
#3306=DIRECTION('',(0.,0.,1.));
#3307=DIRECTION('center_axis',(0.,0.,1.));
#3308=DIRECTION('ref_axis',(1.,0.,0.));
#3309=DIRECTION('center_axis',(0.,0.,1.));
#3310=DIRECTION('ref_axis',(1.,0.,0.));
#3311=DIRECTION('center_axis',(0.,0.,-1.));
#3312=DIRECTION('ref_axis',(-1.,0.,0.));
#3313=DIRECTION('',(0.,0.,1.));
#3314=DIRECTION('center_axis',(0.,0.,1.));
#3315=DIRECTION('ref_axis',(1.,0.,0.));
#3316=DIRECTION('center_axis',(0.,0.,1.));
#3317=DIRECTION('ref_axis',(1.,0.,0.));
#3318=DIRECTION('center_axis',(0.,0.,1.));
#3319=DIRECTION('ref_axis',(1.,0.,0.));
#3320=DIRECTION('',(0.,0.,1.));
#3321=DIRECTION('',(0.,0.,1.));
#3322=DIRECTION('center_axis',(1.,0.,0.));
#3323=DIRECTION('ref_axis',(0.,0.,-1.));
#3324=DIRECTION('',(0.,0.,1.));
#3325=DIRECTION('center_axis',(0.,0.,1.));
#3326=DIRECTION('ref_axis',(1.,0.,0.));
#3327=DIRECTION('',(0.,0.,1.));
#3328=DIRECTION('center_axis',(0.,-1.,0.));
#3329=DIRECTION('ref_axis',(0.,0.,-1.));
#3330=DIRECTION('',(0.,0.,1.));
#3331=DIRECTION('center_axis',(0.,0.,1.));
#3332=DIRECTION('ref_axis',(1.,0.,0.));
#3333=DIRECTION('',(0.,0.,1.));
#3334=DIRECTION('center_axis',(-1.,0.,0.));
#3335=DIRECTION('ref_axis',(0.,0.,1.));
#3336=DIRECTION('',(0.,0.,1.));
#3337=DIRECTION('center_axis',(0.,0.,1.));
#3338=DIRECTION('ref_axis',(1.,0.,0.));
#3339=DIRECTION('',(0.,0.,1.));
#3340=DIRECTION('center_axis',(0.,1.,0.));
#3341=DIRECTION('ref_axis',(0.,0.,1.));
#3342=DIRECTION('center_axis',(0.,0.,-1.));
#3343=DIRECTION('ref_axis',(-1.,0.,0.));
#3344=DIRECTION('',(0.,0.,-1.));
#3345=DIRECTION('',(0.,0.,-1.));
#3346=DIRECTION('center_axis',(-2.42054438508392E-16,-1.,0.));
#3347=DIRECTION('ref_axis',(0.,0.,-1.));
#3348=DIRECTION('',(0.,0.,-1.));
#3349=DIRECTION('center_axis',(0.,0.,-1.));
#3350=DIRECTION('ref_axis',(-1.,0.,0.));
#3351=DIRECTION('',(0.,0.,-1.));
#3352=DIRECTION('center_axis',(1.,2.58271485257093E-16,0.));
#3353=DIRECTION('ref_axis',(0.,0.,-1.));
#3354=DIRECTION('',(0.,0.,-1.));
#3355=DIRECTION('center_axis',(0.,0.,-1.));
#3356=DIRECTION('ref_axis',(-1.,0.,0.));
#3357=DIRECTION('',(0.,0.,-1.));
#3358=DIRECTION('center_axis',(-3.22739251344522E-16,1.,0.));
#3359=DIRECTION('ref_axis',(0.,0.,1.));
#3360=DIRECTION('',(0.,0.,-1.));
#3361=DIRECTION('center_axis',(0.,0.,-1.));
#3362=DIRECTION('ref_axis',(-1.,0.,0.));
#3363=DIRECTION('',(0.,0.,-1.));
#3364=DIRECTION('center_axis',(-1.,2.58271485257093E-16,0.));
#3365=DIRECTION('ref_axis',(0.,0.,1.));
#3366=DIRECTION('center_axis',(0.,0.,1.));
#3367=DIRECTION('ref_axis',(1.,0.,0.));
#3368=DIRECTION('center_axis',(0.,0.,1.));
#3369=DIRECTION('ref_axis',(1.,0.,0.));
#3370=DIRECTION('center_axis',(0.,-1.,0.));
#3371=DIRECTION('ref_axis',(-1.,0.,0.));
#3372=DIRECTION('center_axis',(0.,0.,1.));
#3373=DIRECTION('ref_axis',(1.,0.,0.));
#3374=DIRECTION('center_axis',(0.,-1.,0.));
#3375=DIRECTION('ref_axis',(-1.,0.,0.));
#3376=DIRECTION('center_axis',(0.,0.,1.));
#3377=DIRECTION('ref_axis',(1.,0.,0.));
#3378=DIRECTION('center_axis',(0.,-1.,0.));
#3379=DIRECTION('ref_axis',(-1.,0.,0.));
#3380=DIRECTION('center_axis',(0.,-1.,0.));
#3381=DIRECTION('ref_axis',(0.,0.,-1.));
#3382=DIRECTION('center_axis',(0.,-1.,0.));
#3383=DIRECTION('ref_axis',(0.,0.,-1.));
#3384=DIRECTION('',(0.,-1.,0.));
#3385=DIRECTION('center_axis',(0.,-1.,0.));
#3386=DIRECTION('ref_axis',(0.,0.,-1.));
#3387=DIRECTION('center_axis',(0.,-1.,0.));
#3388=DIRECTION('ref_axis',(0.,0.,-1.));
#3389=DIRECTION('center_axis',(0.,-1.,0.));
#3390=DIRECTION('ref_axis',(0.,0.,-1.));
#3391=DIRECTION('',(0.,-1.,0.));
#3392=DIRECTION('center_axis',(0.,-1.,0.));
#3393=DIRECTION('ref_axis',(0.,0.,-1.));
#3394=DIRECTION('center_axis',(0.,-1.,0.));
#3395=DIRECTION('ref_axis',(0.,0.,-1.));
#3396=DIRECTION('center_axis',(0.,-1.,0.));
#3397=DIRECTION('ref_axis',(0.,0.,-1.));
#3398=DIRECTION('',(0.,-1.,0.));
#3399=DIRECTION('center_axis',(0.,-1.,0.));
#3400=DIRECTION('ref_axis',(0.,0.,-1.));
#3401=DIRECTION('center_axis',(0.,-1.,0.));
#3402=DIRECTION('ref_axis',(0.,0.,-1.));
#3403=DIRECTION('',(0.,-1.,0.));
#3404=DIRECTION('',(0.,-1.,0.));
#3405=DIRECTION('center_axis',(0.,0.,1.));
#3406=DIRECTION('ref_axis',(1.,0.,0.));
#3407=DIRECTION('',(0.,-1.,0.));
#3408=DIRECTION('center_axis',(0.,-1.,0.));
#3409=DIRECTION('ref_axis',(0.,0.,-1.));
#3410=DIRECTION('',(0.,-1.,0.));
#3411=DIRECTION('center_axis',(0.,0.,-1.));
#3412=DIRECTION('ref_axis',(-1.,0.,0.));
#3413=DIRECTION('center_axis',(0.,-1.,0.));
#3414=DIRECTION('ref_axis',(0.,0.,-1.));
#3415=DIRECTION('center_axis',(0.,-1.,0.));
#3416=DIRECTION('ref_axis',(0.,0.,-1.));
#3417=DIRECTION('',(0.,-1.,0.));
#3418=DIRECTION('center_axis',(0.,-1.,0.));
#3419=DIRECTION('ref_axis',(0.,0.,-1.));
#3420=DIRECTION('center_axis',(0.,-1.,0.));
#3421=DIRECTION('ref_axis',(0.,0.,-1.));
#3422=DIRECTION('center_axis',(0.,-1.,0.));
#3423=DIRECTION('ref_axis',(0.,0.,-1.));
#3424=DIRECTION('',(0.,-1.,0.));
#3425=DIRECTION('center_axis',(0.,-1.,0.));
#3426=DIRECTION('ref_axis',(0.,0.,-1.));
#3427=DIRECTION('center_axis',(0.,-1.,0.));
#3428=DIRECTION('ref_axis',(0.,0.,-1.));
#3429=DIRECTION('center_axis',(0.,-1.,0.));
#3430=DIRECTION('ref_axis',(0.,0.,-1.));
#3431=DIRECTION('',(0.,-1.,0.));
#3432=DIRECTION('center_axis',(0.,-1.,0.));
#3433=DIRECTION('ref_axis',(0.,0.,-1.));
#3434=DIRECTION('center_axis',(0.,-1.,0.));
#3435=DIRECTION('ref_axis',(0.,0.,-1.));
#3436=DIRECTION('center_axis',(0.,-1.,0.));
#3437=DIRECTION('ref_axis',(0.,0.,-1.));
#3438=DIRECTION('',(0.,-1.,0.));
#3439=DIRECTION('center_axis',(0.,-1.,0.));
#3440=DIRECTION('ref_axis',(0.,0.,-1.));
#3441=DIRECTION('center_axis',(0.,-1.,0.));
#3442=DIRECTION('ref_axis',(0.,0.,-1.));
#3443=DIRECTION('center_axis',(0.,-1.,0.));
#3444=DIRECTION('ref_axis',(0.,0.,-1.));
#3445=DIRECTION('',(0.,-1.,0.));
#3446=DIRECTION('center_axis',(0.,-1.,0.));
#3447=DIRECTION('ref_axis',(0.,0.,-1.));
#3448=DIRECTION('center_axis',(0.,-1.,0.));
#3449=DIRECTION('ref_axis',(0.,0.,-1.));
#3450=DIRECTION('center_axis',(0.,-1.,0.));
#3451=DIRECTION('ref_axis',(1.,0.,0.));
#3452=DIRECTION('',(1.,0.,0.));
#3453=DIRECTION('center_axis',(0.,-1.,0.));
#3454=DIRECTION('ref_axis',(1.,0.,0.));
#3455=DIRECTION('',(-1.,0.,0.));
#3456=DIRECTION('',(1.,0.,0.));
#3457=DIRECTION('center_axis',(0.,-1.,0.));
#3458=DIRECTION('ref_axis',(0.,0.,-1.));
#3459=DIRECTION('',(-1.,0.,0.));
#3460=DIRECTION('center_axis',(0.,-1.,0.));
#3461=DIRECTION('ref_axis',(0.,0.,-1.));
#3462=DIRECTION('center_axis',(0.,1.,0.));
#3463=DIRECTION('ref_axis',(0.,0.,1.));
#3464=DIRECTION('',(0.,1.,0.));
#3465=DIRECTION('',(0.,1.,0.));
#3466=DIRECTION('center_axis',(0.,0.,1.));
#3467=DIRECTION('ref_axis',(1.,0.,0.));
#3468=DIRECTION('',(0.,1.,0.));
#3469=DIRECTION('center_axis',(0.,1.,0.));
#3470=DIRECTION('ref_axis',(0.,0.,1.));
#3471=DIRECTION('',(0.,1.,0.));
#3472=DIRECTION('center_axis',(0.,0.,-1.));
#3473=DIRECTION('ref_axis',(-1.,0.,0.));
#3474=DIRECTION('center_axis',(0.,1.,0.));
#3475=DIRECTION('ref_axis',(0.,0.,1.));
#3476=DIRECTION('center_axis',(0.,-1.,0.));
#3477=DIRECTION('ref_axis',(0.,0.,-1.));
#3478=DIRECTION('',(0.,1.,0.));
#3479=DIRECTION('',(0.,1.,0.));
#3480=DIRECTION('center_axis',(0.,0.,1.));
#3481=DIRECTION('ref_axis',(1.,0.,0.));
#3482=DIRECTION('',(1.,0.,0.));
#3483=DIRECTION('',(0.,1.,0.));
#3484=DIRECTION('center_axis',(0.,1.,0.));
#3485=DIRECTION('ref_axis',(0.,0.,1.));
#3486=DIRECTION('center_axis',(0.,-1.,0.));
#3487=DIRECTION('ref_axis',(0.,0.,-1.));
#3488=DIRECTION('',(0.,1.,0.));
#3489=DIRECTION('center_axis',(0.,0.,-1.));
#3490=DIRECTION('ref_axis',(-1.,0.,0.));
#3491=DIRECTION('',(-1.,0.,0.));
#3492=DIRECTION('center_axis',(0.,-1.,0.));
#3493=DIRECTION('ref_axis',(0.,0.,-1.));
#3494=DIRECTION('center_axis',(-1.,0.,0.));
#3495=DIRECTION('ref_axis',(0.,0.,1.));
#3496=DIRECTION('center_axis',(-1.,0.,0.));
#3497=DIRECTION('ref_axis',(0.,0.,1.));
#3498=DIRECTION('',(0.,1.,0.));
#3499=DIRECTION('center_axis',(-1.,0.,0.));
#3500=DIRECTION('ref_axis',(0.,0.,1.));
#3501=DIRECTION('',(0.,-1.,0.));
#3502=DIRECTION('center_axis',(0.,1.,0.));
#3503=DIRECTION('ref_axis',(0.,0.,1.));
#3504=DIRECTION('center_axis',(0.,1.,0.));
#3505=DIRECTION('ref_axis',(0.,0.,1.));
#3506=DIRECTION('center_axis',(0.,-1.,0.));
#3507=DIRECTION('ref_axis',(0.,0.,-1.));
#3508=DIRECTION('center_axis',(-1.,0.,0.));
#3509=DIRECTION('ref_axis',(0.,0.,1.));
#3510=DIRECTION('center_axis',(0.,1.,0.));
#3511=DIRECTION('ref_axis',(0.,0.,1.));
#3512=DIRECTION('center_axis',(-1.,0.,0.));
#3513=DIRECTION('ref_axis',(0.,0.,1.));
#3514=DIRECTION('center_axis',(0.,-1.,0.));
#3515=DIRECTION('ref_axis',(0.,0.,-1.));
#3516=DIRECTION('center_axis',(0.,-1.,0.));
#3517=DIRECTION('ref_axis',(0.,0.,-1.));
#3518=DIRECTION('center_axis',(-1.,0.,0.));
#3519=DIRECTION('ref_axis',(0.,0.,1.));
#3520=DIRECTION('',(-1.,0.,0.));
#3521=DIRECTION('center_axis',(-1.,0.,0.));
#3522=DIRECTION('ref_axis',(0.,0.,1.));
#3523=DIRECTION('',(-1.,0.,0.));
#3524=DIRECTION('center_axis',(0.,0.,-1.));
#3525=DIRECTION('ref_axis',(-1.,0.,0.));
#3526=DIRECTION('',(0.,-1.,0.));
#3527=DIRECTION('',(-1.,0.,0.));
#3528=DIRECTION('center_axis',(-1.,0.,0.));
#3529=DIRECTION('ref_axis',(0.,0.,1.));
#3530=DIRECTION('center_axis',(-1.,0.,0.));
#3531=DIRECTION('ref_axis',(0.,0.,1.));
#3532=DIRECTION('',(-1.,0.,0.));
#3533=DIRECTION('center_axis',(0.,0.,1.));
#3534=DIRECTION('ref_axis',(1.,0.,0.));
#3535=DIRECTION('',(0.,1.,0.));
#3536=DIRECTION('center_axis',(-1.,0.,0.));
#3537=DIRECTION('ref_axis',(0.,0.,1.));
#3538=DIRECTION('center_axis',(-1.,0.,0.));
#3539=DIRECTION('ref_axis',(0.,0.,1.));
#3540=DIRECTION('',(-1.,0.,0.));
#3541=DIRECTION('center_axis',(1.,0.,0.));
#3542=DIRECTION('ref_axis',(0.,0.,-1.));
#3543=DIRECTION('',(-1.,0.,0.));
#3544=DIRECTION('center_axis',(0.,0.,-1.));
#3545=DIRECTION('ref_axis',(-1.,0.,0.));
#3546=DIRECTION('',(-1.,0.,0.));
#3547=DIRECTION('',(0.,-1.,0.));
#3548=DIRECTION('center_axis',(-1.,0.,0.));
#3549=DIRECTION('ref_axis',(0.,0.,1.));
#3550=DIRECTION('',(-1.,0.,0.));
#3551=DIRECTION('center_axis',(1.,0.,0.));
#3552=DIRECTION('ref_axis',(0.,0.,-1.));
#3553=DIRECTION('center_axis',(0.,0.,1.));
#3554=DIRECTION('ref_axis',(1.,0.,0.));
#3555=DIRECTION('',(0.,1.,0.));
#3556=DIRECTION('center_axis',(1.,0.,0.));
#3557=DIRECTION('ref_axis',(0.,0.,-1.));
#3558=DIRECTION('center_axis',(-1.,0.,0.));
#3559=DIRECTION('ref_axis',(0.,0.,1.));
#3560=DIRECTION('',(-1.,0.,0.));
#3561=DIRECTION('center_axis',(1.,0.,0.));
#3562=DIRECTION('ref_axis',(0.,0.,-1.));
#3563=DIRECTION('',(-1.,0.,0.));
#3564=DIRECTION('center_axis',(0.,-1.82360651558883E-16,-1.));
#3565=DIRECTION('ref_axis',(-1.,0.,0.));
#3566=DIRECTION('',(-1.,0.,0.));
#3567=DIRECTION('',(0.,-1.,1.90981336905303E-16));
#3568=DIRECTION('center_axis',(-1.,0.,0.));
#3569=DIRECTION('ref_axis',(0.,0.,1.));
#3570=DIRECTION('',(-1.,0.,0.));
#3571=DIRECTION('center_axis',(1.,0.,0.));
#3572=DIRECTION('ref_axis',(0.,0.,-1.));
#3573=DIRECTION('center_axis',(0.,1.82360651558883E-16,1.));
#3574=DIRECTION('ref_axis',(1.,0.,0.));
#3575=DIRECTION('',(0.,1.,-1.90981336905303E-16));
#3576=DIRECTION('center_axis',(1.,0.,0.));
#3577=DIRECTION('ref_axis',(0.,0.,-1.));
#3578=DIRECTION('center_axis',(-1.,0.,0.));
#3579=DIRECTION('ref_axis',(0.,0.,1.));
#3580=DIRECTION('',(-1.,0.,0.));
#3581=DIRECTION('center_axis',(1.,0.,0.));
#3582=DIRECTION('ref_axis',(0.,0.,-1.));
#3583=DIRECTION('',(-1.,0.,0.));
#3584=DIRECTION('center_axis',(0.,1.65782410508075E-17,-1.));
#3585=DIRECTION('ref_axis',(-1.,0.,0.));
#3586=DIRECTION('',(-1.,0.,0.));
#3587=DIRECTION('',(0.,-1.,-2.12201485450336E-17));
#3588=DIRECTION('center_axis',(-1.,0.,0.));
#3589=DIRECTION('ref_axis',(0.,0.,1.));
#3590=DIRECTION('',(-1.,0.,0.));
#3591=DIRECTION('center_axis',(1.,0.,0.));
#3592=DIRECTION('ref_axis',(0.,0.,-1.));
#3593=DIRECTION('center_axis',(0.,-1.65782410508075E-17,1.));
#3594=DIRECTION('ref_axis',(1.,0.,0.));
#3595=DIRECTION('',(0.,1.,2.12201485450336E-17));
#3596=DIRECTION('center_axis',(1.,0.,0.));
#3597=DIRECTION('ref_axis',(0.,0.,-1.));
#3598=CARTESIAN_POINT('',(0.,0.,0.));
#3599=CARTESIAN_POINT('Origin',(35.75,-62.8,3.975));
#3600=CARTESIAN_POINT('',(35.75,-62.8,2.475));
#3601=CARTESIAN_POINT('',(35.75,-62.8,-2.475));
#3602=CARTESIAN_POINT('',(35.75,-62.8,2.475));
#3603=CARTESIAN_POINT('',(35.75,62.8,-2.475));
#3604=CARTESIAN_POINT('',(35.75,-62.8,-2.475));
#3605=CARTESIAN_POINT('',(35.75,62.8,2.475));
#3606=CARTESIAN_POINT('',(35.75,62.8,2.475));
#3607=CARTESIAN_POINT('',(35.75,-62.8,2.475));
#3608=CARTESIAN_POINT('',(35.75,51.472243098309,-1.20720152360158));
#3609=CARTESIAN_POINT('',(35.75,51.472243098309,1.20720152360158));
#3610=CARTESIAN_POINT('Origin',(35.75,51.472243098309,0.));
#3611=CARTESIAN_POINT('',(35.75,45.8217601902815,-1.20720152360158));
#3612=CARTESIAN_POINT('',(35.75,45.8217601902815,-1.20720152360158));
#3613=CARTESIAN_POINT('',(35.75,45.8217601902815,1.20720152360158));
#3614=CARTESIAN_POINT('Origin',(35.75,45.8217601902815,0.));
#3615=CARTESIAN_POINT('',(35.75,51.472243098309,1.20720152360158));
#3616=CARTESIAN_POINT('',(35.75,19.348201380449,-1.20720152360158));
#3617=CARTESIAN_POINT('',(35.75,19.348201380449,1.20720152360158));
#3618=CARTESIAN_POINT('Origin',(35.75,19.348201380449,2.16840434497101E-16));
#3619=CARTESIAN_POINT('',(35.75,6.26837983408905,-1.20720152360158));
#3620=CARTESIAN_POINT('',(35.75,6.26837983408905,-1.20720152360158));
#3621=CARTESIAN_POINT('',(35.75,6.26837983408905,1.20720152360158));
#3622=CARTESIAN_POINT('Origin',(35.75,6.26837983408905,-1.20370621524202E-32));
#3623=CARTESIAN_POINT('',(35.75,19.348201380449,1.20720152360158));
#3624=CARTESIAN_POINT('',(35.75,37.8692286900946,-1.31184009597246));
#3625=CARTESIAN_POINT('',(35.75,37.8692286900946,1.31184009597246));
#3626=CARTESIAN_POINT('Origin',(35.75,37.8692286900946,-2.25535715189569E-15));
#3627=CARTESIAN_POINT('',(35.75,24.7894071437347,-1.31184009597246));
#3628=CARTESIAN_POINT('',(35.75,24.7894071437347,-1.31184009597246));
#3629=CARTESIAN_POINT('',(35.75,24.7894071437347,1.31184009597246));
#3630=CARTESIAN_POINT('Origin',(35.75,24.7894071437347,2.16840434497101E-16));
#3631=CARTESIAN_POINT('',(35.75,37.8692286900946,1.31184009597246));
#3632=CARTESIAN_POINT('Origin',(-35.75,-62.8,3.975));
#3633=CARTESIAN_POINT('',(-35.75,62.8,2.475));
#3634=CARTESIAN_POINT('',(-35.75,62.8,-2.475));
#3635=CARTESIAN_POINT('',(-35.75,62.8,2.475));
#3636=CARTESIAN_POINT('',(-35.75,-62.8,-2.475));
#3637=CARTESIAN_POINT('',(-35.75,62.8,-2.475));
#3638=CARTESIAN_POINT('',(-35.75,-62.8,2.475));
#3639=CARTESIAN_POINT('',(-35.75,-62.8,2.475));
#3640=CARTESIAN_POINT('',(-35.75,62.8,2.475));
#3641=CARTESIAN_POINT('',(-35.75,26.9847265130772,1.03429290733215));
#3642=CARTESIAN_POINT('',(-35.75,26.9847265130772,-1.03429290733215));
#3643=CARTESIAN_POINT('Origin',(-35.75,26.9847265130772,0.));
#3644=CARTESIAN_POINT('',(-35.75,9.71936207188212,1.03429290733215));
#3645=CARTESIAN_POINT('',(-35.75,9.71936207188212,1.03429290733215));
#3646=CARTESIAN_POINT('',(-35.75,9.71936207188212,-1.03429290733215));
#3647=CARTESIAN_POINT('Origin',(-35.75,9.71936207188212,0.));
#3648=CARTESIAN_POINT('',(-35.75,26.9847265130772,-1.03429290733215));
#3649=CARTESIAN_POINT('',(-35.75,-44.2471278932915,1.45099186040845));
#3650=CARTESIAN_POINT('',(-35.75,-24.0518834257118,1.45099186040845));
#3651=CARTESIAN_POINT('',(-35.75,-44.2471278932915,1.45099186040845));
#3652=CARTESIAN_POINT('',(-35.75,-44.2471278932915,-1.45099186040845));
#3653=CARTESIAN_POINT('Origin',(-35.75,-44.2471278932915,0.));
#3654=CARTESIAN_POINT('',(-35.75,-24.0518834257118,-1.45099186040845));
#3655=CARTESIAN_POINT('',(-35.75,-24.0518834257118,-1.45099186040845));
#3656=CARTESIAN_POINT('Origin',(-35.75,-24.0518834257118,0.));
#3657=CARTESIAN_POINT('Origin',(-3.78482884112362,-73.8,0.));
#3658=CARTESIAN_POINT('',(-3.78482884112362,-73.8,1.36252848456796));
#3659=CARTESIAN_POINT('',(-3.78482884112362,-73.8,-1.36252848456796));
#3660=CARTESIAN_POINT('Origin',(-3.78482884112362,-73.8,0.));
#3661=CARTESIAN_POINT('',(5.60965703237966,-73.8,-1.36252848456796));
#3662=CARTESIAN_POINT('',(-3.78482884112362,-73.8,-1.36252848456796));
#3663=CARTESIAN_POINT('',(5.60965703237966,-73.8,1.36252848456796));
#3664=CARTESIAN_POINT('Origin',(5.60965703237966,-73.8,0.));
#3665=CARTESIAN_POINT('',(5.60965703237966,-73.8,1.36252848456796));
#3666=CARTESIAN_POINT('',(-3.78482884112362,-73.8,-0.562528484567957));
#3667=CARTESIAN_POINT('',(5.60965703237966,-73.8,-0.562528484567957));
#3668=CARTESIAN_POINT('',(-3.78482884112362,-73.8,-0.562528484567957));
#3669=CARTESIAN_POINT('',(-3.78482884112362,-73.8,0.562528484567957));
#3670=CARTESIAN_POINT('Origin',(-3.78482884112362,-73.8,0.));
#3671=CARTESIAN_POINT('',(5.60965703237966,-73.8,0.562528484567957));
#3672=CARTESIAN_POINT('',(5.60965703237966,-73.8,0.562528484567957));
#3673=CARTESIAN_POINT('Origin',(5.60965703237966,-73.8,0.));
#3674=CARTESIAN_POINT('Origin',(23.75,-62.8,-3.975));
#3675=CARTESIAN_POINT('',(-7.5,70.0704943867687,-3.975));
#3676=CARTESIAN_POINT('',(7.5,70.0704943867687,-3.975));
#3677=CARTESIAN_POINT('',(-7.5,70.0704943867687,-3.975));
#3678=CARTESIAN_POINT('',(7.5,64.0704943867687,-3.975));
#3679=CARTESIAN_POINT('Origin',(7.5,67.0704943867687,-3.975));
#3680=CARTESIAN_POINT('',(-7.5,64.0704943867688,-3.975));
#3681=CARTESIAN_POINT('',(7.5,64.0704943867687,-3.975));
#3682=CARTESIAN_POINT('Origin',(-7.5,67.0704943867687,-3.975));
#3683=CARTESIAN_POINT('',(-7.5,66.0704943867687,-3.975));
#3684=CARTESIAN_POINT('',(-7.5,68.0704943867687,-3.975));
#3685=CARTESIAN_POINT('Origin',(-7.5,67.0704943867687,-3.975));
#3686=CARTESIAN_POINT('',(2.5,66.0704943867687,-3.975));
#3687=CARTESIAN_POINT('',(2.5,66.0704943867687,-3.975));
#3688=CARTESIAN_POINT('',(2.5,68.0704943867688,-3.975));
#3689=CARTESIAN_POINT('Origin',(2.5,67.0704943867687,-3.975));
#3690=CARTESIAN_POINT('',(-7.5,68.0704943867687,-3.975));
#3691=CARTESIAN_POINT('',(8.83359510701662,67.0704943867687,-3.975));
#3692=CARTESIAN_POINT('Origin',(7.83359510701662,67.0704943867687,-3.975));
#3693=CARTESIAN_POINT('Origin',(23.75,-62.8,-3.975));
#3694=CARTESIAN_POINT('Origin',(23.75,-62.8,-3.975));
#3695=CARTESIAN_POINT('',(-23.75,73.05,-3.975));
#3696=CARTESIAN_POINT('',(23.75,73.05,-3.975));
#3697=CARTESIAN_POINT('',(-23.75,73.05,-3.975));
#3698=CARTESIAN_POINT('',(34.,62.8,-3.975));
#3699=CARTESIAN_POINT('Origin',(23.75,62.8,-3.975));
#3700=CARTESIAN_POINT('',(34.,-62.8,-3.975));
#3701=CARTESIAN_POINT('',(34.,62.8,-3.975));
#3702=CARTESIAN_POINT('',(23.75,-73.05,-3.975));
#3703=CARTESIAN_POINT('Origin',(23.75,-62.8,-3.975));
#3704=CARTESIAN_POINT('',(-23.75,-73.05,-3.975));
#3705=CARTESIAN_POINT('',(23.75,-73.05,-3.975));
#3706=CARTESIAN_POINT('',(-34.,-62.8,-3.975));
#3707=CARTESIAN_POINT('Origin',(-23.75,-62.8,-3.975));
#3708=CARTESIAN_POINT('',(-34.,62.8,-3.975));
#3709=CARTESIAN_POINT('',(-34.,-62.8,-3.975));
#3710=CARTESIAN_POINT('Origin',(-23.75,62.8,-3.975));
#3711=CARTESIAN_POINT('Origin',(23.75,-62.8,-3.975));
#3712=CARTESIAN_POINT('',(23.75,73.3,-3.975));
#3713=CARTESIAN_POINT('',(34.25,62.8,-3.975));
#3714=CARTESIAN_POINT('Origin',(23.75,62.8,-3.975));
#3715=CARTESIAN_POINT('',(34.25,-62.8,-3.975));
#3716=CARTESIAN_POINT('',(34.25,-62.8,-3.975));
#3717=CARTESIAN_POINT('',(23.75,-73.3,-3.975));
#3718=CARTESIAN_POINT('Origin',(23.75,-62.8,-3.975));
#3719=CARTESIAN_POINT('',(-23.75,-73.3,-3.975));
#3720=CARTESIAN_POINT('',(-23.75,-73.3,-3.975));
#3721=CARTESIAN_POINT('',(-34.25,-62.8,-3.975));
#3722=CARTESIAN_POINT('Origin',(-23.75,-62.8,-3.975));
#3723=CARTESIAN_POINT('',(-34.25,62.8,-3.975));
#3724=CARTESIAN_POINT('',(-34.25,62.8,-3.975));
#3725=CARTESIAN_POINT('',(-23.75,73.3,-3.975));
#3726=CARTESIAN_POINT('Origin',(-23.75,62.8,-3.975));
#3727=CARTESIAN_POINT('',(23.75,73.3,-3.975));
#3728=CARTESIAN_POINT('Origin',(23.75,-62.8,3.975));
#3729=CARTESIAN_POINT('',(31.4,-61.3,3.97500000000001));
#3730=CARTESIAN_POINT('',(31.4,19.3,3.97500000000001));
#3731=CARTESIAN_POINT('',(31.4,-61.3,3.97500000000001));
#3732=CARTESIAN_POINT('',(21.5,29.2,3.97500000000001));
#3733=CARTESIAN_POINT('Origin',(21.5,19.3,3.97500000000001));
#3734=CARTESIAN_POINT('',(-21.5,29.2,3.97500000000001));
#3735=CARTESIAN_POINT('',(21.5,29.2,3.97500000000001));
#3736=CARTESIAN_POINT('',(-31.4,19.3,3.97500000000001));
#3737=CARTESIAN_POINT('Origin',(-21.5,19.3,3.97500000000001));
#3738=CARTESIAN_POINT('',(-31.4,-61.3,3.97500000000001));
#3739=CARTESIAN_POINT('',(-31.4,19.3,3.97500000000001));
#3740=CARTESIAN_POINT('',(-21.5,-71.2,3.97500000000001));
#3741=CARTESIAN_POINT('Origin',(-21.5,-61.3,3.97500000000001));
#3742=CARTESIAN_POINT('',(21.5,-71.2,3.97500000000001));
#3743=CARTESIAN_POINT('',(-21.5,-71.2,3.97500000000001));
#3744=CARTESIAN_POINT('Origin',(21.5,-61.3,3.97500000000001));
#3745=CARTESIAN_POINT('',(6.07153216591882E-15,-15.,3.975));
#3746=CARTESIAN_POINT('',(4.04930830204622,-10.0029812442834,3.975));
#3747=CARTESIAN_POINT('Origin',(4.75301647829692,-14.7124049218291,3.975));
#3748=CARTESIAN_POINT('Origin',(-0.703708176250699,-10.2905763224543,3.975));
#3749=CARTESIAN_POINT('',(-8.71480579785086,-21.6430278481859,3.975));
#3750=CARTESIAN_POINT('',(-1.30104260698261E-15,-17.2064761381227,3.975));
#3751=CARTESIAN_POINT('Origin',(-3.40384604825678,-21.2978424728478,3.975));
#3752=CARTESIAN_POINT('',(7.46923405866744,-17.863011075244,3.975));
#3753=CARTESIAN_POINT('Origin',(3.40384604825678,-21.2978424728478,3.975));
#3754=CARTESIAN_POINT('',(7.53795656480565,-25.7414298015883,3.975));
#3755=CARTESIAN_POINT('Origin',(8.8654290549899,-21.7903413252298,3.975));
#3756=CARTESIAN_POINT('',(4.50746870377816,-29.1634361656161,3.975));
#3757=CARTESIAN_POINT('Origin',(-1.27003381600716,-20.9940640502465,3.975));
#3758=CARTESIAN_POINT('',(1.32930087416374,-28.9679000229681,3.975));
#3759=CARTESIAN_POINT('Origin',(3.04003070708095,-27.0884830158427,3.975));
#3760=CARTESIAN_POINT('',(-1.32930087416373,-28.9679000229681,3.975));
#3761=CARTESIAN_POINT('Origin',(0.,-30.4282771219223,3.975));
#3762=CARTESIAN_POINT('',(-4.50746870377815,-29.1634361656161,3.975));
#3763=CARTESIAN_POINT('Origin',(-3.04003070708093,-27.0884830158427,3.975));
#3764=CARTESIAN_POINT('Origin',(1.27003381600717,-20.9940640502465,3.975));
#3765=CARTESIAN_POINT('Origin',(23.75,-62.8,3.975));
#3766=CARTESIAN_POINT('Origin',(21.5,19.3,3.925));
#3767=CARTESIAN_POINT('',(31.5,19.3,3.925));
#3768=CARTESIAN_POINT('',(21.5,29.3,3.925));
#3769=CARTESIAN_POINT('Origin',(21.5,19.3,3.925));
#3770=CARTESIAN_POINT('',(-21.5,29.3,3.925));
#3771=CARTESIAN_POINT('',(21.5,29.3,3.925));
#3772=CARTESIAN_POINT('',(-31.5,19.3,3.925));
#3773=CARTESIAN_POINT('Origin',(-21.5,19.3,3.925));
#3774=CARTESIAN_POINT('',(-31.5,-61.3,3.925));
#3775=CARTESIAN_POINT('',(-31.5,19.3,3.925));
#3776=CARTESIAN_POINT('',(-21.5,-71.3,3.925));
#3777=CARTESIAN_POINT('Origin',(-21.5,-61.3,3.925));
#3778=CARTESIAN_POINT('',(21.5,-71.3,3.925));
#3779=CARTESIAN_POINT('',(-21.5,-71.3,3.925));
#3780=CARTESIAN_POINT('',(31.5,-61.3,3.925));
#3781=CARTESIAN_POINT('Origin',(21.5,-61.3,3.925));
#3782=CARTESIAN_POINT('',(31.5,-61.3,3.925));
#3783=CARTESIAN_POINT('',(31.4,19.3,3.925));
#3784=CARTESIAN_POINT('',(21.5,29.2,3.925));
#3785=CARTESIAN_POINT('Origin',(21.5,19.3,3.925));
#3786=CARTESIAN_POINT('',(31.4,-61.3,3.925));
#3787=CARTESIAN_POINT('',(31.4,-61.3,3.925));
#3788=CARTESIAN_POINT('',(21.5,-71.2,3.925));
#3789=CARTESIAN_POINT('Origin',(21.5,-61.3,3.925));
#3790=CARTESIAN_POINT('',(-21.5,-71.2,3.925));
#3791=CARTESIAN_POINT('',(-21.5,-71.2,3.925));
#3792=CARTESIAN_POINT('',(-31.4,-61.3,3.925));
#3793=CARTESIAN_POINT('Origin',(-21.5,-61.3,3.925));
#3794=CARTESIAN_POINT('',(-31.4,19.3,3.925));
#3795=CARTESIAN_POINT('',(-31.4,19.3,3.925));
#3796=CARTESIAN_POINT('',(-21.5,29.2,3.925));
#3797=CARTESIAN_POINT('Origin',(-21.5,19.3,3.925));
#3798=CARTESIAN_POINT('',(21.5,29.2,3.925));
#3799=CARTESIAN_POINT('Origin',(23.75,-62.8,3.975));
#3800=CARTESIAN_POINT('',(-34.25,-62.8,3.975));
#3801=CARTESIAN_POINT('',(-23.75,-73.3,3.975));
#3802=CARTESIAN_POINT('Origin',(-23.75,-62.8,3.975));
#3803=CARTESIAN_POINT('',(23.75,-73.3,3.975));
#3804=CARTESIAN_POINT('',(-23.75,-73.3,3.975));
#3805=CARTESIAN_POINT('',(34.25,-62.8,3.975));
#3806=CARTESIAN_POINT('Origin',(23.75,-62.8,3.975));
#3807=CARTESIAN_POINT('',(34.25,62.8,3.975));
#3808=CARTESIAN_POINT('',(34.25,-62.8,3.975));
#3809=CARTESIAN_POINT('',(23.75,73.3,3.975));
#3810=CARTESIAN_POINT('Origin',(23.75,62.8,3.975));
#3811=CARTESIAN_POINT('',(-23.75,73.3,3.975));
#3812=CARTESIAN_POINT('',(23.75,73.3,3.975));
#3813=CARTESIAN_POINT('',(-34.25,62.8,3.975));
#3814=CARTESIAN_POINT('Origin',(-23.75,62.8,3.975));
#3815=CARTESIAN_POINT('',(-34.25,62.8,3.975));
#3816=CARTESIAN_POINT('',(31.5,19.3,3.975));
#3817=CARTESIAN_POINT('',(21.5,29.3,3.975));
#3818=CARTESIAN_POINT('Origin',(21.5,19.3,3.975));
#3819=CARTESIAN_POINT('',(31.5,-61.3,3.975));
#3820=CARTESIAN_POINT('',(31.5,-61.3,3.975));
#3821=CARTESIAN_POINT('',(21.5,-71.3,3.975));
#3822=CARTESIAN_POINT('Origin',(21.5,-61.3,3.975));
#3823=CARTESIAN_POINT('',(-21.5,-71.3,3.975));
#3824=CARTESIAN_POINT('',(-21.5,-71.3,3.975));
#3825=CARTESIAN_POINT('',(-31.5,-61.3,3.975));
#3826=CARTESIAN_POINT('Origin',(-21.5,-61.3,3.975));
#3827=CARTESIAN_POINT('',(-31.5,19.3,3.975));
#3828=CARTESIAN_POINT('',(-31.5,19.3,3.975));
#3829=CARTESIAN_POINT('',(-21.5,29.3,3.975));
#3830=CARTESIAN_POINT('Origin',(-21.5,19.3,3.975));
#3831=CARTESIAN_POINT('',(21.5,29.3,3.975));
#3832=CARTESIAN_POINT('',(32.5,44.3,3.975));
#3833=CARTESIAN_POINT('',(21.5,33.3,3.975));
#3834=CARTESIAN_POINT('Origin',(21.5,44.3,3.975));
#3835=CARTESIAN_POINT('',(-21.5,33.3,3.975));
#3836=CARTESIAN_POINT('',(-21.5,33.3,3.975));
#3837=CARTESIAN_POINT('',(-32.5,44.3,3.975));
#3838=CARTESIAN_POINT('Origin',(-21.5,44.3,3.975));
#3839=CARTESIAN_POINT('',(-32.5,59.3,3.975));
#3840=CARTESIAN_POINT('',(-32.5,59.3,3.975));
#3841=CARTESIAN_POINT('',(-21.5,70.3,3.975));
#3842=CARTESIAN_POINT('Origin',(-21.5,59.3,3.975));
#3843=CARTESIAN_POINT('',(21.5,70.3,3.975));
#3844=CARTESIAN_POINT('',(21.5,70.3,3.975));
#3845=CARTESIAN_POINT('',(32.5,59.3,3.975));
#3846=CARTESIAN_POINT('Origin',(21.5,59.3,3.975));
#3847=CARTESIAN_POINT('',(32.5,44.3,3.975));
#3848=CARTESIAN_POINT('Origin',(23.75,-62.8,3.975));
#3849=CARTESIAN_POINT('',(23.75,-74.8,2.475));
#3850=CARTESIAN_POINT('',(23.75,-74.8,-2.475));
#3851=CARTESIAN_POINT('',(23.75,-74.8,2.475));
#3852=CARTESIAN_POINT('Origin',(23.75,-62.8,-2.475));
#3853=CARTESIAN_POINT('Origin',(23.75,-62.8,2.475));
#3854=CARTESIAN_POINT('Origin',(23.75,62.8,3.975));
#3855=CARTESIAN_POINT('',(23.75,74.8,-2.475));
#3856=CARTESIAN_POINT('Origin',(23.75,62.8,-2.475));
#3857=CARTESIAN_POINT('',(23.75,74.8,2.475));
#3858=CARTESIAN_POINT('',(23.75,74.8,2.475));
#3859=CARTESIAN_POINT('Origin',(23.75,62.8,2.475));
#3860=CARTESIAN_POINT('Origin',(-23.75,74.8,3.975));
#3861=CARTESIAN_POINT('',(-23.75,74.8,-2.475));
#3862=CARTESIAN_POINT('',(23.75,74.8,-2.475));
#3863=CARTESIAN_POINT('',(-23.75,74.8,2.475));
#3864=CARTESIAN_POINT('',(-23.75,74.8,2.475));
#3865=CARTESIAN_POINT('',(23.75,74.8,2.475));
#3866=CARTESIAN_POINT('Origin',(-23.75,62.8,3.975));
#3867=CARTESIAN_POINT('Origin',(-23.75,62.8,-2.475));
#3868=CARTESIAN_POINT('Origin',(-23.75,62.8,2.475));
#3869=CARTESIAN_POINT('Origin',(-23.75,-62.8,3.975));
#3870=CARTESIAN_POINT('',(-23.75,-74.8,-2.475));
#3871=CARTESIAN_POINT('Origin',(-23.75,-62.8,-2.475));
#3872=CARTESIAN_POINT('',(-23.75,-74.8,2.475));
#3873=CARTESIAN_POINT('',(-23.75,-74.8,2.475));
#3874=CARTESIAN_POINT('Origin',(-23.75,-62.8,2.475));
#3875=CARTESIAN_POINT('Origin',(-23.75,-74.8,3.975));
#3876=CARTESIAN_POINT('',(-23.75,-74.8,-2.475));
#3877=CARTESIAN_POINT('',(-23.75,-74.8,2.475));
#3878=CARTESIAN_POINT('',(-19.,-74.8,1.));
#3879=CARTESIAN_POINT('Origin',(-19.,-74.8,0.));
#3880=CARTESIAN_POINT('',(-16.5,-74.8,1.));
#3881=CARTESIAN_POINT('Origin',(-16.5,-74.8,0.));
#3882=CARTESIAN_POINT('',(-14.,-74.8,1.));
#3883=CARTESIAN_POINT('Origin',(-14.,-74.8,0.));
#3884=CARTESIAN_POINT('',(-11.5,-74.8,1.));
#3885=CARTESIAN_POINT('Origin',(-11.5,-74.8,0.));
#3886=CARTESIAN_POINT('',(-9.,-74.8,1.));
#3887=CARTESIAN_POINT('Origin',(-9.,-74.8,0.));
#3888=CARTESIAN_POINT('',(-3.78482884112362,-74.8,-1.36252848456796));
#3889=CARTESIAN_POINT('',(5.60965703237966,-74.8,-1.36252848456796));
#3890=CARTESIAN_POINT('',(-3.78482884112362,-74.8,-1.36252848456796));
#3891=CARTESIAN_POINT('',(-3.78482884112362,-74.8,1.36252848456796));
#3892=CARTESIAN_POINT('Origin',(-3.78482884112362,-74.8,0.));
#3893=CARTESIAN_POINT('',(5.60965703237966,-74.8,1.36252848456796));
#3894=CARTESIAN_POINT('',(5.60965703237966,-74.8,1.36252848456796));
#3895=CARTESIAN_POINT('Origin',(5.60965703237966,-74.8,0.));
#3896=CARTESIAN_POINT('',(11.6096570323797,-74.8,1.));
#3897=CARTESIAN_POINT('Origin',(11.6096570323797,-74.8,0.));
#3898=CARTESIAN_POINT('',(14.1096570323797,-74.8,1.));
#3899=CARTESIAN_POINT('Origin',(14.1096570323797,-74.8,0.));
#3900=CARTESIAN_POINT('',(16.6096570323797,-74.8,1.));
#3901=CARTESIAN_POINT('Origin',(16.6096570323797,-74.8,0.));
#3902=CARTESIAN_POINT('Origin',(23.75,-62.8,-3.975));
#3903=CARTESIAN_POINT('Origin',(-34.25,-62.8,-2.475));
#3904=CARTESIAN_POINT('Origin',(-34.25,62.8,-2.475));
#3905=CARTESIAN_POINT('Origin',(-34.25,-62.8,-2.475));
#3906=CARTESIAN_POINT('Origin',(-23.75,-62.8,-2.475));
#3907=CARTESIAN_POINT('Origin',(-23.75,-73.3,-2.475));
#3908=CARTESIAN_POINT('Origin',(-23.75,62.8,-2.475));
#3909=CARTESIAN_POINT('Origin',(-23.75,73.3,-2.475));
#3910=CARTESIAN_POINT('Origin',(-23.75,-73.3,-2.475));
#3911=CARTESIAN_POINT('Origin',(23.75,-73.3,-2.475));
#3912=CARTESIAN_POINT('Origin',(-23.75,73.3,-2.475));
#3913=CARTESIAN_POINT('Origin',(23.75,73.3,-2.475));
#3914=CARTESIAN_POINT('Origin',(23.75,-62.8,-2.475));
#3915=CARTESIAN_POINT('Origin',(34.25,-62.8,-2.475));
#3916=CARTESIAN_POINT('Origin',(23.75,62.8,-2.475));
#3917=CARTESIAN_POINT('Origin',(34.25,62.8,-2.475));
#3918=CARTESIAN_POINT('Origin',(34.25,-62.8,-2.475));
#3919=CARTESIAN_POINT('Origin',(23.75,73.3,2.475));
#3920=CARTESIAN_POINT('Origin',(23.75,73.3,2.475));
#3921=CARTESIAN_POINT('Origin',(-23.75,73.3,2.475));
#3922=CARTESIAN_POINT('Origin',(-23.75,62.8,2.475));
#3923=CARTESIAN_POINT('Origin',(-34.25,62.8,2.475));
#3924=CARTESIAN_POINT('Origin',(23.75,62.8,2.475));
#3925=CARTESIAN_POINT('Origin',(34.25,62.8,2.475));
#3926=CARTESIAN_POINT('Origin',(-34.25,-62.8,2.475));
#3927=CARTESIAN_POINT('Origin',(-34.25,-62.8,2.475));
#3928=CARTESIAN_POINT('Origin',(34.25,-62.8,2.475));
#3929=CARTESIAN_POINT('Origin',(34.25,-62.8,2.475));
#3930=CARTESIAN_POINT('Origin',(-23.75,-62.8,2.475));
#3931=CARTESIAN_POINT('Origin',(-23.75,-73.3,2.475));
#3932=CARTESIAN_POINT('Origin',(23.75,-62.8,2.475));
#3933=CARTESIAN_POINT('Origin',(23.75,-73.3,2.475));
#3934=CARTESIAN_POINT('Origin',(23.75,-73.3,2.475));
#3935=CARTESIAN_POINT('Origin',(21.5,44.3,6.975));
#3936=CARTESIAN_POINT('',(31.5,44.3,5.975));
#3937=CARTESIAN_POINT('',(31.5,44.3,4.975));
#3938=CARTESIAN_POINT('',(31.5,44.3,5.975));
#3939=CARTESIAN_POINT('',(21.5,34.3,5.975));
#3940=CARTESIAN_POINT('Origin',(21.5,44.3,5.975));
#3941=CARTESIAN_POINT('',(21.5,34.3,4.975));
#3942=CARTESIAN_POINT('',(21.5,34.3,5.975));
#3943=CARTESIAN_POINT('Origin',(21.5,44.3,4.975));
#3944=CARTESIAN_POINT('Origin',(31.5,44.3,6.975));
#3945=CARTESIAN_POINT('',(31.5,59.3,5.975));
#3946=CARTESIAN_POINT('',(31.5,59.3,4.975));
#3947=CARTESIAN_POINT('',(31.5,59.3,5.975));
#3948=CARTESIAN_POINT('',(31.5,44.3,5.975));
#3949=CARTESIAN_POINT('',(31.5,44.3,4.975));
#3950=CARTESIAN_POINT('Origin',(21.5,59.3,6.975));
#3951=CARTESIAN_POINT('',(21.5,69.3,5.975));
#3952=CARTESIAN_POINT('',(21.5,69.3,4.975));
#3953=CARTESIAN_POINT('',(21.5,69.3,5.975));
#3954=CARTESIAN_POINT('Origin',(21.5,59.3,5.975));
#3955=CARTESIAN_POINT('Origin',(21.5,59.3,4.975));
#3956=CARTESIAN_POINT('Origin',(21.5,69.3,6.975));
#3957=CARTESIAN_POINT('',(-21.5,69.3,5.975));
#3958=CARTESIAN_POINT('',(-21.5,69.3,4.975));
#3959=CARTESIAN_POINT('',(-21.5,69.3,5.975));
#3960=CARTESIAN_POINT('',(21.5,69.3,5.975));
#3961=CARTESIAN_POINT('',(21.5,69.3,4.975));
#3962=CARTESIAN_POINT('Origin',(-21.5,59.3,6.975));
#3963=CARTESIAN_POINT('',(-31.5,59.3,5.975));
#3964=CARTESIAN_POINT('',(-31.5,59.3,4.975));
#3965=CARTESIAN_POINT('',(-31.5,59.3,5.975));
#3966=CARTESIAN_POINT('Origin',(-21.5,59.3,5.975));
#3967=CARTESIAN_POINT('Origin',(-21.5,59.3,4.975));
#3968=CARTESIAN_POINT('Origin',(-31.5,59.3,6.975));
#3969=CARTESIAN_POINT('',(-31.5,44.3,5.975));
#3970=CARTESIAN_POINT('',(-31.5,44.3,4.975));
#3971=CARTESIAN_POINT('',(-31.5,44.3,5.975));
#3972=CARTESIAN_POINT('',(-31.5,59.3,5.975));
#3973=CARTESIAN_POINT('',(-31.5,59.3,4.975));
#3974=CARTESIAN_POINT('Origin',(-21.5,44.3,6.975));
#3975=CARTESIAN_POINT('',(-21.5,34.3,5.975));
#3976=CARTESIAN_POINT('',(-21.5,34.3,4.975));
#3977=CARTESIAN_POINT('',(-21.5,34.3,5.975));
#3978=CARTESIAN_POINT('Origin',(-21.5,44.3,5.975));
#3979=CARTESIAN_POINT('Origin',(-21.5,44.3,4.975));
#3980=CARTESIAN_POINT('Origin',(-21.5,34.3,6.975));
#3981=CARTESIAN_POINT('',(-21.5,34.3,5.975));
#3982=CARTESIAN_POINT('',(-21.5,34.3,4.975));
#3983=CARTESIAN_POINT('Origin',(21.5,44.3,6.975));
#3984=CARTESIAN_POINT('',(-30.5,44.3,6.975));
#3985=CARTESIAN_POINT('',(-21.5,35.3,6.975));
#3986=CARTESIAN_POINT('Origin',(-21.5,44.3,6.975));
#3987=CARTESIAN_POINT('',(21.5,35.3,6.975));
#3988=CARTESIAN_POINT('',(-21.5,35.3,6.975));
#3989=CARTESIAN_POINT('',(30.5,44.3,6.975));
#3990=CARTESIAN_POINT('Origin',(21.5,44.3,6.975));
#3991=CARTESIAN_POINT('',(30.5,59.3,6.975));
#3992=CARTESIAN_POINT('',(30.5,44.3,6.975));
#3993=CARTESIAN_POINT('',(21.5,68.3,6.975));
#3994=CARTESIAN_POINT('Origin',(21.5,59.3,6.975));
#3995=CARTESIAN_POINT('',(-21.5,68.3,6.975));
#3996=CARTESIAN_POINT('',(21.5,68.3,6.975));
#3997=CARTESIAN_POINT('',(-30.5,59.3,6.975));
#3998=CARTESIAN_POINT('Origin',(-21.5,59.3,6.975));
#3999=CARTESIAN_POINT('',(-30.5,59.3,6.975));
#4000=CARTESIAN_POINT('',(19.,59.3,6.975));
#4001=CARTESIAN_POINT('Origin',(21.5,59.3,6.975));
#4002=CARTESIAN_POINT('',(21.,51.8,6.975));
#4003=CARTESIAN_POINT('Origin',(21.5,51.8,6.975));
#4004=CARTESIAN_POINT('',(19.,44.3,6.975));
#4005=CARTESIAN_POINT('Origin',(21.5,44.3,6.975));
#4006=CARTESIAN_POINT('',(0.250000000000004,51.8,6.975));
#4007=CARTESIAN_POINT('Origin',(-6.5,51.8,6.975));
#4008=CARTESIAN_POINT('',(-14.75,44.3,6.975));
#4009=CARTESIAN_POINT('Origin',(-21.5,44.3,6.975));
#4010=CARTESIAN_POINT('',(-14.75,59.3,6.975));
#4011=CARTESIAN_POINT('Origin',(-21.5,59.3,6.975));
#4012=CARTESIAN_POINT('Origin',(21.5,70.3,4.975));
#4013=CARTESIAN_POINT('Origin',(21.5,70.3,4.975));
#4014=CARTESIAN_POINT('Origin',(-21.5,70.3,4.975));
#4015=CARTESIAN_POINT('Origin',(-21.5,59.3,4.975));
#4016=CARTESIAN_POINT('Origin',(-32.5,59.3,4.975));
#4017=CARTESIAN_POINT('Origin',(21.5,59.3,4.975));
#4018=CARTESIAN_POINT('Origin',(32.5,59.3,4.975));
#4019=CARTESIAN_POINT('Origin',(-32.5,59.3,4.975));
#4020=CARTESIAN_POINT('Origin',(-32.5,44.3,4.975));
#4021=CARTESIAN_POINT('Origin',(32.5,44.3,4.975));
#4022=CARTESIAN_POINT('Origin',(32.5,44.3,4.975));
#4023=CARTESIAN_POINT('Origin',(-21.5,44.3,4.975));
#4024=CARTESIAN_POINT('Origin',(-21.5,33.3,4.975));
#4025=CARTESIAN_POINT('Origin',(21.5,44.3,4.975));
#4026=CARTESIAN_POINT('Origin',(21.5,33.3,4.975));
#4027=CARTESIAN_POINT('Origin',(-21.5,33.3,4.975));
#4028=CARTESIAN_POINT('Origin',(21.5,68.3,5.975));
#4029=CARTESIAN_POINT('Origin',(21.5,68.3,5.975));
#4030=CARTESIAN_POINT('Origin',(-21.5,68.3,5.975));
#4031=CARTESIAN_POINT('Origin',(-21.5,59.3,5.975));
#4032=CARTESIAN_POINT('Origin',(-30.5,59.3,5.975));
#4033=CARTESIAN_POINT('Origin',(21.5,59.3,5.975));
#4034=CARTESIAN_POINT('Origin',(30.5,59.3,5.975));
#4035=CARTESIAN_POINT('Origin',(-30.5,44.3,5.975));
#4036=CARTESIAN_POINT('Origin',(-30.5,44.3,5.975));
#4037=CARTESIAN_POINT('Origin',(30.5,44.3,5.975));
#4038=CARTESIAN_POINT('Origin',(30.5,44.3,5.975));
#4039=CARTESIAN_POINT('Origin',(-21.5,44.3,5.975));
#4040=CARTESIAN_POINT('Origin',(-21.5,35.3,5.975));
#4041=CARTESIAN_POINT('Origin',(21.5,44.3,5.975));
#4042=CARTESIAN_POINT('Origin',(21.5,35.3,5.975));
#4043=CARTESIAN_POINT('Origin',(21.5,35.3,5.975));
#4044=CARTESIAN_POINT('Origin',(-21.5,59.3,7.975));
#4045=CARTESIAN_POINT('',(-14.75,59.3,7.725));
#4046=CARTESIAN_POINT('',(-14.75,59.3,7.975));
#4047=CARTESIAN_POINT('',(-28.25,59.3,7.725));
#4048=CARTESIAN_POINT('Origin',(-21.5,59.3,7.725));
#4049=CARTESIAN_POINT('Origin',(-21.5,59.3,7.725));
#4050=CARTESIAN_POINT('Origin',(-21.5,59.3,7.975));
#4051=CARTESIAN_POINT('',(-28.,59.3,7.975));
#4052=CARTESIAN_POINT('Origin',(-21.5,59.3,7.975));
#4053=CARTESIAN_POINT('Origin',(-21.5,44.3,7.975));
#4054=CARTESIAN_POINT('',(-14.75,44.3,7.725));
#4055=CARTESIAN_POINT('',(-14.75,44.3,7.975));
#4056=CARTESIAN_POINT('',(-28.25,44.3,7.725));
#4057=CARTESIAN_POINT('Origin',(-21.5,44.3,7.725));
#4058=CARTESIAN_POINT('Origin',(-21.5,44.3,7.725));
#4059=CARTESIAN_POINT('Origin',(-21.5,44.3,7.975));
#4060=CARTESIAN_POINT('',(-28.,44.3,7.975));
#4061=CARTESIAN_POINT('Origin',(-21.5,44.3,7.975));
#4062=CARTESIAN_POINT('Origin',(-6.5,51.8,7.975));
#4063=CARTESIAN_POINT('',(0.250000000000004,51.8,7.725));
#4064=CARTESIAN_POINT('',(0.250000000000004,51.8,7.975));
#4065=CARTESIAN_POINT('',(-13.25,51.8,7.725));
#4066=CARTESIAN_POINT('Origin',(-6.5,51.8,7.725));
#4067=CARTESIAN_POINT('Origin',(-6.5,51.8,7.725));
#4068=CARTESIAN_POINT('Origin',(-6.5,51.8,7.975));
#4069=CARTESIAN_POINT('',(-13.,51.8,7.975));
#4070=CARTESIAN_POINT('Origin',(-6.5,51.8,7.975));
#4071=CARTESIAN_POINT('Origin',(21.5,44.3,6.725));
#4072=CARTESIAN_POINT('',(19.,44.3,6.725));
#4073=CARTESIAN_POINT('Origin',(21.5,44.3,6.725));
#4074=CARTESIAN_POINT('',(19.,44.3,6.725));
#4075=CARTESIAN_POINT('Origin',(21.5,44.3,6.725));
#4076=CARTESIAN_POINT('',(23.9,44.3,6.725));
#4077=CARTESIAN_POINT('Origin',(21.5,44.3,6.725));
#4078=CARTESIAN_POINT('Origin',(21.5,51.8,6.725));
#4079=CARTESIAN_POINT('',(21.,51.8,6.725));
#4080=CARTESIAN_POINT('Origin',(21.5,51.8,6.725));
#4081=CARTESIAN_POINT('',(21.,51.8,6.725));
#4082=CARTESIAN_POINT('Origin',(21.5,51.8,6.725));
#4083=CARTESIAN_POINT('Origin',(21.5,59.3,6.725));
#4084=CARTESIAN_POINT('',(19.,59.3,6.725));
#4085=CARTESIAN_POINT('Origin',(21.5,59.3,6.725));
#4086=CARTESIAN_POINT('',(19.,59.3,6.725));
#4087=CARTESIAN_POINT('Origin',(21.5,59.3,6.725));
#4088=CARTESIAN_POINT('',(23.9,59.3,6.725));
#4089=CARTESIAN_POINT('Origin',(21.5,59.3,6.725));
#4090=CARTESIAN_POINT('Origin',(21.5,59.3,13.7632250993909));
#4091=CARTESIAN_POINT('',(23.9,59.3,6.975));
#4092=CARTESIAN_POINT('',(23.9,59.3,13.7632250993909));
#4093=CARTESIAN_POINT('Origin',(21.5,59.3,6.975));
#4094=CARTESIAN_POINT('Origin',(21.5,44.3,6.975));
#4095=CARTESIAN_POINT('Origin',(21.5,44.3,6.825));
#4096=CARTESIAN_POINT('',(23.9,44.3,6.825));
#4097=CARTESIAN_POINT('',(23.9,44.3,6.825));
#4098=CARTESIAN_POINT('Origin',(21.5,44.3,6.825));
#4099=CARTESIAN_POINT('Origin',(0.,0.,6.825));
#4100=CARTESIAN_POINT('Origin',(21.5,19.3,3.925));
#4101=CARTESIAN_POINT('',(21.5,29.3,3.925));
#4102=CARTESIAN_POINT('',(31.5,19.3,3.925));
#4103=CARTESIAN_POINT('Origin',(31.5,-61.3,3.925));
#4104=CARTESIAN_POINT('',(31.5,-61.3,3.925));
#4105=CARTESIAN_POINT('Origin',(21.5,-61.3,3.925));
#4106=CARTESIAN_POINT('',(21.5,-71.3,3.925));
#4107=CARTESIAN_POINT('Origin',(-21.5,-71.3,3.925));
#4108=CARTESIAN_POINT('',(-21.5,-71.3,3.925));
#4109=CARTESIAN_POINT('Origin',(-21.5,-61.3,3.925));
#4110=CARTESIAN_POINT('',(-31.5,-61.3,3.925));
#4111=CARTESIAN_POINT('Origin',(-31.5,19.3,3.925));
#4112=CARTESIAN_POINT('',(-31.5,19.3,3.925));
#4113=CARTESIAN_POINT('Origin',(-21.5,19.3,3.925));
#4114=CARTESIAN_POINT('',(-21.5,29.3,3.925));
#4115=CARTESIAN_POINT('Origin',(-21.5,29.3,3.925));
#4116=CARTESIAN_POINT('Origin',(21.5,19.3,122.3979707447));
#4117=CARTESIAN_POINT('',(31.4,19.3,3.97500000000001));
#4118=CARTESIAN_POINT('',(21.5,29.2,3.97500000000001));
#4119=CARTESIAN_POINT('Origin',(21.5,29.2,122.3979707447));
#4120=CARTESIAN_POINT('',(-21.5,29.2,3.97500000000001));
#4121=CARTESIAN_POINT('Origin',(-21.5,19.3,122.3979707447));
#4122=CARTESIAN_POINT('',(-31.4,19.3,3.97500000000001));
#4123=CARTESIAN_POINT('Origin',(-31.4,19.3,122.3979707447));
#4124=CARTESIAN_POINT('',(-31.4,-61.3,3.97500000000001));
#4125=CARTESIAN_POINT('Origin',(-21.5,-61.3,122.3979707447));
#4126=CARTESIAN_POINT('',(-21.5,-71.2,3.97500000000001));
#4127=CARTESIAN_POINT('Origin',(-21.5,-71.2,122.3979707447));
#4128=CARTESIAN_POINT('',(21.5,-71.2,3.97500000000001));
#4129=CARTESIAN_POINT('Origin',(21.5,-61.3,122.3979707447));
#4130=CARTESIAN_POINT('',(31.4,-61.3,3.97500000000001));
#4131=CARTESIAN_POINT('Origin',(31.4,-61.3,122.3979707447));
#4132=CARTESIAN_POINT('Origin',(23.75,-62.8,3.975));
#4133=CARTESIAN_POINT('Origin',(-21.5,44.3,7.725));
#4134=CARTESIAN_POINT('Origin',(-28.,44.3,7.725));
#4135=CARTESIAN_POINT('Origin',(-6.5,51.8,7.725));
#4136=CARTESIAN_POINT('Origin',(-13.,51.8,7.725));
#4137=CARTESIAN_POINT('Origin',(-21.5,59.3,7.725));
#4138=CARTESIAN_POINT('Origin',(-28.,59.3,7.725));
#4139=CARTESIAN_POINT('Origin',(16.6096570323797,-73.8,0.));
#4140=CARTESIAN_POINT('',(16.6096570323797,-73.8,1.));
#4141=CARTESIAN_POINT('Origin',(16.6096570323797,-73.8,0.));
#4142=CARTESIAN_POINT('',(16.6096570323797,-73.8,1.));
#4143=CARTESIAN_POINT('Origin',(16.6096570323797,-73.8,0.));
#4144=CARTESIAN_POINT('Origin',(14.1096570323797,-73.8,0.));
#4145=CARTESIAN_POINT('',(14.1096570323797,-73.8,1.));
#4146=CARTESIAN_POINT('Origin',(14.1096570323797,-73.8,0.));
#4147=CARTESIAN_POINT('',(14.1096570323797,-73.8,1.));
#4148=CARTESIAN_POINT('Origin',(14.1096570323797,-73.8,0.));
#4149=CARTESIAN_POINT('Origin',(11.6096570323797,-73.8,0.));
#4150=CARTESIAN_POINT('',(11.6096570323797,-73.8,1.));
#4151=CARTESIAN_POINT('Origin',(11.6096570323797,-73.8,0.));
#4152=CARTESIAN_POINT('',(11.6096570323797,-73.8,1.));
#4153=CARTESIAN_POINT('Origin',(11.6096570323797,-73.8,0.));
#4154=CARTESIAN_POINT('Origin',(-3.78482884112362,-73.8,0.));
#4155=CARTESIAN_POINT('',(-3.78482884112362,-73.8,-1.36252848456796));
#4156=CARTESIAN_POINT('',(-3.78482884112362,-73.8,1.36252848456796));
#4157=CARTESIAN_POINT('Origin',(-3.78482884112362,-73.8,1.36252848456796));
#4158=CARTESIAN_POINT('',(5.60965703237966,-73.8,1.36252848456796));
#4159=CARTESIAN_POINT('Origin',(5.60965703237966,-73.8,0.));
#4160=CARTESIAN_POINT('',(5.60965703237966,-73.8,-1.36252848456796));
#4161=CARTESIAN_POINT('Origin',(-3.78482884112362,-73.8,-1.36252848456796));
#4162=CARTESIAN_POINT('Origin',(-9.,-73.8,0.));
#4163=CARTESIAN_POINT('',(-9.,-73.8,1.));
#4164=CARTESIAN_POINT('Origin',(-9.,-73.8,0.));
#4165=CARTESIAN_POINT('',(-9.,-73.8,1.));
#4166=CARTESIAN_POINT('Origin',(-9.,-73.8,0.));
#4167=CARTESIAN_POINT('Origin',(-11.5,-73.8,0.));
#4168=CARTESIAN_POINT('',(-11.5,-73.8,1.));
#4169=CARTESIAN_POINT('Origin',(-11.5,-73.8,0.));
#4170=CARTESIAN_POINT('',(-11.5,-73.8,1.));
#4171=CARTESIAN_POINT('Origin',(-11.5,-73.8,0.));
#4172=CARTESIAN_POINT('Origin',(-14.,-73.8,0.));
#4173=CARTESIAN_POINT('',(-14.,-73.8,1.));
#4174=CARTESIAN_POINT('Origin',(-14.,-73.8,0.));
#4175=CARTESIAN_POINT('',(-14.,-73.8,1.));
#4176=CARTESIAN_POINT('Origin',(-14.,-73.8,0.));
#4177=CARTESIAN_POINT('Origin',(-16.5,-73.8,0.));
#4178=CARTESIAN_POINT('',(-16.5,-73.8,1.));
#4179=CARTESIAN_POINT('Origin',(-16.5,-73.8,0.));
#4180=CARTESIAN_POINT('',(-16.5,-73.8,1.));
#4181=CARTESIAN_POINT('Origin',(-16.5,-73.8,0.));
#4182=CARTESIAN_POINT('Origin',(-19.,-73.8,0.));
#4183=CARTESIAN_POINT('',(-19.,-73.8,1.));
#4184=CARTESIAN_POINT('Origin',(-19.,-73.8,0.));
#4185=CARTESIAN_POINT('',(-19.,-73.8,1.));
#4186=CARTESIAN_POINT('Origin',(-19.,-73.8,0.));
#4187=CARTESIAN_POINT('Origin',(-3.78482884112362,-74.8,0.));
#4188=CARTESIAN_POINT('',(-3.78482884112362,-74.8,0.562528484567957));
#4189=CARTESIAN_POINT('',(-3.78482884112362,-74.8,-0.562528484567957));
#4190=CARTESIAN_POINT('Origin',(-3.78482884112362,-74.8,0.));
#4191=CARTESIAN_POINT('',(5.60965703237966,-74.8,-0.562528484567957));
#4192=CARTESIAN_POINT('',(-3.78482884112362,-74.8,-0.562528484567957));
#4193=CARTESIAN_POINT('',(5.60965703237966,-74.8,0.562528484567957));
#4194=CARTESIAN_POINT('Origin',(5.60965703237966,-74.8,0.));
#4195=CARTESIAN_POINT('',(5.60965703237966,-74.8,0.562528484567957));
#4196=CARTESIAN_POINT('',(-3.78482884112362,-74.8,-0.362528484567957));
#4197=CARTESIAN_POINT('',(5.60965703237966,-74.8,-0.362528484567957));
#4198=CARTESIAN_POINT('',(-3.78482884112362,-74.8,-0.362528484567957));
#4199=CARTESIAN_POINT('',(-3.78482884112362,-74.8,0.362528484567957));
#4200=CARTESIAN_POINT('Origin',(-3.78482884112362,-74.8,0.));
#4201=CARTESIAN_POINT('',(5.60965703237966,-74.8,0.362528484567957));
#4202=CARTESIAN_POINT('',(5.60965703237966,-74.8,0.362528484567957));
#4203=CARTESIAN_POINT('Origin',(5.60965703237966,-74.8,0.));
#4204=CARTESIAN_POINT('Origin',(-3.78482884112362,-74.8,0.));
#4205=CARTESIAN_POINT('',(-3.78482884112362,-74.8,-0.562528484567957));
#4206=CARTESIAN_POINT('',(-3.78482884112362,-74.8,0.562528484567957));
#4207=CARTESIAN_POINT('Origin',(-3.78482884112362,-74.8,-0.562528484567957));
#4208=CARTESIAN_POINT('',(5.60965703237966,-74.8,-0.562528484567957));
#4209=CARTESIAN_POINT('Origin',(5.60965703237966,-74.8,0.));
#4210=CARTESIAN_POINT('',(5.60965703237966,-74.8,0.562528484567957));
#4211=CARTESIAN_POINT('Origin',(5.60965703237966,-74.8,0.562528484567957));
#4212=CARTESIAN_POINT('Origin',(-3.78482884112362,-74.8,0.));
#4213=CARTESIAN_POINT('',(-3.78482884112362,-73.8,0.362528484567957));
#4214=CARTESIAN_POINT('',(-3.78482884112362,-73.8,-0.362528484567957));
#4215=CARTESIAN_POINT('Origin',(-3.78482884112362,-73.8,0.));
#4216=CARTESIAN_POINT('',(-3.78482884112362,-74.8,0.362528484567957));
#4217=CARTESIAN_POINT('',(-3.78482884112362,-74.8,-0.362528484567957));
#4218=CARTESIAN_POINT('Origin',(-3.78482884112362,-74.8,-0.362528484567957));
#4219=CARTESIAN_POINT('',(5.60965703237966,-73.8,-0.362528484567957));
#4220=CARTESIAN_POINT('',(-3.78482884112362,-73.8,-0.362528484567957));
#4221=CARTESIAN_POINT('',(5.60965703237966,-74.8,-0.362528484567957));
#4222=CARTESIAN_POINT('Origin',(5.60965703237966,-74.8,0.));
#4223=CARTESIAN_POINT('',(5.60965703237966,-73.8,0.362528484567957));
#4224=CARTESIAN_POINT('Origin',(5.60965703237966,-73.8,0.));
#4225=CARTESIAN_POINT('',(5.60965703237966,-74.8,0.362528484567957));
#4226=CARTESIAN_POINT('Origin',(5.60965703237966,-74.8,0.362528484567957));
#4227=CARTESIAN_POINT('',(5.60965703237966,-73.8,0.362528484567957));
#4228=CARTESIAN_POINT('Origin',(-3.78482884112362,-73.8,0.));
#4229=CARTESIAN_POINT('Origin',(-36.25,26.9847265130772,0.));
#4230=CARTESIAN_POINT('',(-36.25,9.71936207188212,-0.534292907332146));
#4231=CARTESIAN_POINT('',(-36.25,9.71936207188212,0.534292907332146));
#4232=CARTESIAN_POINT('Origin',(-36.25,9.71936207188212,0.));
#4233=CARTESIAN_POINT('',(-36.25,26.9847265130772,0.534292907332146));
#4234=CARTESIAN_POINT('',(-36.25,9.71936207188212,0.534292907332146));
#4235=CARTESIAN_POINT('',(-36.25,26.9847265130772,-0.534292907332146));
#4236=CARTESIAN_POINT('Origin',(-36.25,26.9847265130772,0.));
#4237=CARTESIAN_POINT('',(-36.25,26.9847265130772,-0.534292907332146));
#4238=CARTESIAN_POINT('Origin',(-35.75,26.9847265130772,-0.534292907332146));
#4239=CARTESIAN_POINT('Origin',(-35.75,26.9847265130772,-0.534292907332146));
#4240=CARTESIAN_POINT('Origin',(-35.75,9.71936207188212,-0.534292907332146));
#4241=CARTESIAN_POINT('Origin',(-35.75,9.71936207188212,0.));
#4242=CARTESIAN_POINT('Origin',(-35.75,9.71936207188212,0.534292907332146));
#4243=CARTESIAN_POINT('Origin',(-35.75,26.9847265130772,0.));
#4244=CARTESIAN_POINT('Origin',(-35.75,26.9847265130772,0.534292907332146));
#4245=CARTESIAN_POINT('Origin',(-35.75,26.9847265130772,0.534292907332146));
#4246=CARTESIAN_POINT('Origin',(-35.25,-44.2471278932915,0.));
#4247=CARTESIAN_POINT('',(-35.25,-44.2471278932915,1.45099186040845));
#4248=CARTESIAN_POINT('',(-35.25,-44.2471278932915,1.45099186040845));
#4249=CARTESIAN_POINT('',(-35.25,-44.2471278932915,-1.45099186040845));
#4250=CARTESIAN_POINT('Origin',(-35.25,-44.2471278932915,0.));
#4251=CARTESIAN_POINT('',(-35.25,-44.2471278932915,-1.45099186040845));
#4252=CARTESIAN_POINT('Origin',(-35.25,-44.2471278932915,-1.45099186040845));
#4253=CARTESIAN_POINT('',(-35.25,-24.0518834257118,-1.45099186040845));
#4254=CARTESIAN_POINT('',(-35.25,-24.0518834257118,-1.45099186040845));
#4255=CARTESIAN_POINT('',(-35.25,-24.0518834257118,-1.45099186040845));
#4256=CARTESIAN_POINT('Origin',(-35.25,-24.0518834257118,0.));
#4257=CARTESIAN_POINT('',(-35.25,-24.0518834257118,1.45099186040845));
#4258=CARTESIAN_POINT('Origin',(-35.25,-24.0518834257118,0.));
#4259=CARTESIAN_POINT('',(-35.25,-24.0518834257118,1.45099186040845));
#4260=CARTESIAN_POINT('Origin',(-35.25,-44.2471278932915,1.45099186040845));
#4261=CARTESIAN_POINT('',(-35.25,-44.2471278932915,1.45099186040845));
#4262=CARTESIAN_POINT('Origin',(-35.25,-44.2471278932915,0.));
#4263=CARTESIAN_POINT('Origin',(36.25,51.472243098309,0.));
#4264=CARTESIAN_POINT('',(36.25,51.472243098309,1.20720152360158));
#4265=CARTESIAN_POINT('',(36.25,51.472243098309,1.20720152360158));
#4266=CARTESIAN_POINT('',(36.25,51.472243098309,-1.20720152360158));
#4267=CARTESIAN_POINT('Origin',(36.25,51.472243098309,0.));
#4268=CARTESIAN_POINT('',(36.25,51.472243098309,-1.20720152360158));
#4269=CARTESIAN_POINT('Origin',(36.25,51.472243098309,1.20720152360158));
#4270=CARTESIAN_POINT('',(36.25,45.8217601902815,1.20720152360158));
#4271=CARTESIAN_POINT('',(36.25,45.8217601902815,1.20720152360158));
#4272=CARTESIAN_POINT('',(36.25,51.472243098309,1.20720152360158));
#4273=CARTESIAN_POINT('Origin',(36.25,45.8217601902815,0.));
#4274=CARTESIAN_POINT('',(36.25,45.8217601902815,-1.20720152360158));
#4275=CARTESIAN_POINT('',(36.25,45.8217601902815,-1.20720152360158));
#4276=CARTESIAN_POINT('Origin',(36.25,45.8217601902815,0.));
#4277=CARTESIAN_POINT('Origin',(36.25,51.472243098309,-1.20720152360158));
#4278=CARTESIAN_POINT('',(36.25,45.8217601902815,-1.20720152360158));
#4279=CARTESIAN_POINT('Origin',(36.25,51.472243098309,0.));
#4280=CARTESIAN_POINT('Origin',(36.25,37.8692286900946,-2.25535715189569E-15));
#4281=CARTESIAN_POINT('',(36.25,37.8692286900946,1.31184009597246));
#4282=CARTESIAN_POINT('',(36.25,37.8692286900946,1.31184009597246));
#4283=CARTESIAN_POINT('',(36.25,37.8692286900946,-1.31184009597246));
#4284=CARTESIAN_POINT('Origin',(36.25,37.8692286900946,-2.25535715189569E-15));
#4285=CARTESIAN_POINT('',(36.25,37.8692286900946,-1.31184009597246));
#4286=CARTESIAN_POINT('Origin',(36.25,37.8692286900946,1.31184009597246));
#4287=CARTESIAN_POINT('',(36.25,24.7894071437347,1.31184009597246));
#4288=CARTESIAN_POINT('',(36.25,24.7894071437347,1.31184009597246));
#4289=CARTESIAN_POINT('',(36.25,37.8692286900946,1.31184009597246));
#4290=CARTESIAN_POINT('Origin',(36.25,24.7894071437347,2.16840434497101E-16));
#4291=CARTESIAN_POINT('',(36.25,24.7894071437347,-1.31184009597246));
#4292=CARTESIAN_POINT('',(36.25,24.7894071437347,-1.31184009597246));
#4293=CARTESIAN_POINT('Origin',(36.25,24.7894071437347,2.16840434497101E-16));
#4294=CARTESIAN_POINT('Origin',(36.25,37.8692286900946,-1.31184009597246));
#4295=CARTESIAN_POINT('',(36.25,24.7894071437347,-1.31184009597246));
#4296=CARTESIAN_POINT('Origin',(36.25,37.8692286900946,-2.25535715189569E-15));
#4297=CARTESIAN_POINT('Origin',(36.25,19.348201380449,2.16840434497101E-16));
#4298=CARTESIAN_POINT('',(36.25,19.348201380449,1.20720152360158));
#4299=CARTESIAN_POINT('',(36.25,19.348201380449,1.20720152360158));
#4300=CARTESIAN_POINT('',(36.25,19.348201380449,-1.20720152360158));
#4301=CARTESIAN_POINT('Origin',(36.25,19.348201380449,2.16840434497101E-16));
#4302=CARTESIAN_POINT('',(36.25,19.348201380449,-1.20720152360158));
#4303=CARTESIAN_POINT('Origin',(36.25,19.348201380449,1.20720152360158));
#4304=CARTESIAN_POINT('',(36.25,6.26837983408905,1.20720152360158));
#4305=CARTESIAN_POINT('',(36.25,6.26837983408905,1.20720152360158));
#4306=CARTESIAN_POINT('',(36.25,19.348201380449,1.20720152360158));
#4307=CARTESIAN_POINT('Origin',(36.25,6.26837983408905,-1.20370621524202E-32));
#4308=CARTESIAN_POINT('',(36.25,6.26837983408905,-1.20720152360158));
#4309=CARTESIAN_POINT('',(36.25,6.26837983408905,-1.20720152360158));
#4310=CARTESIAN_POINT('Origin',(36.25,6.26837983408905,-1.20370621524202E-32));
#4311=CARTESIAN_POINT('Origin',(36.25,19.348201380449,-1.20720152360158));
#4312=CARTESIAN_POINT('',(36.25,6.26837983408905,-1.20720152360158));
#4313=CARTESIAN_POINT('Origin',(36.25,19.348201380449,2.16840434497101E-16));
#4314=UNCERTAINTY_MEASURE_WITH_UNIT(LENGTH_MEASURE(0.01),#4318,
'DISTANCE_ACCURACY_VALUE',
'Maximum model space distance between geometric entities at asserted c
onnectivities');
#4315=UNCERTAINTY_MEASURE_WITH_UNIT(LENGTH_MEASURE(0.01),#4318,
'DISTANCE_ACCURACY_VALUE',
'Maximum model space distance between geometric entities at asserted c
onnectivities');
#4316=(
GEOMETRIC_REPRESENTATION_CONTEXT(3)
GLOBAL_UNCERTAINTY_ASSIGNED_CONTEXT((#4314))
GLOBAL_UNIT_ASSIGNED_CONTEXT((#4318,#4320,#4321))
REPRESENTATION_CONTEXT('','3D')
);
#4317=(
GEOMETRIC_REPRESENTATION_CONTEXT(3)
GLOBAL_UNCERTAINTY_ASSIGNED_CONTEXT((#4315))
GLOBAL_UNIT_ASSIGNED_CONTEXT((#4318,#4320,#4321))
REPRESENTATION_CONTEXT('','3D')
);
#4318=(
LENGTH_UNIT()
NAMED_UNIT(*)
SI_UNIT(.MILLI.,.METRE.)
);
#4319=(
LENGTH_UNIT()
NAMED_UNIT(*)
SI_UNIT($,.METRE.)
);
#4320=(
NAMED_UNIT(*)
PLANE_ANGLE_UNIT()
SI_UNIT($,.RADIAN.)
);
#4321=(
NAMED_UNIT(*)
SI_UNIT($,.STERADIAN.)
SOLID_ANGLE_UNIT()
);
#4322=SHAPE_DEFINITION_REPRESENTATION(#4323,#4324);
#4323=PRODUCT_DEFINITION_SHAPE('',$,#4326);
#4324=SHAPE_REPRESENTATION('',(#2453),#4316);
#4325=PRODUCT_DEFINITION_CONTEXT('part definition',#4330,'design');
#4326=PRODUCT_DEFINITION('iphone 17','iphone 17 v3',#4327,#4325);
#4327=PRODUCT_DEFINITION_FORMATION('',$,#4332);
#4328=PRODUCT_RELATED_PRODUCT_CATEGORY('iphone 17 v3','iphone 17 v3',(#4332));
#4329=APPLICATION_PROTOCOL_DEFINITION('international standard',
'automotive_design',2009,#4330);
#4330=APPLICATION_CONTEXT(
'Core Data for Automotive Mechanical Design Process');
#4331=PRODUCT_CONTEXT('part definition',#4330,'mechanical');
#4332=PRODUCT('iphone 17','iphone 17 v3',$,(#4331));
#4333=PRESENTATION_STYLE_ASSIGNMENT((#4336));
#4334=PRESENTATION_STYLE_ASSIGNMENT((#4337));
#4335=PRESENTATION_STYLE_ASSIGNMENT((#4338));
#4336=SURFACE_STYLE_USAGE(.BOTH.,#4339);
#4337=SURFACE_STYLE_USAGE(.BOTH.,#4340);
#4338=SURFACE_STYLE_USAGE(.BOTH.,#4341);
#4339=SURFACE_SIDE_STYLE('',(#4342));
#4340=SURFACE_SIDE_STYLE('',(#4343));
#4341=SURFACE_SIDE_STYLE('',(#4344));
#4342=SURFACE_STYLE_FILL_AREA(#4345);
#4343=SURFACE_STYLE_FILL_AREA(#4346);
#4344=SURFACE_STYLE_FILL_AREA(#4347);
#4345=FILL_AREA_STYLE('Steel - Satin',(#4348));
#4346=FILL_AREA_STYLE('Paint - Enamel Glossy (White)',(#4349));
#4347=FILL_AREA_STYLE('Paint - Enamel Glossy (Black)',(#4350));
#4348=FILL_AREA_STYLE_COLOUR('Steel - Satin',#4351);
#4349=FILL_AREA_STYLE_COLOUR('Paint - Enamel Glossy (White)',#4352);
#4350=FILL_AREA_STYLE_COLOUR('Paint - Enamel Glossy (Black)',#4353);
#4351=COLOUR_RGB('Steel - Satin',0.627450980392157,0.627450980392157,0.627450980392157);
#4352=COLOUR_RGB('Paint - Enamel Glossy (White)',0.964705882352941,0.964705882352941,
0.952941176470588);
#4353=COLOUR_RGB('Paint - Enamel Glossy (Black)',0.0980392156862745,0.0980392156862745,
0.0980392156862745);
ENDSEC;
END-ISO-10303-21;
